ts_ct,ts_utc,date,time_ct,day_of_week,waitlist_status,parties_ahead,wait_min_minutes,wait_max_minutes,wait_mid_minutes,party_size,source,source_collector,note
2026-08-14T14:29:43,2026-08-14T19:29:43.329Z,2026-08-14,14:29,Fri,EMPTY_CLOSED,0,5,15,0,2,api,local,
2026-08-14T14:30:00,2026-08-14T19:30:00.009Z,2026-08-14,14:30,Fri,EMPTY_CLOSED,0,5,15,0,2,api,local,
2026-08-14T14:31:00,2026-08-14T19:31:00.021Z,2026-08-14,14:31,Fri,EMPTY_CLOSED,0,5,15,0,2,api,local,
2026-08-14T15:26:08,2026-08-14T20:26:08.020Z,2026-08-14,15:26,Fri,ERROR,,,,,,none,local,no waitlist data in response or DOM
2026-08-14T15:27:00,2026-08-14T20:27:00.010Z,2026-08-14,15:27,Fri,EMPTY_CLOSED,0,5,15,0,2,api,local,
2026-08-14T15:28:00,2026-08-14T20:28:00.011Z,2026-08-14,15:28,Fri,EMPTY_CLOSED,0,5,15,0,2,api,local,
2026-08-14T15:29:00,2026-08-14T20:29:00.010Z,2026-08-14,15:29,Fri,ERROR,,,,,,none,local,no waitlist data in response or DOM
2026-08-14T16:23:55,2026-08-14T21:23:55.380Z,2026-08-14,16:23,Fri,ERROR,,,,,,none,cloud,no waitlist data in response or DOM | https://toast.app/r/oph-edina
2026-08-14T16:25:00,2026-08-14T21:25:00.002Z,2026-08-14,16:25,Fri,ERROR,,,,,,none,cloud,no waitlist data in response or DOM | https://toast.app/r/oph-edina
2026-08-14T16:26:00,2026-08-14T21:26:00.005Z,2026-08-14,16:26,Fri,ERROR,,,,,,none,cloud,no waitlist data in response or DOM | https://toast.app/r/oph-edina
2026-08-14T16:27:00,2026-08-14T21:27:00.005Z,2026-08-14,16:27,Fri,ERROR,,,,,,none,cloud,no waitlist data in response or DOM | https://toast.app/r/oph-edina
2026-08-14T16:28:00,2026-08-14T21:28:00.003Z,2026-08-14,16:28,Fri,ERROR,,,,,,none,cloud,no waitlist data in response or DOM | https://toast.app/r/oph-edina
2026-08-14T16:29:00,2026-08-14T21:29:00.005Z,2026-08-14,16:29,Fri,ERROR,,,,,,none,cloud,no waitlist data in response or DOM | https://toast.app/r/oph-edina
2026-08-14T16:30:00,2026-08-14T21:30:00.004Z,2026-08-14,16:30,Fri,ERROR,,,,,,none,cloud,no waitlist data in response or DOM | https://toast.app/r/oph-edina
2026-08-14T16:31:00,2026-08-14T21:31:00.004Z,2026-08-14,16:31,Fri,ERROR,,,,,,none,cloud,no waitlist data in response or DOM | https://toast.app/r/oph-edina
2026-08-14T16:32:00,2026-08-14T21:32:00.005Z,2026-08-14,16:32,Fri,ERROR,,,,,,none,cloud,no waitlist data in response or DOM | https://toast.app/r/oph-edina
2026-08-14T17:19:27,2026-08-14T22:19:27.797Z,2026-08-14,17:19,Fri,NO_MODULE,,,,,,dom,cloud,waitlist module absent
2026-08-15T06:00:11,2026-08-15T11:00:11.455Z,2026-08-15,06:00,Sat,NO_MODULE,,,,,,dom,cloud,waitlist module absent
2026-08-15T06:02:00,2026-08-15T11:02:00.003Z,2026-08-15,06:02,Sat,NO_MODULE,,,,,,dom,cloud,waitlist module absent
2026-08-15T06:03:00,2026-08-15T11:03:00.005Z,2026-08-15,06:03,Sat,NO_MODULE,,,,,,dom,cloud,waitlist module absent
2026-08-15T06:04:00,2026-08-15T11:04:00.005Z,2026-08-15,06:04,Sat,NO_MODULE,,,,,,dom,cloud,waitlist module absent
2026-08-15T06:05:00,2026-08-15T11:05:00.002Z,2026-08-15,06:05,Sat,NO_MODULE,,,,,,dom,cloud,waitlist module absent
2026-08-15T06:06:00,2026-08-15T11:06:00.005Z,2026-08-15,06:06,Sat,NO_MODULE,,,,,,dom,cloud,waitlist module absent
2026-08-15T06:07:00,2026-08-15T11:07:00.003Z,2026-08-15,06:07,Sat,NO_MODULE,,,,,,dom,cloud,waitlist module absent
2026-08-15T06:08:00,2026-08-15T11:08:00.004Z,2026-08-15,06:08,Sat,NO_MODULE,,,,,,dom,cloud,waitlist module absent
2026-08-15T06:09:00,2026-08-15T11:09:00.004Z,2026-08-15,06:09,Sat,NO_MODULE,,,,,,dom,cloud,waitlist module absent
2026-08-15T06:10:00,2026-08-15T11:10:00.004Z,2026-08-15,06:10,Sat,NO_MODULE,,,,,,dom,cloud,waitlist module absent
2026-08-15T06:11:00,2026-08-15T11:11:00.004Z,2026-08-15,06:11,Sat,NO_MODULE,,,,,,dom,cloud,waitlist module absent
2026-08-15T06:12:00,2026-08-15T11:12:00.003Z,2026-08-15,06:12,Sat,NO_MODULE,,,,,,dom,cloud,waitlist module absent
2026-08-15T06:13:00,2026-08-15T11:13:00.005Z,2026-08-15,06:13,Sat,NO_MODULE,,,,,,dom,cloud,waitlist module absent
2026-08-15T06:14:00,2026-08-15T11:14:00.006Z,2026-08-15,06:14,Sat,NO_MODULE,,,,,,dom,cloud,waitlist module absent
2026-08-15T06:15:00,2026-08-15T11:15:00.004Z,2026-08-15,06:15,Sat,NO_MODULE,,,,,,dom,cloud,waitlist module absent
2026-08-15T06:16:00,2026-08-15T11:16:00.006Z,2026-08-15,06:16,Sat,NO_MODULE,,,,,,dom,cloud,waitlist module absent
2026-08-15T06:17:00,2026-08-15T11:17:00.001Z,2026-08-15,06:17,Sat,NO_MODULE,,,,,,dom,cloud,waitlist module absent
2026-08-15T06:18:00,2026-08-15T11:18:00.004Z,2026-08-15,06:18,Sat,NO_MODULE,,,,,,dom,cloud,waitlist module absent
2026-08-15T06:19:00,2026-08-15T11:19:00.005Z,2026-08-15,06:19,Sat,NO_MODULE,,,,,,dom,cloud,waitlist module absent
2026-08-15T06:20:00,2026-08-15T11:20:00.003Z,2026-08-15,06:20,Sat,NO_MODULE,,,,,,dom,cloud,waitlist module absent
2026-08-15T06:21:00,2026-08-15T11:21:00.005Z,2026-08-15,06:21,Sat,NO_MODULE,,,,,,dom,cloud,waitlist module absent
2026-08-15T06:22:00,2026-08-15T11:22:00.004Z,2026-08-15,06:22,Sat,NO_MODULE,,,,,,dom,cloud,waitlist module absent
2026-08-15T06:23:00,2026-08-15T11:23:00.006Z,2026-08-15,06:23,Sat,NO_MODULE,,,,,,dom,cloud,waitlist module absent
2026-08-15T06:24:00,2026-08-15T11:24:00.004Z,2026-08-15,06:24,Sat,NO_MODULE,,,,,,dom,cloud,waitlist module absent
2026-08-15T06:25:00,2026-08-15T11:25:00.005Z,2026-08-15,06:25,Sat,NO_MODULE,,,,,,dom,cloud,waitlist module absent
2026-08-15T06:26:00,2026-08-15T11:26:00.005Z,2026-08-15,06:26,Sat,NO_MODULE,,,,,,dom,cloud,waitlist module absent
2026-08-15T06:27:00,2026-08-15T11:27:00.005Z,2026-08-15,06:27,Sat,NO_MODULE,,,,,,dom,cloud,waitlist module absent
2026-08-15T06:28:00,2026-08-15T11:28:00.005Z,2026-08-15,06:28,Sat,NO_MODULE,,,,,,dom,cloud,waitlist module absent
2026-08-15T06:29:00,2026-08-15T11:29:00.005Z,2026-08-15,06:29,Sat,NO_MODULE,,,,,,dom,cloud,waitlist module absent
2026-08-15T06:30:00,2026-08-15T11:30:00.005Z,2026-08-15,06:30,Sat,NO_MODULE,,,,,,dom,cloud,waitlist module absent
2026-08-15T06:31:00,2026-08-15T11:31:00.005Z,2026-08-15,06:31,Sat,NO_MODULE,,,,,,dom,cloud,waitlist module absent
2026-08-15T06:32:00,2026-08-15T11:32:00.004Z,2026-08-15,06:32,Sat,NO_MODULE,,,,,,dom,cloud,waitlist module absent
2026-08-15T06:33:00,2026-08-15T11:33:00.004Z,2026-08-15,06:33,Sat,NO_MODULE,,,,,,dom,cloud,waitlist module absent
2026-08-15T06:34:00,2026-08-15T11:34:00.005Z,2026-08-15,06:34,Sat,NO_MODULE,,,,,,dom,cloud,waitlist module absent
2026-08-15T06:35:00,2026-08-15T11:35:00.004Z,2026-08-15,06:35,Sat,NO_MODULE,,,,,,dom,cloud,waitlist module absent
2026-08-15T06:36:00,2026-08-15T11:36:00.005Z,2026-08-15,06:36,Sat,EMPTY_CLOSED,0,5,15,0,2,api,cloud,
2026-08-15T06:37:00,2026-08-15T11:37:00.026Z,2026-08-15,06:37,Sat,NO_MODULE,,,,,,dom,cloud,waitlist module absent
2026-08-15T06:38:00,2026-08-15T11:38:00.005Z,2026-08-15,06:38,Sat,EMPTY_CLOSED,0,5,15,0,2,api,cloud,
2026-08-15T06:39:00,2026-08-15T11:39:00.008Z,2026-08-15,06:39,Sat,NO_MODULE,,,,,,dom,cloud,waitlist module absent
2026-08-15T06:40:00,2026-08-15T11:40:00.005Z,2026-08-15,06:40,Sat,EMPTY_CLOSED,0,5,15,0,2,api,cloud,
2026-08-15T06:41:00,2026-08-15T11:41:00.028Z,2026-08-15,06:41,Sat,EMPTY_CLOSED,0,5,15,0,2,api,cloud,
2026-08-15T06:42:00,2026-08-15T11:42:00.015Z,2026-08-15,06:42,Sat,EMPTY_CLOSED,0,5,15,0,2,api,cloud,
2026-08-15T06:43:00,2026-08-15T11:43:00.025Z,2026-08-15,06:43,Sat,EMPTY_CLOSED,0,5,15,0,2,api,cloud,
2026-08-15T06:44:00,2026-08-15T11:44:00.028Z,2026-08-15,06:44,Sat,EMPTY_CLOSED,0,5,15,0,2,api,cloud,
2026-08-15T06:45:00,2026-08-15T11:45:00.005Z,2026-08-15,06:45,Sat,EMPTY_CLOSED,0,5,15,0,2,api,cloud,
2026-08-15T06:46:00,2026-08-15T11:46:00.024Z,2026-08-15,06:46,Sat,EMPTY_CLOSED,0,5,15,0,2,api,cloud,
2026-08-15T06:47:00,2026-08-15T11:47:00.028Z,2026-08-15,06:47,Sat,EMPTY_CLOSED,0,5,15,0,2,api,cloud,
2026-08-15T06:48:00,2026-08-15T11:48:00.019Z,2026-08-15,06:48,Sat,EMPTY_CLOSED,0,5,15,0,2,api,cloud,
2026-08-15T06:49:00,2026-08-15T11:49:00.019Z,2026-08-15,06:49,Sat,NO_MODULE,,,,,,dom,cloud,waitlist module absent
2026-08-15T06:50:00,2026-08-15T11:50:00.004Z,2026-08-15,06:50,Sat,EMPTY_CLOSED,0,5,15,0,2,api,cloud,
2026-08-15T06:51:00,2026-08-15T11:51:00.013Z,2026-08-15,06:51,Sat,EMPTY_CLOSED,0,5,15,0,2,api,cloud,
2026-08-15T06:52:00,2026-08-15T11:52:00.019Z,2026-08-15,06:52,Sat,EMPTY_CLOSED,0,5,15,0,2,api,cloud,
2026-08-15T06:53:00,2026-08-15T11:53:00.001Z,2026-08-15,06:53,Sat,EMPTY_CLOSED,0,5,15,0,2,api,cloud,
2026-08-15T06:54:00,2026-08-15T11:54:00.005Z,2026-08-15,06:54,Sat,EMPTY_CLOSED,0,5,15,0,2,api,cloud,
2026-08-15T06:55:00,2026-08-15T11:55:00.028Z,2026-08-15,06:55,Sat,EMPTY_CLOSED,0,5,15,0,2,api,cloud,
2026-08-15T06:56:00,2026-08-15T11:56:00.002Z,2026-08-15,06:56,Sat,EMPTY_CLOSED,0,5,15,0,2,api,cloud,
2026-08-15T06:57:00,2026-08-15T11:57:00.006Z,2026-08-15,06:57,Sat,EMPTY_CLOSED,0,5,15,0,2,api,cloud,
2026-08-15T06:58:00,2026-08-15T11:58:00.019Z,2026-08-15,06:58,Sat,EMPTY_CLOSED,0,5,15,0,2,api,cloud,
2026-08-15T06:59:00,2026-08-15T11:59:00.023Z,2026-08-15,06:59,Sat,EMPTY_CLOSED,0,5,15,0,2,api,cloud,
2026-08-15T07:00:00,2026-08-15T12:00:00.028Z,2026-08-15,07:00,Sat,EMPTY_CLOSED,0,5,15,0,2,api,cloud,
2026-08-15T07:01:00,2026-08-15T12:01:00.027Z,2026-08-15,07:01,Sat,EMPTY_CLOSED,0,5,15,0,2,api,cloud,
2026-08-15T07:02:00,2026-08-15T12:02:00.029Z,2026-08-15,07:02,Sat,EMPTY_CLOSED,0,5,15,0,2,api,cloud,
2026-08-15T07:03:00,2026-08-15T12:03:00.026Z,2026-08-15,07:03,Sat,EMPTY_CLOSED,0,5,15,0,2,api,cloud,
2026-08-15T07:04:00,2026-08-15T12:04:00.029Z,2026-08-15,07:04,Sat,EMPTY_CLOSED,0,5,15,0,2,api,cloud,
2026-08-15T07:05:00,2026-08-15T12:05:00.028Z,2026-08-15,07:05,Sat,EMPTY_CLOSED,0,5,15,0,2,api,cloud,
2026-08-15T07:06:00,2026-08-15T12:06:00.029Z,2026-08-15,07:06,Sat,EMPTY_CLOSED,0,5,15,0,2,api,cloud,
2026-08-15T07:07:00,2026-08-15T12:07:00.022Z,2026-08-15,07:07,Sat,EMPTY_CLOSED,0,5,15,0,2,api,cloud,
2026-08-15T07:08:00,2026-08-15T12:08:00.030Z,2026-08-15,07:08,Sat,EMPTY_CLOSED,0,5,15,0,2,api,cloud,
2026-08-15T07:09:00,2026-08-15T12:09:00.013Z,2026-08-15,07:09,Sat,EMPTY_CLOSED,0,5,15,0,2,api,cloud,
2026-08-15T07:10:00,2026-08-15T12:10:00.029Z,2026-08-15,07:10,Sat,EMPTY_CLOSED,0,5,15,0,2,api,cloud,
2026-08-15T07:11:00,2026-08-15T12:11:00.028Z,2026-08-15,07:11,Sat,EMPTY_CLOSED,0,5,15,0,2,api,cloud,
2026-08-15T07:12:00,2026-08-15T12:12:00.003Z,2026-08-15,07:12,Sat,EMPTY_CLOSED,0,5,15,0,2,api,cloud,
2026-08-15T07:13:00,2026-08-15T12:13:00.025Z,2026-08-15,07:13,Sat,EMPTY_CLOSED,0,5,15,0,2,api,cloud,
2026-08-15T07:14:00,2026-08-15T12:14:00.027Z,2026-08-15,07:14,Sat,EMPTY_CLOSED,0,5,15,0,2,api,cloud,
2026-08-15T07:15:00,2026-08-15T12:15:00.007Z,2026-08-15,07:15,Sat,EMPTY_CLOSED,0,5,15,0,2,api,cloud,
2026-08-15T07:16:00,2026-08-15T12:16:00.025Z,2026-08-15,07:16,Sat,EMPTY_CLOSED,0,5,15,0,2,api,cloud,
2026-08-15T07:17:00,2026-08-15T12:17:00.028Z,2026-08-15,07:17,Sat,EMPTY_CLOSED,0,5,15,0,2,api,cloud,
2026-08-15T07:18:00,2026-08-15T12:18:00.003Z,2026-08-15,07:18,Sat,EMPTY_CLOSED,0,5,15,0,2,api,cloud,
2026-08-15T07:19:00,2026-08-15T12:19:00.029Z,2026-08-15,07:19,Sat,EMPTY_CLOSED,0,5,15,0,2,api,cloud,
2026-08-15T07:20:00,2026-08-15T12:20:00.025Z,2026-08-15,07:20,Sat,EMPTY_CLOSED,0,5,15,0,2,api,cloud,
2026-08-15T07:21:00,2026-08-15T12:21:00.026Z,2026-08-15,07:21,Sat,EMPTY_CLOSED,0,5,15,0,2,api,cloud,
2026-08-15T07:22:00,2026-08-15T12:22:00.026Z,2026-08-15,07:22,Sat,EMPTY_CLOSED,0,5,15,0,2,api,cloud,
2026-08-15T07:23:00,2026-08-15T12:23:00.026Z,2026-08-15,07:23,Sat,EMPTY_CLOSED,0,5,15,0,2,api,cloud,
2026-08-15T07:24:00,2026-08-15T12:24:00.003Z,2026-08-15,07:24,Sat,EMPTY_CLOSED,0,5,15,0,2,api,cloud,
2026-08-15T07:25:00,2026-08-15T12:25:00.026Z,2026-08-15,07:25,Sat,EMPTY_CLOSED,0,5,15,0,2,api,cloud,
2026-08-15T07:26:00,2026-08-15T12:26:00.004Z,2026-08-15,07:26,Sat,EMPTY_CLOSED,0,5,15,0,2,api,cloud,
2026-08-15T07:27:00,2026-08-15T12:27:00.028Z,2026-08-15,07:27,Sat,EMPTY_CLOSED,0,5,15,0,2,api,cloud,
2026-08-15T07:28:00,2026-08-15T12:28:00.003Z,2026-08-15,07:28,Sat,EMPTY_CLOSED,0,5,15,0,2,api,cloud,
2026-08-15T07:29:00,2026-08-15T12:29:00.026Z,2026-08-15,07:29,Sat,EMPTY_CLOSED,0,5,15,0,2,api,cloud,
2026-08-15T07:30:00,2026-08-15T12:30:00.026Z,2026-08-15,07:30,Sat,EMPTY_CLOSED,0,5,15,0,2,api,cloud,
2026-08-15T07:31:00,2026-08-15T12:31:00.016Z,2026-08-15,07:31,Sat,EMPTY_CLOSED,0,5,15,0,2,api,cloud,
2026-08-15T07:32:00,2026-08-15T12:32:00.020Z,2026-08-15,07:32,Sat,EMPTY_CLOSED,0,5,15,0,2,api,cloud,
2026-08-15T07:33:00,2026-08-15T12:33:00.003Z,2026-08-15,07:33,Sat,EMPTY_CLOSED,0,5,15,0,2,api,cloud,
2026-08-15T07:34:00,2026-08-15T12:34:00.028Z,2026-08-15,07:34,Sat,EMPTY_CLOSED,0,5,15,0,2,api,cloud,
2026-08-15T07:35:00,2026-08-15T12:35:00.027Z,2026-08-15,07:35,Sat,EMPTY_CLOSED,0,5,15,0,2,api,cloud,
2026-08-15T07:36:00,2026-08-15T12:36:00.028Z,2026-08-15,07:36,Sat,EMPTY_CLOSED,0,5,15,0,2,api,cloud,
2026-08-15T07:37:00,2026-08-15T12:37:00.026Z,2026-08-15,07:37,Sat,EMPTY_CLOSED,0,5,15,0,2,api,cloud,
2026-08-15T07:38:00,2026-08-15T12:38:00.003Z,2026-08-15,07:38,Sat,EMPTY_CLOSED,0,5,15,0,2,api,cloud,
2026-08-15T07:39:00,2026-08-15T12:39:00.030Z,2026-08-15,07:39,Sat,EMPTY_CLOSED,0,5,15,0,2,api,cloud,
2026-08-15T07:40:00,2026-08-15T12:40:00.029Z,2026-08-15,07:40,Sat,EMPTY_CLOSED,0,5,15,0,2,api,cloud,
2026-08-15T07:41:00,2026-08-15T12:41:00.025Z,2026-08-15,07:41,Sat,EMPTY_CLOSED,0,5,15,0,2,api,cloud,
2026-08-15T07:42:00,2026-08-15T12:42:00.028Z,2026-08-15,07:42,Sat,EMPTY_CLOSED,0,5,15,0,2,api,cloud,
2026-08-15T07:43:00,2026-08-15T12:43:00.013Z,2026-08-15,07:43,Sat,EMPTY_CLOSED,0,5,15,0,2,api,cloud,
2026-08-15T07:44:00,2026-08-15T12:44:00.003Z,2026-08-15,07:44,Sat,EMPTY_CLOSED,0,5,15,0,2,api,cloud,
2026-08-15T07:45:00,2026-08-15T12:45:00.013Z,2026-08-15,07:45,Sat,EMPTY_CLOSED,0,5,15,0,2,api,cloud,
2026-08-15T07:46:00,2026-08-15T12:46:00.003Z,2026-08-15,07:46,Sat,EMPTY_CLOSED,0,5,15,0,2,api,cloud,
2026-08-15T07:47:00,2026-08-15T12:47:00.024Z,2026-08-15,07:47,Sat,EMPTY_CLOSED,0,5,15,0,2,api,cloud,
2026-08-15T07:48:00,2026-08-15T12:48:00.025Z,2026-08-15,07:48,Sat,EMPTY_CLOSED,0,5,15,0,2,api,cloud,
2026-08-15T07:49:00,2026-08-15T12:49:00.029Z,2026-08-15,07:49,Sat,EMPTY_CLOSED,0,5,15,0,2,api,cloud,
2026-08-15T07:50:00,2026-08-15T12:50:00.028Z,2026-08-15,07:50,Sat,EMPTY_CLOSED,0,5,15,0,2,api,cloud,
2026-08-15T07:51:00,2026-08-15T12:51:00.016Z,2026-08-15,07:51,Sat,EMPTY_CLOSED,0,5,15,0,2,api,cloud,
2026-08-15T07:52:00,2026-08-15T12:52:00.020Z,2026-08-15,07:52,Sat,EMPTY_CLOSED,0,5,15,0,2,api,cloud,
2026-08-15T07:53:00,2026-08-15T12:53:00.019Z,2026-08-15,07:53,Sat,EMPTY_CLOSED,0,5,15,0,2,api,cloud,
2026-08-15T07:54:00,2026-08-15T12:54:00.025Z,2026-08-15,07:54,Sat,EMPTY_CLOSED,0,5,15,0,2,api,cloud,
2026-08-15T07:55:00,2026-08-15T12:55:00.028Z,2026-08-15,07:55,Sat,EMPTY_CLOSED,0,5,15,0,2,api,cloud,
2026-08-15T07:56:00,2026-08-15T12:56:00.028Z,2026-08-15,07:56,Sat,EMPTY_CLOSED,0,5,15,0,2,api,cloud,
2026-08-15T07:57:00,2026-08-15T12:57:00.026Z,2026-08-15,07:57,Sat,EMPTY_CLOSED,0,5,15,0,2,api,cloud,
2026-08-15T07:58:00,2026-08-15T12:58:00.025Z,2026-08-15,07:58,Sat,EMPTY_CLOSED,0,5,15,0,2,api,cloud,
2026-08-15T07:59:00,2026-08-15T12:59:00.028Z,2026-08-15,07:59,Sat,EMPTY_CLOSED,0,5,15,0,2,api,cloud,
2026-08-15T08:00:00,2026-08-15T13:00:00.003Z,2026-08-15,08:00,Sat,EMPTY_CLOSED,0,5,15,0,2,api,cloud,
2026-08-15T08:01:00,2026-08-15T13:01:00.007Z,2026-08-15,08:01,Sat,EMPTY_CLOSED,0,5,15,0,2,api,cloud,
2026-08-15T08:02:00,2026-08-15T13:02:00.027Z,2026-08-15,08:02,Sat,EMPTY_CLOSED,0,5,15,0,2,api,cloud,
2026-08-15T08:03:00,2026-08-15T13:03:00.029Z,2026-08-15,08:03,Sat,EMPTY_CLOSED,0,5,15,0,2,api,cloud,
2026-08-15T08:04:00,2026-08-15T13:04:00.015Z,2026-08-15,08:04,Sat,EMPTY_CLOSED,0,5,15,0,2,api,cloud,
2026-08-15T08:05:00,2026-08-15T13:05:00.029Z,2026-08-15,08:05,Sat,EMPTY_CLOSED,0,5,15,0,2,api,cloud,
2026-08-15T08:06:00,2026-08-15T13:06:00.019Z,2026-08-15,08:06,Sat,EMPTY_CLOSED,0,5,15,0,2,api,cloud,
2026-08-15T08:07:00,2026-08-15T13:07:00.028Z,2026-08-15,08:07,Sat,EMPTY_CLOSED,0,5,15,0,2,api,cloud,
2026-08-15T08:08:00,2026-08-15T13:08:00.003Z,2026-08-15,08:08,Sat,EMPTY_CLOSED,0,5,15,0,2,api,cloud,
2026-08-15T08:09:00,2026-08-15T13:09:00.028Z,2026-08-15,08:09,Sat,EMPTY_CLOSED,0,5,15,0,2,api,cloud,
2026-08-15T08:10:00,2026-08-15T13:10:00.026Z,2026-08-15,08:10,Sat,EMPTY_CLOSED,0,5,15,0,2,api,cloud,
2026-08-15T08:11:00,2026-08-15T13:11:00.028Z,2026-08-15,08:11,Sat,EMPTY_CLOSED,0,5,15,0,2,api,cloud,
2026-08-15T08:12:00,2026-08-15T13:12:00.028Z,2026-08-15,08:12,Sat,EMPTY_CLOSED,0,5,15,0,2,api,cloud,
2026-08-15T08:13:00,2026-08-15T13:13:00.025Z,2026-08-15,08:13,Sat,EMPTY_CLOSED,0,5,15,0,2,api,cloud,
2026-08-15T08:14:00,2026-08-15T13:14:00.030Z,2026-08-15,08:14,Sat,EMPTY_CLOSED,0,5,15,0,2,api,cloud,
2026-08-15T08:15:00,2026-08-15T13:15:00.029Z,2026-08-15,08:15,Sat,EMPTY_CLOSED,0,5,15,0,2,api,cloud,
2026-08-15T08:16:00,2026-08-15T13:16:00.025Z,2026-08-15,08:16,Sat,EMPTY_CLOSED,0,5,15,0,2,api,cloud,
2026-08-15T08:17:00,2026-08-15T13:17:00.027Z,2026-08-15,08:17,Sat,EMPTY_CLOSED,0,5,15,0,2,api,cloud,
2026-08-15T08:18:00,2026-08-15T13:18:00.003Z,2026-08-15,08:18,Sat,EMPTY_CLOSED,0,5,15,0,2,api,cloud,
2026-08-15T08:19:00,2026-08-15T13:19:00.003Z,2026-08-15,08:19,Sat,EMPTY_CLOSED,0,5,15,0,2,api,cloud,
2026-08-15T08:20:00,2026-08-15T13:20:00.006Z,2026-08-15,08:20,Sat,EMPTY_CLOSED,0,5,15,0,2,api,cloud,
2026-08-15T08:21:00,2026-08-15T13:21:00.010Z,2026-08-15,08:21,Sat,EMPTY_CLOSED,0,5,15,0,2,api,cloud,
2026-08-15T08:22:00,2026-08-15T13:22:00.001Z,2026-08-15,08:22,Sat,EMPTY_CLOSED,0,5,15,0,2,api,cloud,
2026-08-15T08:23:00,2026-08-15T13:23:00.028Z,2026-08-15,08:23,Sat,EMPTY_CLOSED,0,5,15,0,2,api,cloud,
2026-08-15T08:24:00,2026-08-15T13:24:00.030Z,2026-08-15,08:24,Sat,EMPTY_CLOSED,0,5,15,0,2,api,cloud,
2026-08-15T08:25:00,2026-08-15T13:25:00.028Z,2026-08-15,08:25,Sat,OPEN,1,5,15,10.0,2,api,cloud,
2026-08-15T08:26:00,2026-08-15T13:26:00.019Z,2026-08-15,08:26,Sat,OPEN,1,5,15,10.0,2,api,cloud,
2026-08-15T08:27:00,2026-08-15T13:27:00.028Z,2026-08-15,08:27,Sat,OPEN,1,5,15,10.0,2,api,cloud,
2026-08-15T08:28:00,2026-08-15T13:28:00.015Z,2026-08-15,08:28,Sat,OPEN,1,5,15,10.0,2,api,cloud,
2026-08-15T08:29:00,2026-08-15T13:29:00.028Z,2026-08-15,08:29,Sat,OPEN,1,5,15,10.0,2,api,cloud,
2026-08-15T08:30:00,2026-08-15T13:30:00.029Z,2026-08-15,08:30,Sat,OPEN,1,5,15,10.0,2,api,cloud,
2026-08-15T08:31:00,2026-08-15T13:31:00.013Z,2026-08-15,08:31,Sat,OPEN,1,5,15,10.0,2,api,cloud,
2026-08-15T08:32:00,2026-08-15T13:32:00.019Z,2026-08-15,08:32,Sat,OPEN,1,5,15,10.0,2,api,cloud,
2026-08-15T08:33:00,2026-08-15T13:33:00.028Z,2026-08-15,08:33,Sat,OPEN,1,5,15,10.0,2,api,cloud,
2026-08-15T08:34:00,2026-08-15T13:34:00.005Z,2026-08-15,08:34,Sat,OPEN,2,10,20,15.0,2,api,cloud,
2026-08-15T08:35:00,2026-08-15T13:35:00.028Z,2026-08-15,08:35,Sat,OPEN,2,10,20,15.0,2,api,cloud,
2026-08-15T08:36:00,2026-08-15T13:36:00.028Z,2026-08-15,08:36,Sat,OPEN,2,10,20,15.0,2,api,cloud,
2026-08-15T08:37:00,2026-08-15T13:37:00.028Z,2026-08-15,08:37,Sat,OPEN,2,10,20,15.0,2,api,cloud,
2026-08-15T08:38:00,2026-08-15T13:38:00.028Z,2026-08-15,08:38,Sat,OPEN,3,10,20,15.0,2,api,cloud,
2026-08-15T08:39:00,2026-08-15T13:39:00.003Z,2026-08-15,08:39,Sat,OPEN,2,10,20,15.0,2,api,cloud,
2026-08-15T08:40:00,2026-08-15T13:40:00.028Z,2026-08-15,08:40,Sat,OPEN,2,10,20,15.0,2,api,cloud,
2026-08-15T08:41:00,2026-08-15T13:41:00.027Z,2026-08-15,08:41,Sat,OPEN,2,10,20,15.0,2,api,cloud,
2026-08-15T08:42:00,2026-08-15T13:42:00.028Z,2026-08-15,08:42,Sat,OPEN,2,10,20,15.0,2,api,cloud,
2026-08-15T08:43:00,2026-08-15T13:43:00.003Z,2026-08-15,08:43,Sat,OPEN,2,10,20,15.0,2,api,cloud,
2026-08-15T08:44:00,2026-08-15T13:44:00.006Z,2026-08-15,08:44,Sat,OPEN,2,10,20,15.0,2,api,cloud,
2026-08-15T08:45:00,2026-08-15T13:45:00.019Z,2026-08-15,08:45,Sat,OPEN,2,10,20,15.0,2,api,cloud,
2026-08-15T08:46:00,2026-08-15T13:46:00.014Z,2026-08-15,08:46,Sat,OPEN,2,10,20,15.0,2,api,cloud,
2026-08-15T08:47:00,2026-08-15T13:47:00.027Z,2026-08-15,08:47,Sat,OPEN,2,10,20,15.0,2,api,cloud,
2026-08-15T08:48:00,2026-08-15T13:48:00.003Z,2026-08-15,08:48,Sat,OPEN,2,10,20,15.0,2,api,cloud,
2026-08-15T08:49:00,2026-08-15T13:49:00.006Z,2026-08-15,08:49,Sat,OPEN,2,10,20,15.0,2,api,cloud,
2026-08-15T08:50:00,2026-08-15T13:50:00.003Z,2026-08-15,08:50,Sat,OPEN,3,10,20,15.0,2,api,cloud,
2026-08-15T08:51:00,2026-08-15T13:51:00.028Z,2026-08-15,08:51,Sat,OPEN,4,10,20,15.0,2,api,cloud,
2026-08-15T08:52:00,2026-08-15T13:52:00.003Z,2026-08-15,08:52,Sat,OPEN,5,10,20,15.0,2,api,cloud,
2026-08-15T08:53:00,2026-08-15T13:53:00.028Z,2026-08-15,08:53,Sat,OPEN,8,15,25,20.0,2,api,cloud,
2026-08-15T08:54:00,2026-08-15T13:54:00.003Z,2026-08-15,08:54,Sat,OPEN,12,20,30,25.0,2,api,cloud,
2026-08-15T08:55:00,2026-08-15T13:55:00.027Z,2026-08-15,08:55,Sat,OPEN,13,25,35,30.0,2,api,cloud,
2026-08-15T08:56:00,2026-08-15T13:56:00.027Z,2026-08-15,08:56,Sat,OPEN,14,25,35,30.0,2,api,cloud,
2026-08-15T08:57:00,2026-08-15T13:57:00.029Z,2026-08-15,08:57,Sat,OPEN,13,25,35,30.0,2,api,cloud,
2026-08-15T08:58:00,2026-08-15T13:58:00.000Z,2026-08-15,08:58,Sat,OPEN,11,20,30,25.0,2,api,cloud,
2026-08-15T08:59:00,2026-08-15T13:59:00.010Z,2026-08-15,08:59,Sat,OPEN,13,25,35,30.0,2,api,cloud,
2026-08-15T09:00:00,2026-08-15T14:00:00.003Z,2026-08-15,09:00,Sat,OPEN,14,25,35,30.0,2,api,cloud,
2026-08-15T09:01:00,2026-08-15T14:01:00.006Z,2026-08-15,09:01,Sat,OPEN,16,25,35,30.0,2,api,cloud,
2026-08-15T09:02:00,2026-08-15T14:02:00.029Z,2026-08-15,09:02,Sat,OPEN,16,25,35,30.0,2,api,cloud,
2026-08-15T09:03:00,2026-08-15T14:03:00.020Z,2026-08-15,09:03,Sat,OPEN,18,30,40,35.0,2,api,cloud,
2026-08-15T09:04:00,2026-08-15T14:04:00.027Z,2026-08-15,09:04,Sat,OPEN,19,30,40,35.0,2,api,cloud,
2026-08-15T09:05:00,2026-08-15T14:05:00.030Z,2026-08-15,09:05,Sat,OPEN,20,35,45,40.0,2,api,cloud,
2026-08-15T09:06:00,2026-08-15T14:06:00.004Z,2026-08-15,09:06,Sat,OPEN,20,35,45,40.0,2,api,cloud,
2026-08-15T09:07:00,2026-08-15T14:07:00.028Z,2026-08-15,09:07,Sat,OPEN,21,35,45,40.0,2,api,cloud,
2026-08-15T09:08:00,2026-08-15T14:08:00.028Z,2026-08-15,09:08,Sat,OPEN,21,35,45,40.0,2,api,cloud,
2026-08-15T09:09:00,2026-08-15T14:09:00.003Z,2026-08-15,09:09,Sat,OPEN,21,35,45,40.0,2,api,cloud,
2026-08-15T09:10:00,2026-08-15T14:10:00.006Z,2026-08-15,09:10,Sat,OPEN,23,35,45,40.0,2,api,cloud,
2026-08-15T09:11:00,2026-08-15T14:11:00.019Z,2026-08-15,09:11,Sat,OPEN,26,40,50,45.0,2,api,cloud,
2026-08-15T09:12:00,2026-08-15T14:12:00.028Z,2026-08-15,09:12,Sat,OPEN,25,40,50,45.0,2,api,cloud,
2026-08-15T09:13:00,2026-08-15T14:13:00.021Z,2026-08-15,09:13,Sat,OPEN,25,40,50,45.0,2,api,cloud,
2026-08-15T09:14:00,2026-08-15T14:14:00.027Z,2026-08-15,09:14,Sat,OPEN,26,40,50,45.0,2,api,cloud,
2026-08-15T09:15:00,2026-08-15T14:15:00.001Z,2026-08-15,09:15,Sat,OPEN,26,40,50,45.0,2,api,cloud,
2026-08-15T09:16:00,2026-08-15T14:16:00.028Z,2026-08-15,09:16,Sat,OPEN,27,40,50,45.0,2,api,cloud,
2026-08-15T09:17:00,2026-08-15T14:17:00.028Z,2026-08-15,09:17,Sat,OPEN,28,45,55,50.0,2,api,cloud,
2026-08-15T09:18:00,2026-08-15T14:18:00.028Z,2026-08-15,09:18,Sat,OPEN,29,45,55,50.0,2,api,cloud,
2026-08-15T09:19:00,2026-08-15T14:19:00.029Z,2026-08-15,09:19,Sat,OPEN,30,45,55,50.0,2,api,cloud,
2026-08-15T09:20:00,2026-08-15T14:20:00.003Z,2026-08-15,09:20,Sat,OPEN,32,50,60,55.0,2,api,cloud,
2026-08-15T09:21:00,2026-08-15T14:21:00.003Z,2026-08-15,09:21,Sat,OPEN,33,50,60,55.0,2,api,cloud,
2026-08-15T09:22:00,2026-08-15T14:22:00.003Z,2026-08-15,09:22,Sat,OPEN,35,55,65,60.0,2,api,cloud,
2026-08-15T09:23:00,2026-08-15T14:23:00.007Z,2026-08-15,09:23,Sat,OPEN,34,50,60,55.0,2,api,cloud,
2026-08-15T09:24:00,2026-08-15T14:24:00.027Z,2026-08-15,09:24,Sat,OPEN,38,55,70,62.5,2,api,cloud,
2026-08-15T09:25:00,2026-08-15T14:25:00.028Z,2026-08-15,09:25,Sat,OPEN,38,55,70,62.5,2,api,cloud,
2026-08-15T09:26:00,2026-08-15T14:26:00.028Z,2026-08-15,09:26,Sat,OPEN,36,55,65,60.0,2,api,cloud,
2026-08-15T09:27:00,2026-08-15T14:27:00.028Z,2026-08-15,09:27,Sat,OPEN,36,55,65,60.0,2,api,cloud,
2026-08-15T09:28:00,2026-08-15T14:28:00.003Z,2026-08-15,09:28,Sat,OPEN,34,50,60,55.0,2,api,cloud,
2026-08-15T09:29:00,2026-08-15T14:29:00.005Z,2026-08-15,09:29,Sat,OPEN,35,55,65,60.0,2,api,cloud,
2026-08-15T09:30:00,2026-08-15T14:30:00.021Z,2026-08-15,09:30,Sat,OPEN,36,55,65,60.0,2,api,cloud,
2026-08-15T09:31:00,2026-08-15T14:31:00.028Z,2026-08-15,09:31,Sat,OPEN,37,55,65,60.0,2,api,cloud,
2026-08-15T09:32:00,2026-08-15T14:32:00.028Z,2026-08-15,09:32,Sat,OPEN,37,55,65,60.0,2,api,cloud,
2026-08-15T09:33:00,2026-08-15T14:33:00.029Z,2026-08-15,09:33,Sat,OPEN,39,55,70,62.5,2,api,cloud,
2026-08-15T09:34:00,2026-08-15T14:34:00.028Z,2026-08-15,09:34,Sat,OPEN,40,55,70,62.5,2,api,cloud,
2026-08-15T09:35:00,2026-08-15T14:35:00.003Z,2026-08-15,09:35,Sat,OPEN,42,60,75,67.5,2,api,cloud,
2026-08-15T09:36:00,2026-08-15T14:36:00.028Z,2026-08-15,09:36,Sat,OPEN,42,60,75,67.5,2,api,cloud,
2026-08-15T09:37:00,2026-08-15T14:37:00.028Z,2026-08-15,09:37,Sat,OPEN,42,60,75,67.5,2,api,cloud,
2026-08-15T09:38:00,2026-08-15T14:38:00.003Z,2026-08-15,09:38,Sat,OPEN,44,60,75,67.5,2,api,cloud,
2026-08-15T09:39:00,2026-08-15T14:39:00.028Z,2026-08-15,09:39,Sat,OPEN,43,60,75,67.5,2,api,cloud,
2026-08-15T09:40:00,2026-08-15T14:40:00.029Z,2026-08-15,09:40,Sat,OPEN,43,60,75,67.5,2,api,cloud,
2026-08-15T09:41:00,2026-08-15T14:41:00.026Z,2026-08-15,09:41,Sat,OPEN,41,55,70,62.5,2,api,cloud,
2026-08-15T09:42:00,2026-08-15T14:42:00.019Z,2026-08-15,09:42,Sat,OPEN,39,55,70,62.5,2,api,cloud,
2026-08-15T09:43:00,2026-08-15T14:43:00.023Z,2026-08-15,09:43,Sat,OPEN,38,55,70,62.5,2,api,cloud,
2026-08-15T09:44:00,2026-08-15T14:44:00.028Z,2026-08-15,09:44,Sat,OPEN,37,55,65,60.0,2,api,cloud,
2026-08-15T09:45:00,2026-08-15T14:45:00.028Z,2026-08-15,09:45,Sat,OPEN,37,55,65,60.0,2,api,cloud,
2026-08-15T09:46:00,2026-08-15T14:46:00.016Z,2026-08-15,09:46,Sat,OPEN,36,55,65,60.0,2,api,cloud,
2026-08-15T09:47:00,2026-08-15T14:47:00.028Z,2026-08-15,09:47,Sat,OPEN,35,55,65,60.0,2,api,cloud,
2026-08-15T09:48:00,2026-08-15T14:48:00.003Z,2026-08-15,09:48,Sat,OPEN,36,55,65,60.0,2,api,cloud,
2026-08-15T09:49:00,2026-08-15T14:49:00.028Z,2026-08-15,09:49,Sat,OPEN,36,55,65,60.0,2,api,cloud,
2026-08-15T09:50:00,2026-08-15T14:50:00.027Z,2026-08-15,09:50,Sat,OPEN,38,55,70,62.5,2,api,cloud,
2026-08-15T09:51:00,2026-08-15T14:51:00.027Z,2026-08-15,09:51,Sat,OPEN,37,55,65,60.0,2,api,cloud,
2026-08-15T09:52:00,2026-08-15T14:52:00.003Z,2026-08-15,09:52,Sat,OPEN,38,55,70,62.5,2,api,cloud,
2026-08-15T09:53:00,2026-08-15T14:53:00.006Z,2026-08-15,09:53,Sat,OPEN,38,55,70,62.5,2,api,cloud,
2026-08-15T09:54:00,2026-08-15T14:54:00.003Z,2026-08-15,09:54,Sat,OPEN,38,55,70,62.5,2,api,cloud,
2026-08-15T09:55:00,2026-08-15T14:55:00.029Z,2026-08-15,09:55,Sat,OPEN,37,55,65,60.0,2,api,cloud,
2026-08-15T09:56:00,2026-08-15T14:56:00.003Z,2026-08-15,09:56,Sat,OPEN,37,55,65,60.0,2,api,cloud,
2026-08-15T09:57:00,2026-08-15T14:57:00.028Z,2026-08-15,09:57,Sat,OPEN,38,55,70,62.5,2,api,cloud,
2026-08-15T09:58:00,2026-08-15T14:58:00.014Z,2026-08-15,09:58,Sat,OPEN,38,55,70,62.5,2,api,cloud,
2026-08-15T09:59:00,2026-08-15T14:59:00.028Z,2026-08-15,09:59,Sat,OPEN,39,55,70,62.5,2,api,cloud,
2026-08-15T10:00:00,2026-08-15T15:00:00.024Z,2026-08-15,10:00,Sat,OPEN,41,55,70,62.5,2,api,cloud,
2026-08-15T10:01:00,2026-08-15T15:01:00.003Z,2026-08-15,10:01,Sat,OPEN,45,60,75,67.5,2,api,cloud,
2026-08-15T10:02:00,2026-08-15T15:02:00.027Z,2026-08-15,10:02,Sat,OPEN,45,60,75,67.5,2,api,cloud,
2026-08-15T10:03:00,2026-08-15T15:03:00.019Z,2026-08-15,10:03,Sat,OPEN,45,60,75,67.5,2,api,cloud,
2026-08-15T10:04:00,2026-08-15T15:04:00.028Z,2026-08-15,10:04,Sat,OPEN,43,60,75,67.5,2,api,cloud,
2026-08-15T10:05:00,2026-08-15T15:05:00.028Z,2026-08-15,10:05,Sat,OPEN,44,60,75,67.5,2,api,cloud,
2026-08-15T10:06:00,2026-08-15T15:06:00.003Z,2026-08-15,10:06,Sat,OPEN,46,65,80,72.5,2,api,cloud,
2026-08-15T10:07:00,2026-08-15T15:07:00.006Z,2026-08-15,10:07,Sat,OPEN,45,60,75,67.5,2,api,cloud,
2026-08-15T10:08:00,2026-08-15T15:08:00.028Z,2026-08-15,10:08,Sat,OPEN,47,65,80,72.5,2,api,cloud,
2026-08-15T10:09:00,2026-08-15T15:09:00.028Z,2026-08-15,10:09,Sat,OPEN,48,65,80,72.5,2,api,cloud,
2026-08-15T10:10:00,2026-08-15T15:10:00.029Z,2026-08-15,10:10,Sat,OPEN,47,65,80,72.5,2,api,cloud,
2026-08-15T10:11:00,2026-08-15T15:11:00.029Z,2026-08-15,10:11,Sat,OPEN,48,65,80,72.5,2,api,cloud,
2026-08-15T10:12:00,2026-08-15T15:12:00.003Z,2026-08-15,10:12,Sat,OPEN,47,65,80,72.5,2,api,cloud,
2026-08-15T10:13:00,2026-08-15T15:13:00.027Z,2026-08-15,10:13,Sat,OPEN,48,65,80,72.5,2,api,cloud,
2026-08-15T10:14:00,2026-08-15T15:14:00.027Z,2026-08-15,10:14,Sat,OPEN,48,65,80,72.5,2,api,cloud,
2026-08-15T10:15:00,2026-08-15T15:15:00.029Z,2026-08-15,10:15,Sat,OPEN,47,65,80,72.5,2,api,cloud,
2026-08-15T10:16:00,2026-08-15T15:16:00.011Z,2026-08-15,10:16,Sat,OPEN,47,65,80,72.5,2,api,cloud,
2026-08-15T10:17:00,2026-08-15T15:17:00.015Z,2026-08-15,10:17,Sat,OPEN,48,65,80,72.5,2,api,cloud,
2026-08-15T10:18:00,2026-08-15T15:18:00.028Z,2026-08-15,10:18,Sat,OPEN,48,65,80,72.5,2,api,cloud,
2026-08-15T10:19:00,2026-08-15T15:19:00.027Z,2026-08-15,10:19,Sat,OPEN,45,60,75,67.5,2,api,cloud,
2026-08-15T10:20:00,2026-08-15T15:20:00.028Z,2026-08-15,10:20,Sat,OPEN,44,60,75,67.5,2,api,cloud,
2026-08-15T10:21:00,2026-08-15T15:21:00.028Z,2026-08-15,10:21,Sat,OPEN,43,60,75,67.5,2,api,cloud,
2026-08-15T10:22:00,2026-08-15T15:22:00.028Z,2026-08-15,10:22,Sat,OPEN,44,60,75,67.5,2,api,cloud,
2026-08-15T10:23:00,2026-08-15T15:23:00.027Z,2026-08-15,10:23,Sat,OPEN,44,60,75,67.5,2,api,cloud,
2026-08-15T10:24:00,2026-08-15T15:24:00.030Z,2026-08-15,10:24,Sat,OPEN,43,60,75,67.5,2,api,cloud,
2026-08-15T10:25:00,2026-08-15T15:25:00.028Z,2026-08-15,10:25,Sat,OPEN,43,60,75,67.5,2,api,cloud,
2026-08-15T10:26:00,2026-08-15T15:26:00.028Z,2026-08-15,10:26,Sat,OPEN,42,60,75,67.5,2,api,cloud,
2026-08-15T10:27:00,2026-08-15T15:27:00.028Z,2026-08-15,10:27,Sat,OPEN,42,60,75,67.5,2,api,cloud,
2026-08-15T10:28:00,2026-08-15T15:28:00.029Z,2026-08-15,10:28,Sat,OPEN,44,60,75,67.5,2,api,cloud,
2026-08-15T10:29:00,2026-08-15T15:29:00.019Z,2026-08-15,10:29,Sat,OPEN,45,60,75,67.5,2,api,cloud,
2026-08-15T10:30:00,2026-08-15T15:30:00.002Z,2026-08-15,10:30,Sat,OPEN,45,60,75,67.5,2,api,local,
2026-08-15T10:31:00,2026-08-15T15:31:00.008Z,2026-08-15,10:31,Sat,OPEN,47,65,80,72.5,2,api,local,
2026-08-15T10:37:02,2026-08-15T15:37:02.688Z,2026-08-15,10:37,Sat,OPEN,49,70,85,77.5,2,api,cloud,
2026-08-15T10:38:00,2026-08-15T15:38:00.006Z,2026-08-15,10:38,Sat,OPEN,48,65,80,72.5,2,api,cloud,
2026-08-15T10:39:00,2026-08-15T15:39:00.029Z,2026-08-15,10:39,Sat,OPEN,47,65,80,72.5,2,api,cloud,
2026-08-15T10:40:00,2026-08-15T15:40:00.003Z,2026-08-15,10:40,Sat,OPEN,44,60,75,67.5,2,api,cloud,
2026-08-15T10:41:00,2026-08-15T15:41:00.028Z,2026-08-15,10:41,Sat,OPEN,46,65,80,72.5,2,api,cloud,
2026-08-15T10:42:00,2026-08-15T15:42:00.005Z,2026-08-15,10:42,Sat,OPEN,47,65,80,72.5,2,api,cloud,
2026-08-15T10:43:00,2026-08-15T15:43:00.029Z,2026-08-15,10:43,Sat,OPEN,45,60,75,67.5,2,api,cloud,
2026-08-15T10:44:00,2026-08-15T15:44:00.005Z,2026-08-15,10:44,Sat,OPEN,43,60,75,67.5,2,api,cloud,
2026-08-15T10:45:00,2026-08-15T15:45:00.028Z,2026-08-15,10:45,Sat,OPEN,41,55,70,62.5,2,api,cloud,
2026-08-15T10:46:00,2026-08-15T15:46:00.005Z,2026-08-15,10:46,Sat,OPEN,40,55,70,62.5,2,api,cloud,
2026-08-15T10:47:00,2026-08-15T15:47:00.028Z,2026-08-15,10:47,Sat,OPEN,41,55,70,62.5,2,api,cloud,
2026-08-15T10:48:00,2026-08-15T15:48:00.016Z,2026-08-15,10:48,Sat,OPEN,43,60,75,67.5,2,api,cloud,
2026-08-15T10:49:00,2026-08-15T15:49:00.021Z,2026-08-15,10:49,Sat,OPEN,42,60,75,67.5,2,api,cloud,
2026-08-15T10:50:00,2026-08-15T15:50:00.028Z,2026-08-15,10:50,Sat,OPEN,39,55,70,62.5,2,api,cloud,
2026-08-15T10:51:00,2026-08-15T15:51:00.029Z,2026-08-15,10:51,Sat,OPEN,40,55,70,62.5,2,api,cloud,
2026-08-15T10:52:00,2026-08-15T15:52:00.028Z,2026-08-15,10:52,Sat,OPEN,41,55,70,62.5,2,api,cloud,
2026-08-15T10:53:00,2026-08-15T15:53:00.028Z,2026-08-15,10:53,Sat,OPEN,42,60,75,67.5,2,api,cloud,
2026-08-15T10:54:00,2026-08-15T15:54:00.029Z,2026-08-15,10:54,Sat,OPEN,41,55,70,62.5,2,api,cloud,
2026-08-15T10:55:00,2026-08-15T15:55:00.029Z,2026-08-15,10:55,Sat,OPEN,40,55,70,62.5,2,api,cloud,
2026-08-15T10:56:00,2026-08-15T15:56:00.028Z,2026-08-15,10:56,Sat,OPEN,40,55,70,62.5,2,api,cloud,
2026-08-15T10:57:00,2026-08-15T15:57:00.029Z,2026-08-15,10:57,Sat,OPEN,40,55,70,62.5,2,api,cloud,
2026-08-15T10:58:00,2026-08-15T15:58:00.028Z,2026-08-15,10:58,Sat,OPEN,40,55,70,62.5,2,api,cloud,
2026-08-15T10:59:00,2026-08-15T15:59:00.014Z,2026-08-15,10:59,Sat,OPEN,39,55,70,62.5,2,api,cloud,
2026-08-15T11:00:00,2026-08-15T16:00:00.021Z,2026-08-15,11:00,Sat,OPEN,39,55,70,62.5,2,api,cloud,
2026-08-15T11:01:00,2026-08-15T16:01:00.023Z,2026-08-15,11:01,Sat,OPEN,37,55,65,60.0,2,api,cloud,
2026-08-15T11:02:00,2026-08-15T16:02:00.028Z,2026-08-15,11:02,Sat,OPEN,37,55,65,60.0,2,api,cloud,
2026-08-15T11:03:00,2026-08-15T16:03:00.028Z,2026-08-15,11:03,Sat,OPEN,39,55,70,62.5,2,api,cloud,
2026-08-15T11:04:00,2026-08-15T16:04:00.026Z,2026-08-15,11:04,Sat,OPEN,38,55,70,62.5,2,api,cloud,
2026-08-15T11:05:00,2026-08-15T16:05:00.016Z,2026-08-15,11:05,Sat,OPEN,38,55,70,62.5,2,api,cloud,
2026-08-15T11:06:00,2026-08-15T16:06:00.028Z,2026-08-15,11:06,Sat,OPEN,38,55,70,62.5,2,api,cloud,
2026-08-15T11:07:00,2026-08-15T16:07:00.028Z,2026-08-15,11:07,Sat,OPEN,38,55,70,62.5,2,api,cloud,
2026-08-15T11:08:00,2026-08-15T16:08:00.020Z,2026-08-15,11:08,Sat,OPEN,37,55,65,60.0,2,api,cloud,
2026-08-15T11:09:00,2026-08-15T16:09:00.025Z,2026-08-15,11:09,Sat,OPEN,36,55,65,60.0,2,api,cloud,
2026-08-15T11:10:00,2026-08-15T16:10:00.005Z,2026-08-15,11:10,Sat,OPEN,34,50,60,55.0,2,api,cloud,
2026-08-15T11:11:00,2026-08-15T16:11:00.013Z,2026-08-15,11:11,Sat,OPEN,35,55,65,60.0,2,api,cloud,
2026-08-15T11:12:00,2026-08-15T16:12:00.028Z,2026-08-15,11:12,Sat,OPEN,34,50,60,55.0,2,api,cloud,
2026-08-15T11:13:00,2026-08-15T16:13:00.013Z,2026-08-15,11:13,Sat,OPEN,34,50,60,55.0,2,api,cloud,
2026-08-15T11:14:00,2026-08-15T16:14:00.017Z,2026-08-15,11:14,Sat,OPEN,35,55,65,60.0,2,api,cloud,
2026-08-15T11:15:00,2026-08-15T16:15:00.028Z,2026-08-15,11:15,Sat,OPEN,36,55,65,60.0,2,api,cloud,
2026-08-15T11:16:00,2026-08-15T16:16:00.028Z,2026-08-15,11:16,Sat,OPEN,37,55,65,60.0,2,api,cloud,
2026-08-15T11:17:00,2026-08-15T16:17:00.028Z,2026-08-15,11:17,Sat,OPEN,38,55,70,62.5,2,api,cloud,
2026-08-15T11:18:00,2026-08-15T16:18:00.029Z,2026-08-15,11:18,Sat,OPEN,37,55,65,60.0,2,api,cloud,
2026-08-15T11:19:00,2026-08-15T16:19:00.006Z,2026-08-15,11:19,Sat,OPEN,35,55,65,60.0,2,api,cloud,
2026-08-15T11:20:00,2026-08-15T16:20:00.029Z,2026-08-15,11:20,Sat,OPEN,35,55,65,60.0,2,api,cloud,
2026-08-15T11:21:00,2026-08-15T16:21:00.029Z,2026-08-15,11:21,Sat,OPEN,33,50,60,55.0,2,api,cloud,
2026-08-15T11:22:00,2026-08-15T16:22:00.028Z,2026-08-15,11:22,Sat,OPEN,32,50,60,55.0,2,api,cloud,
2026-08-15T11:23:00,2026-08-15T16:23:00.028Z,2026-08-15,11:23,Sat,OPEN,33,50,60,55.0,2,api,cloud,
2026-08-15T11:24:00,2026-08-15T16:24:00.019Z,2026-08-15,11:24,Sat,OPEN,35,55,65,60.0,2,api,cloud,
2026-08-15T11:25:00,2026-08-15T16:25:00.028Z,2026-08-15,11:25,Sat,OPEN,35,55,65,60.0,2,api,cloud,
2026-08-15T11:26:00,2026-08-15T16:26:00.020Z,2026-08-15,11:26,Sat,OPEN,35,55,65,60.0,2,api,cloud,
2026-08-15T11:27:00,2026-08-15T16:27:00.027Z,2026-08-15,11:27,Sat,OPEN,36,55,65,60.0,2,api,cloud,
2026-08-15T11:28:00,2026-08-15T16:28:00.028Z,2026-08-15,11:28,Sat,OPEN,35,55,65,60.0,2,api,cloud,
2026-08-15T11:29:00,2026-08-15T16:29:00.027Z,2026-08-15,11:29,Sat,OPEN,35,55,65,60.0,2,api,cloud,
2026-08-15T11:30:00,2026-08-15T16:30:00.017Z,2026-08-15,11:30,Sat,OPEN,33,50,60,55.0,2,api,cloud,
2026-08-15T11:31:00,2026-08-15T16:31:00.007Z,2026-08-15,11:31,Sat,OPEN,33,50,60,55.0,2,api,cloud,
2026-08-15T11:32:00,2026-08-15T16:32:00.028Z,2026-08-15,11:32,Sat,OPEN,33,50,60,55.0,2,api,cloud,
2026-08-15T11:33:00,2026-08-15T16:33:00.008Z,2026-08-15,11:33,Sat,OPEN,34,50,60,55.0,2,api,cloud,
2026-08-15T11:34:00,2026-08-15T16:34:00.023Z,2026-08-15,11:34,Sat,OPEN,36,55,65,60.0,2,api,cloud,
2026-08-15T11:35:00,2026-08-15T16:35:00.027Z,2026-08-15,11:35,Sat,OPEN,37,55,65,60.0,2,api,cloud,
2026-08-15T11:36:00,2026-08-15T16:36:00.005Z,2026-08-15,11:36,Sat,OPEN,37,55,65,60.0,2,api,cloud,
2026-08-15T11:37:00,2026-08-15T16:37:00.010Z,2026-08-15,11:37,Sat,OPEN,38,55,70,62.5,2,api,cloud,
2026-08-15T11:38:00,2026-08-15T16:38:00.015Z,2026-08-15,11:38,Sat,OPEN,37,55,65,60.0,2,api,cloud,
2026-08-15T11:39:00,2026-08-15T16:39:00.027Z,2026-08-15,11:39,Sat,OPEN,40,55,70,62.5,2,api,cloud,
2026-08-15T11:40:00,2026-08-15T16:40:00.005Z,2026-08-15,11:40,Sat,OPEN,39,55,70,62.5,2,api,cloud,
2026-08-15T11:41:00,2026-08-15T16:41:00.010Z,2026-08-15,11:41,Sat,OPEN,37,55,65,60.0,2,api,cloud,
2026-08-15T11:42:00,2026-08-15T16:42:00.015Z,2026-08-15,11:42,Sat,OPEN,39,55,70,62.5,2,api,cloud,
2026-08-15T11:43:00,2026-08-15T16:43:00.020Z,2026-08-15,11:43,Sat,OPEN,40,55,70,62.5,2,api,cloud,
2026-08-15T11:44:00,2026-08-15T16:44:00.024Z,2026-08-15,11:44,Sat,OPEN,39,55,70,62.5,2,api,cloud,
2026-08-15T11:45:00,2026-08-15T16:45:00.028Z,2026-08-15,11:45,Sat,OPEN,40,55,70,62.5,2,api,cloud,
2026-08-15T11:46:00,2026-08-15T16:46:00.029Z,2026-08-15,11:46,Sat,OPEN,38,55,70,62.5,2,api,cloud,
2026-08-15T11:47:00,2026-08-15T16:47:00.028Z,2026-08-15,11:47,Sat,OPEN,38,55,70,62.5,2,api,cloud,
2026-08-15T11:48:00,2026-08-15T16:48:00.028Z,2026-08-15,11:48,Sat,OPEN,37,55,65,60.0,2,api,cloud,
2026-08-15T11:49:00,2026-08-15T16:49:00.028Z,2026-08-15,11:49,Sat,OPEN,36,55,65,60.0,2,api,cloud,
2026-08-15T11:50:00,2026-08-15T16:50:00.028Z,2026-08-15,11:50,Sat,OPEN,36,55,65,60.0,2,api,cloud,
2026-08-15T11:51:00,2026-08-15T16:51:00.028Z,2026-08-15,11:51,Sat,OPEN,36,55,65,60.0,2,api,cloud,
2026-08-15T11:52:00,2026-08-15T16:52:00.005Z,2026-08-15,11:52,Sat,OPEN,37,55,65,60.0,2,api,cloud,
2026-08-15T11:53:00,2026-08-15T16:53:00.010Z,2026-08-15,11:53,Sat,OPEN,39,55,70,62.5,2,api,cloud,
2026-08-15T11:54:00,2026-08-15T16:54:00.005Z,2026-08-15,11:54,Sat,OPEN,38,55,70,62.5,2,api,cloud,
2026-08-15T11:55:00,2026-08-15T16:55:00.022Z,2026-08-15,11:55,Sat,OPEN,37,55,65,60.0,2,api,cloud,
2026-08-15T11:56:00,2026-08-15T16:56:00.005Z,2026-08-15,11:56,Sat,OPEN,36,55,65,60.0,2,api,cloud,
2026-08-15T11:57:00,2026-08-15T16:57:00.009Z,2026-08-15,11:57,Sat,OPEN,35,55,65,60.0,2,api,cloud,
2026-08-15T11:58:00,2026-08-15T16:58:00.029Z,2026-08-15,11:58,Sat,OPEN,34,50,60,55.0,2,api,cloud,
2026-08-15T11:59:00,2026-08-15T16:59:00.004Z,2026-08-15,11:59,Sat,OPEN,33,50,60,55.0,2,api,cloud,
2026-08-15T12:00:00,2026-08-15T17:00:00.013Z,2026-08-15,12:00,Sat,OPEN,32,50,60,55.0,2,api,cloud,
2026-08-15T12:01:00,2026-08-15T17:01:00.019Z,2026-08-15,12:01,Sat,OPEN,28,45,55,50.0,2,api,cloud,
2026-08-15T12:02:00,2026-08-15T17:02:00.005Z,2026-08-15,12:02,Sat,OPEN,27,40,50,45.0,2,api,cloud,
2026-08-15T12:03:00,2026-08-15T17:03:00.013Z,2026-08-15,12:03,Sat,OPEN,27,40,50,45.0,2,api,cloud,
2026-08-15T12:04:00,2026-08-15T17:04:00.018Z,2026-08-15,12:04,Sat,OPEN,26,40,50,45.0,2,api,cloud,
2026-08-15T12:05:00,2026-08-15T17:05:00.028Z,2026-08-15,12:05,Sat,OPEN,26,40,50,45.0,2,api,cloud,
2026-08-15T12:06:00,2026-08-15T17:06:00.028Z,2026-08-15,12:06,Sat,OPEN,24,40,50,45.0,2,api,cloud,
2026-08-15T12:07:00,2026-08-15T17:07:00.022Z,2026-08-15,12:07,Sat,OPEN,24,40,50,45.0,2,api,cloud,
2026-08-15T12:08:00,2026-08-15T17:08:00.026Z,2026-08-15,12:08,Sat,OPEN,26,40,50,45.0,2,api,cloud,
2026-08-15T12:09:00,2026-08-15T17:09:00.027Z,2026-08-15,12:09,Sat,OPEN,24,40,50,45.0,2,api,cloud,
2026-08-15T12:10:00,2026-08-15T17:10:00.029Z,2026-08-15,12:10,Sat,OPEN,24,40,50,45.0,2,api,cloud,
2026-08-15T12:11:00,2026-08-15T17:11:00.025Z,2026-08-15,12:11,Sat,OPEN,24,40,50,45.0,2,api,cloud,
2026-08-15T12:12:00,2026-08-15T17:12:00.010Z,2026-08-15,12:12,Sat,OPEN,22,35,45,40.0,2,api,cloud,
2026-08-15T12:13:00,2026-08-15T17:13:00.015Z,2026-08-15,12:13,Sat,OPEN,21,35,45,40.0,2,api,cloud,
2026-08-15T12:14:00,2026-08-15T17:14:00.019Z,2026-08-15,12:14,Sat,OPEN,23,35,45,40.0,2,api,cloud,
2026-08-15T12:15:00,2026-08-15T17:15:00.028Z,2026-08-15,12:15,Sat,OPEN,21,35,45,40.0,2,api,cloud,
2026-08-15T12:16:00,2026-08-15T17:16:00.029Z,2026-08-15,12:16,Sat,OPEN,21,35,45,40.0,2,api,cloud,
2026-08-15T12:17:00,2026-08-15T17:17:00.028Z,2026-08-15,12:17,Sat,OPEN,21,35,45,40.0,2,api,cloud,
2026-08-15T12:18:00,2026-08-15T17:18:00.006Z,2026-08-15,12:18,Sat,OPEN,20,35,45,40.0,2,api,cloud,
2026-08-15T12:19:00,2026-08-15T17:19:00.028Z,2026-08-15,12:19,Sat,OPEN,18,30,40,35.0,2,api,cloud,
2026-08-15T12:20:00,2026-08-15T17:20:00.010Z,2026-08-15,12:20,Sat,OPEN,18,30,40,35.0,2,api,cloud,
2026-08-15T12:21:00,2026-08-15T17:21:00.029Z,2026-08-15,12:21,Sat,OPEN,18,30,40,35.0,2,api,cloud,
2026-08-15T12:22:00,2026-08-15T17:22:00.013Z,2026-08-15,12:22,Sat,OPEN,19,30,40,35.0,2,api,cloud,
2026-08-15T12:23:00,2026-08-15T17:23:00.017Z,2026-08-15,12:23,Sat,OPEN,20,35,45,40.0,2,api,cloud,
2026-08-15T12:24:00,2026-08-15T17:24:00.029Z,2026-08-15,12:24,Sat,OPEN,18,30,40,35.0,2,api,cloud,
2026-08-15T12:25:00,2026-08-15T17:25:00.013Z,2026-08-15,12:25,Sat,OPEN,18,30,40,35.0,2,api,cloud,
2026-08-15T12:26:00,2026-08-15T17:26:00.005Z,2026-08-15,12:26,Sat,OPEN,18,30,40,35.0,2,api,cloud,
2026-08-15T12:27:00,2026-08-15T17:27:00.020Z,2026-08-15,12:27,Sat,OPEN,17,30,40,35.0,2,api,cloud,
2026-08-15T12:28:00,2026-08-15T17:28:00.028Z,2026-08-15,12:28,Sat,OPEN,18,30,40,35.0,2,api,cloud,
2026-08-15T12:29:00,2026-08-15T17:29:00.013Z,2026-08-15,12:29,Sat,OPEN,17,30,40,35.0,2,api,cloud,
2026-08-15T12:30:00,2026-08-15T17:30:00.029Z,2026-08-15,12:30,Sat,OPEN,14,25,35,30.0,2,api,cloud,
2026-08-15T12:31:00,2026-08-15T17:31:00.007Z,2026-08-15,12:31,Sat,OPEN,12,20,30,25.0,2,api,cloud,
2026-08-15T12:32:00,2026-08-15T17:32:00.028Z,2026-08-15,12:32,Sat,OPEN,10,20,30,25.0,2,api,cloud,
2026-08-15T12:33:00,2026-08-15T17:33:00.027Z,2026-08-15,12:33,Sat,OPEN,10,20,30,25.0,2,api,cloud,
2026-08-15T12:34:00,2026-08-15T17:34:00.028Z,2026-08-15,12:34,Sat,OPEN,11,20,30,25.0,2,api,cloud,
2026-08-15T12:35:00,2026-08-15T17:35:00.009Z,2026-08-15,12:35,Sat,OPEN,11,20,30,25.0,2,api,cloud,
2026-08-15T12:36:00,2026-08-15T17:36:00.028Z,2026-08-15,12:36,Sat,OPEN,11,20,30,25.0,2,api,cloud,
2026-08-15T12:37:00,2026-08-15T17:37:00.028Z,2026-08-15,12:37,Sat,OPEN,12,20,30,25.0,2,api,cloud,
2026-08-15T12:38:00,2026-08-15T17:38:00.028Z,2026-08-15,12:38,Sat,OPEN,13,25,35,30.0,2,api,cloud,
2026-08-15T12:39:00,2026-08-15T17:39:00.012Z,2026-08-15,12:39,Sat,OPEN,9,15,25,20.0,2,api,cloud,
2026-08-15T12:40:00,2026-08-15T17:40:00.005Z,2026-08-15,12:40,Sat,OPEN,8,15,25,20.0,2,api,cloud,
2026-08-15T12:41:00,2026-08-15T17:41:00.027Z,2026-08-15,12:41,Sat,OPEN,9,15,25,20.0,2,api,cloud,
2026-08-15T12:42:00,2026-08-15T17:42:00.026Z,2026-08-15,12:42,Sat,OPEN,9,15,25,20.0,2,api,cloud,
2026-08-15T12:43:00,2026-08-15T17:43:00.006Z,2026-08-15,12:43,Sat,OPEN,8,15,25,20.0,2,api,cloud,
2026-08-15T12:44:00,2026-08-15T17:44:00.029Z,2026-08-15,12:44,Sat,OPEN,8,15,25,20.0,2,api,cloud,
2026-08-15T12:45:00,2026-08-15T17:45:00.009Z,2026-08-15,12:45,Sat,OPEN,9,15,25,20.0,2,api,cloud,
2026-08-15T12:46:00,2026-08-15T17:46:00.028Z,2026-08-15,12:46,Sat,OPEN,9,15,25,20.0,2,api,cloud,
2026-08-15T12:47:00,2026-08-15T17:47:00.028Z,2026-08-15,12:47,Sat,OPEN,9,15,25,20.0,2,api,cloud,
2026-08-15T12:48:00,2026-08-15T17:48:00.006Z,2026-08-15,12:48,Sat,OPEN,8,15,25,20.0,2,api,cloud,
2026-08-15T12:49:00,2026-08-15T17:49:00.012Z,2026-08-15,12:49,Sat,OPEN,8,15,25,20.0,2,api,cloud,
2026-08-15T12:50:00,2026-08-15T17:50:00.016Z,2026-08-15,12:50,Sat,OPEN,8,15,25,20.0,2,api,cloud,
2026-08-15T12:51:00,2026-08-15T17:51:00.021Z,2026-08-15,12:51,Sat,OPEN,9,15,25,20.0,2,api,cloud,
2026-08-15T12:52:00,2026-08-15T17:52:00.005Z,2026-08-15,12:52,Sat,OPEN,9,15,25,20.0,2,api,cloud,
2026-08-15T12:53:00,2026-08-15T17:53:00.010Z,2026-08-15,12:53,Sat,OPEN,7,15,25,20.0,2,api,cloud,
2026-08-15T12:54:00,2026-08-15T17:54:00.028Z,2026-08-15,12:54,Sat,OPEN,7,15,25,20.0,2,api,cloud,
2026-08-15T12:55:00,2026-08-15T17:55:00.014Z,2026-08-15,12:55,Sat,OPEN,5,10,20,15.0,2,api,cloud,
2026-08-15T12:56:00,2026-08-15T17:56:00.029Z,2026-08-15,12:56,Sat,OPEN,5,10,20,15.0,2,api,cloud,
2026-08-15T12:57:00,2026-08-15T17:57:00.029Z,2026-08-15,12:57,Sat,OPEN,6,15,25,20.0,2,api,cloud,
2026-08-15T12:58:00,2026-08-15T17:58:00.005Z,2026-08-15,12:58,Sat,OPEN,6,15,25,20.0,2,api,cloud,
2026-08-15T12:59:00,2026-08-15T17:59:00.029Z,2026-08-15,12:59,Sat,OPEN,6,15,25,20.0,2,api,cloud,
2026-08-15T13:00:00,2026-08-15T18:00:00.028Z,2026-08-15,13:00,Sat,OPEN,6,15,25,20.0,2,api,cloud,
2026-08-15T13:01:00,2026-08-15T18:01:00.028Z,2026-08-15,13:01,Sat,OPEN,4,10,20,15.0,2,api,cloud,
2026-08-15T13:02:00,2026-08-15T18:02:00.005Z,2026-08-15,13:02,Sat,OPEN,3,10,20,15.0,2,api,cloud,
2026-08-15T13:03:00,2026-08-15T18:03:00.010Z,2026-08-15,13:03,Sat,OPEN,2,10,20,15.0,2,api,cloud,
2026-08-15T13:04:00,2026-08-15T18:04:00.005Z,2026-08-15,13:04,Sat,OPEN,3,10,20,15.0,2,api,cloud,
2026-08-15T13:05:00,2026-08-15T18:05:00.028Z,2026-08-15,13:05,Sat,OPEN,4,10,20,15.0,2,api,cloud,
2026-08-15T13:06:00,2026-08-15T18:06:00.025Z,2026-08-15,13:06,Sat,OPEN,4,10,20,15.0,2,api,cloud,
2026-08-15T13:07:00,2026-08-15T18:07:00.028Z,2026-08-15,13:07,Sat,OPEN,4,10,20,15.0,2,api,cloud,
2026-08-15T13:08:00,2026-08-15T18:08:00.013Z,2026-08-15,13:08,Sat,OPEN,4,10,20,15.0,2,api,cloud,
2026-08-15T13:09:00,2026-08-15T18:09:00.028Z,2026-08-15,13:09,Sat,OPEN,4,10,20,15.0,2,api,cloud,
2026-08-15T13:10:00,2026-08-15T18:10:00.027Z,2026-08-15,13:10,Sat,OPEN,4,10,20,15.0,2,api,cloud,
2026-08-15T13:11:00,2026-08-15T18:11:00.028Z,2026-08-15,13:11,Sat,OPEN,4,10,20,15.0,2,api,cloud,
2026-08-15T13:12:00,2026-08-15T18:12:00.029Z,2026-08-15,13:12,Sat,OPEN,4,10,20,15.0,2,api,cloud,
2026-08-15T13:13:00,2026-08-15T18:13:00.029Z,2026-08-15,13:13,Sat,OPEN,4,10,20,15.0,2,api,cloud,
2026-08-15T13:14:00,2026-08-15T18:14:00.029Z,2026-08-15,13:14,Sat,OPEN,4,10,20,15.0,2,api,cloud,
2026-08-15T13:15:00,2026-08-15T18:15:00.028Z,2026-08-15,13:15,Sat,OPEN,5,10,20,15.0,2,api,cloud,
2026-08-15T13:16:00,2026-08-15T18:16:00.028Z,2026-08-15,13:16,Sat,OPEN,5,10,20,15.0,2,api,cloud,
2026-08-15T13:17:00,2026-08-15T18:17:00.028Z,2026-08-15,13:17,Sat,OPEN,5,10,20,15.0,2,api,cloud,
2026-08-15T13:18:00,2026-08-15T18:18:00.009Z,2026-08-15,13:18,Sat,OPEN,5,10,20,15.0,2,api,cloud,
2026-08-15T13:19:00,2026-08-15T18:19:00.028Z,2026-08-15,13:19,Sat,OPEN,5,10,20,15.0,2,api,cloud,
2026-08-15T13:20:00,2026-08-15T18:20:00.005Z,2026-08-15,13:20,Sat,OPEN,4,10,20,15.0,2,api,cloud,
2026-08-15T13:21:00,2026-08-15T18:21:00.014Z,2026-08-15,13:21,Sat,OPEN,4,10,20,15.0,2,api,cloud,
2026-08-15T13:22:00,2026-08-15T18:22:00.028Z,2026-08-15,13:22,Sat,OPEN,4,10,20,15.0,2,api,cloud,
2026-08-15T13:23:00,2026-08-15T18:23:00.017Z,2026-08-15,13:23,Sat,OPEN,4,10,20,15.0,2,api,cloud,
2026-08-15T13:24:00,2026-08-15T18:24:00.028Z,2026-08-15,13:24,Sat,OPEN,4,10,20,15.0,2,api,cloud,
2026-08-15T13:25:00,2026-08-15T18:25:00.028Z,2026-08-15,13:25,Sat,OPEN,4,10,20,15.0,2,api,cloud,
2026-08-15T13:26:00,2026-08-15T18:26:00.005Z,2026-08-15,13:26,Sat,OPEN,4,10,20,15.0,2,api,cloud,
2026-08-15T13:27:00,2026-08-15T18:27:00.028Z,2026-08-15,13:27,Sat,OPEN,4,10,20,15.0,2,api,cloud,
2026-08-15T13:28:00,2026-08-15T18:28:00.028Z,2026-08-15,13:28,Sat,OPEN,4,10,20,15.0,2,api,cloud,
2026-08-15T13:29:00,2026-08-15T18:29:00.028Z,2026-08-15,13:29,Sat,OPEN,3,10,20,15.0,2,api,cloud,
2026-08-15T13:30:00,2026-08-15T18:30:00.021Z,2026-08-15,13:30,Sat,OPEN,3,10,20,15.0,2,api,cloud,
2026-08-15T13:31:00,2026-08-15T18:31:00.028Z,2026-08-15,13:31,Sat,OPEN,3,10,20,15.0,2,api,cloud,
2026-08-15T13:32:00,2026-08-15T18:32:00.028Z,2026-08-15,13:32,Sat,OPEN,3,10,20,15.0,2,api,cloud,
2026-08-15T13:33:00,2026-08-15T18:33:00.029Z,2026-08-15,13:33,Sat,OPEN,4,10,20,15.0,2,api,cloud,
2026-08-15T13:34:00,2026-08-15T18:34:00.028Z,2026-08-15,13:34,Sat,OPEN,4,10,20,15.0,2,api,cloud,
2026-08-15T13:35:00,2026-08-15T18:35:00.029Z,2026-08-15,13:35,Sat,OPEN,4,10,20,15.0,2,api,cloud,
2026-08-15T13:36:00,2026-08-15T18:36:00.028Z,2026-08-15,13:36,Sat,OPEN,4,10,20,15.0,2,api,cloud,
2026-08-15T13:37:00,2026-08-15T18:37:00.028Z,2026-08-15,13:37,Sat,OPEN,4,10,20,15.0,2,api,cloud,
2026-08-15T13:38:00,2026-08-15T18:38:00.028Z,2026-08-15,13:38,Sat,OPEN,4,10,20,15.0,2,api,cloud,
2026-08-15T13:39:00,2026-08-15T18:39:00.029Z,2026-08-15,13:39,Sat,OPEN,5,10,20,15.0,2,api,cloud,
2026-08-15T13:40:00,2026-08-15T18:40:00.027Z,2026-08-15,13:40,Sat,OPEN,5,10,20,15.0,2,api,cloud,
2026-08-15T13:41:00,2026-08-15T18:41:00.028Z,2026-08-15,13:41,Sat,OPEN,5,10,20,15.0,2,api,cloud,
2026-08-15T13:42:00,2026-08-15T18:42:00.027Z,2026-08-15,13:42,Sat,OPEN,5,10,20,15.0,2,api,cloud,
2026-08-15T13:43:00,2026-08-15T18:43:00.028Z,2026-08-15,13:43,Sat,OPEN,5,10,20,15.0,2,api,cloud,
2026-08-15T13:44:00,2026-08-15T18:44:00.028Z,2026-08-15,13:44,Sat,OPEN,5,10,20,15.0,2,api,cloud,
2026-08-15T13:45:00,2026-08-15T18:45:00.004Z,2026-08-15,13:45,Sat,OPEN,5,10,20,15.0,2,api,cloud,
2026-08-15T13:46:00,2026-08-15T18:46:00.008Z,2026-08-15,13:46,Sat,OPEN,5,10,20,15.0,2,api,cloud,
2026-08-15T13:47:00,2026-08-15T18:47:00.012Z,2026-08-15,13:47,Sat,OPEN,5,10,20,15.0,2,api,cloud,
2026-08-15T13:48:00,2026-08-15T18:48:00.017Z,2026-08-15,13:48,Sat,OPEN,5,10,20,15.0,2,api,cloud,
2026-08-15T13:49:00,2026-08-15T18:49:00.007Z,2026-08-15,13:49,Sat,OPEN,5,10,20,15.0,2,api,cloud,
2026-08-15T13:50:00,2026-08-15T18:50:00.006Z,2026-08-15,13:50,Sat,OPEN,5,10,20,15.0,2,api,cloud,
2026-08-15T13:51:00,2026-08-15T18:51:00.028Z,2026-08-15,13:51,Sat,EMPTY_CLOSED,0,5,15,0,2,api,cloud,
2026-08-15T13:52:00,2026-08-15T18:52:00.027Z,2026-08-15,13:52,Sat,EMPTY_CLOSED,0,5,15,0,2,api,cloud,
2026-08-15T13:53:00,2026-08-15T18:53:00.028Z,2026-08-15,13:53,Sat,EMPTY_CLOSED,0,5,15,0,2,api,cloud,
2026-08-15T13:54:00,2026-08-15T18:54:00.028Z,2026-08-15,13:54,Sat,EMPTY_CLOSED,0,5,15,0,2,api,cloud,
2026-08-15T13:55:00,2026-08-15T18:55:00.020Z,2026-08-15,13:55,Sat,EMPTY_CLOSED,0,5,15,0,2,api,cloud,
2026-08-15T13:56:00,2026-08-15T18:56:00.025Z,2026-08-15,13:56,Sat,EMPTY_CLOSED,0,5,15,0,2,api,cloud,
2026-08-15T13:57:00,2026-08-15T18:57:00.001Z,2026-08-15,13:57,Sat,EMPTY_CLOSED,0,5,15,0,2,api,cloud,
2026-08-15T13:58:00,2026-08-15T18:58:00.005Z,2026-08-15,13:58,Sat,EMPTY_CLOSED,0,5,15,0,2,api,cloud,
2026-08-15T13:59:00,2026-08-15T18:59:00.030Z,2026-08-15,13:59,Sat,EMPTY_CLOSED,0,5,15,0,2,api,cloud,
2026-08-15T14:00:00,2026-08-15T19:00:00.013Z,2026-08-15,14:00,Sat,EMPTY_CLOSED,0,5,15,0,2,api,cloud,
2026-08-15T14:01:00,2026-08-15T19:01:00.029Z,2026-08-15,14:01,Sat,EMPTY_CLOSED,0,5,15,0,2,api,cloud,
2026-08-15T14:02:00,2026-08-15T19:02:00.029Z,2026-08-15,14:02,Sat,EMPTY_CLOSED,0,5,15,0,2,api,cloud,
2026-08-15T14:03:00,2026-08-15T19:03:00.030Z,2026-08-15,14:03,Sat,EMPTY_CLOSED,0,5,15,0,2,api,cloud,
2026-08-15T14:04:00,2026-08-15T19:04:00.028Z,2026-08-15,14:04,Sat,EMPTY_CLOSED,0,5,15,0,2,api,cloud,
2026-08-15T14:05:00,2026-08-15T19:05:00.029Z,2026-08-15,14:05,Sat,EMPTY_CLOSED,0,5,15,0,2,api,cloud,
2026-08-15T14:06:00,2026-08-15T19:06:00.029Z,2026-08-15,14:06,Sat,EMPTY_CLOSED,0,5,15,0,2,api,cloud,
2026-08-15T14:07:00,2026-08-15T19:07:00.028Z,2026-08-15,14:07,Sat,EMPTY_CLOSED,0,5,15,0,2,api,cloud,
2026-08-15T14:08:00,2026-08-15T19:08:00.029Z,2026-08-15,14:08,Sat,EMPTY_CLOSED,0,5,15,0,2,api,cloud,
2026-08-15T14:09:00,2026-08-15T19:09:00.005Z,2026-08-15,14:09,Sat,EMPTY_CLOSED,0,5,15,0,2,api,cloud,
2026-08-15T14:10:00,2026-08-15T19:10:00.006Z,2026-08-15,14:10,Sat,EMPTY_CLOSED,0,5,15,0,2,api,cloud,
2026-08-15T14:11:00,2026-08-15T19:11:00.029Z,2026-08-15,14:11,Sat,EMPTY_CLOSED,0,5,15,0,2,api,cloud,
2026-08-15T14:12:00,2026-08-15T19:12:00.005Z,2026-08-15,14:12,Sat,EMPTY_CLOSED,0,5,15,0,2,api,cloud,
2026-08-15T14:13:00,2026-08-15T19:13:00.010Z,2026-08-15,14:13,Sat,EMPTY_CLOSED,0,5,15,0,2,api,cloud,
2026-08-15T14:14:00,2026-08-15T19:14:00.005Z,2026-08-15,14:14,Sat,EMPTY_CLOSED,0,5,15,0,2,api,cloud,
2026-08-15T14:15:00,2026-08-15T19:15:00.029Z,2026-08-15,14:15,Sat,EMPTY_CLOSED,0,5,15,0,2,api,cloud,
2026-08-15T14:16:00,2026-08-15T19:16:00.005Z,2026-08-15,14:16,Sat,EMPTY_CLOSED,0,5,15,0,2,api,cloud,
2026-08-15T14:17:00,2026-08-15T19:17:00.029Z,2026-08-15,14:17,Sat,EMPTY_CLOSED,0,5,15,0,2,api,cloud,
2026-08-15T14:18:00,2026-08-15T19:18:00.029Z,2026-08-15,14:18,Sat,EMPTY_CLOSED,0,5,15,0,2,api,cloud,
2026-08-15T14:19:00,2026-08-15T19:19:00.030Z,2026-08-15,14:19,Sat,EMPTY_CLOSED,0,5,15,0,2,api,cloud,
2026-08-15T14:20:00,2026-08-15T19:20:00.029Z,2026-08-15,14:20,Sat,EMPTY_CLOSED,0,5,15,0,2,api,cloud,
2026-08-15T14:21:00,2026-08-15T19:21:00.029Z,2026-08-15,14:21,Sat,EMPTY_CLOSED,0,5,15,0,2,api,cloud,
2026-08-15T14:22:00,2026-08-15T19:22:00.002Z,2026-08-15,14:22,Sat,EMPTY_CLOSED,0,5,15,0,2,api,cloud,
2026-08-15T14:23:00,2026-08-15T19:23:00.007Z,2026-08-15,14:23,Sat,EMPTY_CLOSED,0,5,15,0,2,api,cloud,
2026-08-15T14:24:00,2026-08-15T19:24:00.011Z,2026-08-15,14:24,Sat,EMPTY_CLOSED,0,5,15,0,2,api,cloud,
2026-08-15T14:25:00,2026-08-15T19:25:00.015Z,2026-08-15,14:25,Sat,EMPTY_CLOSED,0,5,15,0,2,api,cloud,
2026-08-15T14:26:00,2026-08-15T19:26:00.020Z,2026-08-15,14:26,Sat,EMPTY_CLOSED,0,5,15,0,2,api,cloud,
2026-08-15T14:27:00,2026-08-15T19:27:00.029Z,2026-08-15,14:27,Sat,EMPTY_CLOSED,0,5,15,0,2,api,cloud,
2026-08-15T14:28:00,2026-08-15T19:28:00.003Z,2026-08-15,14:28,Sat,EMPTY_CLOSED,0,5,15,0,2,api,cloud,
2026-08-15T14:29:00,2026-08-15T19:29:00.028Z,2026-08-15,14:29,Sat,EMPTY_CLOSED,0,5,15,0,2,api,cloud,
2026-08-15T14:30:00,2026-08-15T19:30:00.030Z,2026-08-15,14:30,Sat,EMPTY_CLOSED,0,5,15,0,2,api,cloud,
2026-08-15T14:31:00,2026-08-15T19:31:00.029Z,2026-08-15,14:31,Sat,EMPTY_CLOSED,0,5,15,0,2,api,cloud,
2026-08-15T14:32:00,2026-08-15T19:32:00.029Z,2026-08-15,14:32,Sat,EMPTY_CLOSED,0,5,15,0,2,api,cloud,
2026-08-15T14:33:00,2026-08-15T19:33:00.030Z,2026-08-15,14:33,Sat,EMPTY_CLOSED,0,5,15,0,2,api,cloud,
2026-08-15T14:34:00,2026-08-15T19:34:00.029Z,2026-08-15,14:34,Sat,EMPTY_CLOSED,0,5,15,0,2,api,cloud,
2026-08-15T14:35:00,2026-08-15T19:35:00.028Z,2026-08-15,14:35,Sat,EMPTY_CLOSED,0,5,15,0,2,api,cloud,
2026-08-15T14:36:00,2026-08-15T19:36:00.029Z,2026-08-15,14:36,Sat,EMPTY_CLOSED,0,5,15,0,2,api,cloud,
2026-08-15T14:37:00,2026-08-15T19:37:00.017Z,2026-08-15,14:37,Sat,EMPTY_CLOSED,0,5,15,0,2,api,cloud,
2026-08-15T14:38:00,2026-08-15T19:38:00.009Z,2026-08-15,14:38,Sat,EMPTY_CLOSED,0,5,15,0,2,api,cloud,
2026-08-15T14:39:00,2026-08-15T19:39:00.002Z,2026-08-15,14:39,Sat,EMPTY_CLOSED,0,5,15,0,2,api,cloud,
2026-08-15T14:40:00,2026-08-15T19:40:00.007Z,2026-08-15,14:40,Sat,EMPTY_CLOSED,0,5,15,0,2,api,cloud,
2026-08-15T14:41:00,2026-08-15T19:41:00.022Z,2026-08-15,14:41,Sat,EMPTY_CLOSED,0,5,15,0,2,api,local,
2026-08-15T14:42:00,2026-08-15T19:42:00.004Z,2026-08-15,14:42,Sat,EMPTY_CLOSED,0,5,15,0,2,api,cloud,
2026-08-15T14:43:00,2026-08-15T19:43:00.024Z,2026-08-15,14:43,Sat,EMPTY_CLOSED,0,5,15,0,2,api,cloud,
2026-08-15T14:44:00,2026-08-15T19:44:00.036Z,2026-08-15,14:44,Sat,EMPTY_CLOSED,0,5,15,0,2,api,local,
2026-08-15T14:45:00,2026-08-15T19:45:00.049Z,2026-08-15,14:45,Sat,EMPTY_CLOSED,0,5,15,0,2,api,local,
2026-08-15T14:46:00,2026-08-15T19:46:00.062Z,2026-08-15,14:46,Sat,EMPTY_CLOSED,0,5,15,0,2,api,local,
2026-08-15T14:47:00,2026-08-15T19:47:00.006Z,2026-08-15,14:47,Sat,NO_MODULE,,,,,,dom,cloud,waitlist module absent
2026-08-15T14:48:00,2026-08-15T19:48:00.004Z,2026-08-15,14:48,Sat,EMPTY_CLOSED,0,5,15,0,2,api,cloud,
2026-08-15T14:49:00,2026-08-15T19:49:00.036Z,2026-08-15,14:49,Sat,EMPTY_CLOSED,0,5,15,0,2,api,local,
2026-08-15T14:50:00,2026-08-15T19:50:00.005Z,2026-08-15,14:50,Sat,NO_MODULE,,,,,,dom,cloud,waitlist module absent
2026-08-15T14:51:00,2026-08-15T19:51:00.004Z,2026-08-15,14:51,Sat,NO_MODULE,,,,,,dom,cloud,waitlist module absent
2026-08-15T14:52:00,2026-08-15T19:52:00.006Z,2026-08-15,14:52,Sat,NO_MODULE,,,,,,dom,cloud,waitlist module absent
2026-08-15T14:53:00,2026-08-15T19:53:00.005Z,2026-08-15,14:53,Sat,NO_MODULE,,,,,,dom,cloud,waitlist module absent
2026-08-15T14:54:00,2026-08-15T19:54:00.006Z,2026-08-15,14:54,Sat,NO_MODULE,,,,,,dom,cloud,waitlist module absent
2026-08-15T14:55:00,2026-08-15T19:55:00.004Z,2026-08-15,14:55,Sat,NO_MODULE,,,,,,dom,cloud,waitlist module absent
2026-08-15T14:56:00,2026-08-15T19:56:00.005Z,2026-08-15,14:56,Sat,NO_MODULE,,,,,,dom,cloud,waitlist module absent
2026-08-15T14:57:00,2026-08-15T19:57:00.004Z,2026-08-15,14:57,Sat,NO_MODULE,,,,,,dom,cloud,waitlist module absent
2026-08-15T14:58:00,2026-08-15T19:58:00.005Z,2026-08-15,14:58,Sat,NO_MODULE,,,,,,dom,cloud,waitlist module absent
2026-08-15T14:59:00,2026-08-15T19:59:00.004Z,2026-08-15,14:59,Sat,NO_MODULE,,,,,,dom,cloud,waitlist module absent
2026-08-15T15:00:00,2026-08-15T20:00:00.006Z,2026-08-15,15:00,Sat,NO_MODULE,,,,,,dom,cloud,waitlist module absent
2026-08-15T15:01:00,2026-08-15T20:01:00.005Z,2026-08-15,15:01,Sat,NO_MODULE,,,,,,dom,cloud,waitlist module absent
2026-08-15T15:02:00,2026-08-15T20:02:00.005Z,2026-08-15,15:02,Sat,NO_MODULE,,,,,,dom,cloud,waitlist module absent
2026-08-15T15:03:00,2026-08-15T20:03:00.004Z,2026-08-15,15:03,Sat,NO_MODULE,,,,,,dom,cloud,waitlist module absent
2026-08-15T15:04:00,2026-08-15T20:04:00.005Z,2026-08-15,15:04,Sat,NO_MODULE,,,,,,dom,cloud,waitlist module absent
2026-08-15T15:05:00,2026-08-15T20:05:00.004Z,2026-08-15,15:05,Sat,NO_MODULE,,,,,,dom,cloud,waitlist module absent
2026-08-15T15:06:00,2026-08-15T20:06:00.004Z,2026-08-15,15:06,Sat,NO_MODULE,,,,,,dom,cloud,waitlist module absent
2026-08-15T15:07:00,2026-08-15T20:07:00.005Z,2026-08-15,15:07,Sat,NO_MODULE,,,,,,dom,cloud,waitlist module absent
2026-08-15T15:08:00,2026-08-15T20:08:00.005Z,2026-08-15,15:08,Sat,NO_MODULE,,,,,,dom,cloud,waitlist module absent
2026-08-15T15:09:00,2026-08-15T20:09:00.001Z,2026-08-15,15:09,Sat,NO_MODULE,,,,,,dom,cloud,waitlist module absent
2026-08-15T15:10:00,2026-08-15T20:10:00.006Z,2026-08-15,15:10,Sat,NO_MODULE,,,,,,dom,cloud,waitlist module absent
2026-08-15T15:11:00,2026-08-15T20:11:00.005Z,2026-08-15,15:11,Sat,NO_MODULE,,,,,,dom,cloud,waitlist module absent
2026-08-15T15:12:00,2026-08-15T20:12:00.004Z,2026-08-15,15:12,Sat,NO_MODULE,,,,,,dom,cloud,waitlist module absent
2026-08-15T15:13:00,2026-08-15T20:13:00.005Z,2026-08-15,15:13,Sat,NO_MODULE,,,,,,dom,cloud,waitlist module absent
2026-08-15T15:14:00,2026-08-15T20:14:00.005Z,2026-08-15,15:14,Sat,NO_MODULE,,,,,,dom,cloud,waitlist module absent
2026-08-15T15:15:00,2026-08-15T20:15:00.005Z,2026-08-15,15:15,Sat,NO_MODULE,,,,,,dom,cloud,waitlist module absent
2026-08-15T15:16:00,2026-08-15T20:16:00.005Z,2026-08-15,15:16,Sat,NO_MODULE,,,,,,dom,cloud,waitlist module absent
2026-08-15T15:17:00,2026-08-15T20:17:00.004Z,2026-08-15,15:17,Sat,NO_MODULE,,,,,,dom,cloud,waitlist module absent
2026-08-15T15:18:00,2026-08-15T20:18:00.004Z,2026-08-15,15:18,Sat,NO_MODULE,,,,,,dom,cloud,waitlist module absent
2026-08-15T15:19:00,2026-08-15T20:19:00.006Z,2026-08-15,15:19,Sat,NO_MODULE,,,,,,dom,cloud,waitlist module absent
2026-08-15T15:20:00,2026-08-15T20:20:00.005Z,2026-08-15,15:20,Sat,NO_MODULE,,,,,,dom,cloud,waitlist module absent
2026-08-15T15:21:00,2026-08-15T20:21:00.004Z,2026-08-15,15:21,Sat,NO_MODULE,,,,,,dom,cloud,waitlist module absent
2026-08-15T15:22:00,2026-08-15T20:22:00.004Z,2026-08-15,15:22,Sat,NO_MODULE,,,,,,dom,cloud,waitlist module absent
2026-08-15T15:23:00,2026-08-15T20:23:00.004Z,2026-08-15,15:23,Sat,NO_MODULE,,,,,,dom,cloud,waitlist module absent
2026-08-15T15:24:00,2026-08-15T20:24:00.005Z,2026-08-15,15:24,Sat,NO_MODULE,,,,,,dom,cloud,waitlist module absent
2026-08-15T15:25:00,2026-08-15T20:25:00.005Z,2026-08-15,15:25,Sat,NO_MODULE,,,,,,dom,cloud,waitlist module absent
2026-08-15T15:26:00,2026-08-15T20:26:00.006Z,2026-08-15,15:26,Sat,NO_MODULE,,,,,,dom,cloud,waitlist module absent
2026-08-15T15:27:00,2026-08-15T20:27:00.005Z,2026-08-15,15:27,Sat,NO_MODULE,,,,,,dom,cloud,waitlist module absent
2026-08-15T15:28:00,2026-08-15T20:28:00.004Z,2026-08-15,15:28,Sat,NO_MODULE,,,,,,dom,cloud,waitlist module absent
2026-08-15T15:29:00,2026-08-15T20:29:00.006Z,2026-08-15,15:29,Sat,NO_MODULE,,,,,,dom,cloud,waitlist module absent
2026-08-16T06:00:12,2026-08-16T11:00:12.004Z,2026-08-16,06:00,Sun,NO_MODULE,,,,,,dom,cloud,waitlist module absent
2026-08-16T06:02:00,2026-08-16T11:02:00.007Z,2026-08-16,06:02,Sun,NO_MODULE,,,,,,dom,cloud,waitlist module absent
2026-08-16T06:03:00,2026-08-16T11:03:00.005Z,2026-08-16,06:03,Sun,NO_MODULE,,,,,,dom,cloud,waitlist module absent
2026-08-16T06:04:00,2026-08-16T11:04:00.005Z,2026-08-16,06:04,Sun,NO_MODULE,,,,,,dom,cloud,waitlist module absent
2026-08-16T06:05:00,2026-08-16T11:05:00.005Z,2026-08-16,06:05,Sun,NO_MODULE,,,,,,dom,cloud,waitlist module absent
2026-08-16T06:06:00,2026-08-16T11:06:00.006Z,2026-08-16,06:06,Sun,NO_MODULE,,,,,,dom,cloud,waitlist module absent
2026-08-16T06:07:00,2026-08-16T11:07:00.004Z,2026-08-16,06:07,Sun,NO_MODULE,,,,,,dom,cloud,waitlist module absent
2026-08-16T06:08:00,2026-08-16T11:08:00.004Z,2026-08-16,06:08,Sun,NO_MODULE,,,,,,dom,cloud,waitlist module absent
2026-08-16T06:09:00,2026-08-16T11:09:00.006Z,2026-08-16,06:09,Sun,NO_MODULE,,,,,,dom,cloud,waitlist module absent
2026-08-16T06:10:00,2026-08-16T11:10:00.004Z,2026-08-16,06:10,Sun,NO_MODULE,,,,,,dom,cloud,waitlist module absent
2026-08-16T06:11:00,2026-08-16T11:11:00.005Z,2026-08-16,06:11,Sun,NO_MODULE,,,,,,dom,cloud,waitlist module absent
2026-08-16T06:12:00,2026-08-16T11:12:00.003Z,2026-08-16,06:12,Sun,NO_MODULE,,,,,,dom,cloud,waitlist module absent
2026-08-16T06:13:00,2026-08-16T11:13:00.006Z,2026-08-16,06:13,Sun,NO_MODULE,,,,,,dom,cloud,waitlist module absent
2026-08-16T06:14:00,2026-08-16T11:14:00.004Z,2026-08-16,06:14,Sun,NO_MODULE,,,,,,dom,cloud,waitlist module absent
2026-08-16T06:15:00,2026-08-16T11:15:00.005Z,2026-08-16,06:15,Sun,NO_MODULE,,,,,,dom,cloud,waitlist module absent
2026-08-16T06:16:00,2026-08-16T11:16:00.006Z,2026-08-16,06:16,Sun,NO_MODULE,,,,,,dom,cloud,waitlist module absent
2026-08-16T06:17:00,2026-08-16T11:17:00.006Z,2026-08-16,06:17,Sun,NO_MODULE,,,,,,dom,cloud,waitlist module absent
2026-08-16T06:18:00,2026-08-16T11:18:00.005Z,2026-08-16,06:18,Sun,NO_MODULE,,,,,,dom,cloud,waitlist module absent
2026-08-16T06:19:00,2026-08-16T11:19:00.004Z,2026-08-16,06:19,Sun,NO_MODULE,,,,,,dom,cloud,waitlist module absent
2026-08-16T06:20:00,2026-08-16T11:20:00.004Z,2026-08-16,06:20,Sun,NO_MODULE,,,,,,dom,cloud,waitlist module absent
2026-08-16T06:21:00,2026-08-16T11:21:00.004Z,2026-08-16,06:21,Sun,NO_MODULE,,,,,,dom,cloud,waitlist module absent
2026-08-16T06:22:00,2026-08-16T11:22:00.003Z,2026-08-16,06:22,Sun,NO_MODULE,,,,,,dom,cloud,waitlist module absent
2026-08-16T06:23:00,2026-08-16T11:23:00.005Z,2026-08-16,06:23,Sun,NO_MODULE,,,,,,dom,cloud,waitlist module absent
2026-08-16T06:24:00,2026-08-16T11:24:00.004Z,2026-08-16,06:24,Sun,NO_MODULE,,,,,,dom,cloud,waitlist module absent
2026-08-16T06:25:00,2026-08-16T11:25:00.004Z,2026-08-16,06:25,Sun,NO_MODULE,,,,,,dom,cloud,waitlist module absent
2026-08-16T06:26:00,2026-08-16T11:26:00.005Z,2026-08-16,06:26,Sun,NO_MODULE,,,,,,dom,cloud,waitlist module absent
2026-08-16T06:27:00,2026-08-16T11:27:00.006Z,2026-08-16,06:27,Sun,NO_MODULE,,,,,,dom,cloud,waitlist module absent
2026-08-16T06:28:00,2026-08-16T11:28:00.005Z,2026-08-16,06:28,Sun,NO_MODULE,,,,,,dom,cloud,waitlist module absent
2026-08-16T06:29:00,2026-08-16T11:29:00.006Z,2026-08-16,06:29,Sun,NO_MODULE,,,,,,dom,cloud,waitlist module absent
2026-08-16T06:30:00,2026-08-16T11:30:00.005Z,2026-08-16,06:30,Sun,NO_MODULE,,,,,,dom,cloud,waitlist module absent
2026-08-16T06:31:00,2026-08-16T11:31:00.006Z,2026-08-16,06:31,Sun,NO_MODULE,,,,,,dom,cloud,waitlist module absent
2026-08-16T06:32:00,2026-08-16T11:32:00.004Z,2026-08-16,06:32,Sun,EMPTY_CLOSED,0,5,15,0,2,api,cloud,
2026-08-16T06:33:00,2026-08-16T11:33:00.023Z,2026-08-16,06:33,Sun,NO_MODULE,,,,,,dom,cloud,waitlist module absent
2026-08-16T06:34:00,2026-08-16T11:34:00.004Z,2026-08-16,06:34,Sun,NO_MODULE,,,,,,dom,cloud,waitlist module absent
2026-08-16T06:35:00,2026-08-16T11:35:00.006Z,2026-08-16,06:35,Sun,NO_MODULE,,,,,,dom,cloud,waitlist module absent
2026-08-16T06:36:00,2026-08-16T11:36:00.004Z,2026-08-16,06:36,Sun,NO_MODULE,,,,,,dom,cloud,waitlist module absent
2026-08-16T06:37:00,2026-08-16T11:37:00.005Z,2026-08-16,06:37,Sun,NO_MODULE,,,,,,dom,cloud,waitlist module absent
2026-08-16T06:38:00,2026-08-16T11:38:00.004Z,2026-08-16,06:38,Sun,EMPTY_CLOSED,0,5,15,0,2,api,cloud,
2026-08-16T06:39:00,2026-08-16T11:39:00.028Z,2026-08-16,06:39,Sun,EMPTY_CLOSED,0,5,15,0,2,api,cloud,
2026-08-16T06:40:00,2026-08-16T11:40:00.019Z,2026-08-16,06:40,Sun,NO_MODULE,,,,,,dom,cloud,waitlist module absent
2026-08-16T06:41:00,2026-08-16T11:41:00.006Z,2026-08-16,06:41,Sun,EMPTY_CLOSED,0,5,15,0,2,api,cloud,
2026-08-16T06:42:00,2026-08-16T11:42:00.029Z,2026-08-16,06:42,Sun,EMPTY_CLOSED,0,5,15,0,2,api,cloud,
2026-08-16T06:43:00,2026-08-16T11:43:00.029Z,2026-08-16,06:43,Sun,EMPTY_CLOSED,0,5,15,0,2,api,cloud,
2026-08-16T06:44:00,2026-08-16T11:44:00.007Z,2026-08-16,06:44,Sun,EMPTY_CLOSED,0,5,15,0,2,api,cloud,
2026-08-16T06:45:00,2026-08-16T11:45:00.015Z,2026-08-16,06:45,Sun,NO_MODULE,,,,,,dom,cloud,waitlist module absent
2026-08-16T06:46:00,2026-08-16T11:46:00.005Z,2026-08-16,06:46,Sun,EMPTY_CLOSED,0,5,15,0,2,api,cloud,
2026-08-16T06:47:00,2026-08-16T11:47:00.015Z,2026-08-16,06:47,Sun,EMPTY_CLOSED,0,5,15,0,2,api,cloud,
2026-08-16T06:48:00,2026-08-16T11:48:00.001Z,2026-08-16,06:48,Sun,EMPTY_CLOSED,0,5,15,0,2,api,cloud,
2026-08-16T06:49:00,2026-08-16T11:49:00.023Z,2026-08-16,06:49,Sun,EMPTY_CLOSED,0,5,15,0,2,api,cloud,
2026-08-16T06:50:00,2026-08-16T11:50:00.022Z,2026-08-16,06:50,Sun,EMPTY_CLOSED,0,5,15,0,2,api,cloud,
2026-08-16T06:51:00,2026-08-16T11:51:00.026Z,2026-08-16,06:51,Sun,NO_MODULE,,,,,,dom,cloud,waitlist module absent
2026-08-16T06:52:00,2026-08-16T11:52:00.004Z,2026-08-16,06:52,Sun,EMPTY_CLOSED,0,5,15,0,2,api,cloud,
2026-08-16T06:53:00,2026-08-16T11:53:00.003Z,2026-08-16,06:53,Sun,EMPTY_CLOSED,0,5,15,0,2,api,cloud,
2026-08-16T06:54:00,2026-08-16T11:54:00.028Z,2026-08-16,06:54,Sun,EMPTY_CLOSED,0,5,15,0,2,api,cloud,
2026-08-16T06:55:00,2026-08-16T11:55:00.028Z,2026-08-16,06:55,Sun,EMPTY_CLOSED,0,5,15,0,2,api,cloud,
2026-08-16T06:56:00,2026-08-16T11:56:00.030Z,2026-08-16,06:56,Sun,EMPTY_CLOSED,0,5,15,0,2,api,cloud,
2026-08-16T06:57:00,2026-08-16T11:57:00.007Z,2026-08-16,06:57,Sun,EMPTY_CLOSED,0,5,15,0,2,api,cloud,
2026-08-16T06:58:00,2026-08-16T11:58:00.011Z,2026-08-16,06:58,Sun,EMPTY_CLOSED,0,5,15,0,2,api,cloud,
2026-08-16T06:59:00,2026-08-16T11:59:00.023Z,2026-08-16,06:59,Sun,EMPTY_CLOSED,0,5,15,0,2,api,cloud,
2026-08-16T07:00:00,2026-08-16T12:00:00.030Z,2026-08-16,07:00,Sun,EMPTY_CLOSED,0,5,15,0,2,api,cloud,
2026-08-16T07:01:00,2026-08-16T12:01:00.024Z,2026-08-16,07:01,Sun,EMPTY_CLOSED,0,5,15,0,2,api,cloud,
2026-08-16T07:02:00,2026-08-16T12:02:00.007Z,2026-08-16,07:02,Sun,EMPTY_CLOSED,0,5,15,0,2,api,cloud,
2026-08-16T07:03:00,2026-08-16T12:03:00.011Z,2026-08-16,07:03,Sun,EMPTY_CLOSED,0,5,15,0,2,api,cloud,
2026-08-16T07:04:00,2026-08-16T12:04:00.027Z,2026-08-16,07:04,Sun,EMPTY_CLOSED,0,5,15,0,2,api,cloud,
2026-08-16T07:05:00,2026-08-16T12:05:00.014Z,2026-08-16,07:05,Sun,EMPTY_CLOSED,0,5,15,0,2,api,cloud,
2026-08-16T07:06:00,2026-08-16T12:06:00.007Z,2026-08-16,07:06,Sun,EMPTY_CLOSED,0,5,15,0,2,api,cloud,
2026-08-16T07:07:00,2026-08-16T12:07:00.017Z,2026-08-16,07:07,Sun,EMPTY_CLOSED,0,5,15,0,2,api,cloud,
2026-08-16T07:08:00,2026-08-16T12:08:00.021Z,2026-08-16,07:08,Sun,EMPTY_CLOSED,0,5,15,0,2,api,cloud,
2026-08-16T07:09:00,2026-08-16T12:09:00.025Z,2026-08-16,07:09,Sun,EMPTY_CLOSED,0,5,15,0,2,api,cloud,
2026-08-16T07:10:00,2026-08-16T12:10:00.007Z,2026-08-16,07:10,Sun,EMPTY_CLOSED,0,5,15,0,2,api,cloud,
2026-08-16T07:11:00,2026-08-16T12:11:00.024Z,2026-08-16,07:11,Sun,EMPTY_CLOSED,0,5,15,0,2,api,cloud,
2026-08-16T07:12:00,2026-08-16T12:12:00.023Z,2026-08-16,07:12,Sun,EMPTY_CLOSED,0,5,15,0,2,api,cloud,
2026-08-16T07:13:00,2026-08-16T12:13:00.025Z,2026-08-16,07:13,Sun,EMPTY_CLOSED,0,5,15,0,2,api,cloud,
2026-08-16T07:14:00,2026-08-16T12:14:00.007Z,2026-08-16,07:14,Sun,EMPTY_CLOSED,0,5,15,0,2,api,cloud,
2026-08-16T07:15:00,2026-08-16T12:15:00.027Z,2026-08-16,07:15,Sun,EMPTY_CLOSED,0,5,15,0,2,api,cloud,
2026-08-16T07:16:00,2026-08-16T12:16:00.029Z,2026-08-16,07:16,Sun,EMPTY_CLOSED,0,5,15,0,2,api,cloud,
2026-08-16T07:17:00,2026-08-16T12:17:00.020Z,2026-08-16,07:17,Sun,EMPTY_CLOSED,0,5,15,0,2,api,cloud,
2026-08-16T07:18:00,2026-08-16T12:18:00.024Z,2026-08-16,07:18,Sun,EMPTY_CLOSED,0,5,15,0,2,api,cloud,
2026-08-16T07:19:00,2026-08-16T12:19:00.023Z,2026-08-16,07:19,Sun,EMPTY_CLOSED,0,5,15,0,2,api,cloud,
2026-08-16T07:20:00,2026-08-16T12:20:00.027Z,2026-08-16,07:20,Sun,EMPTY_CLOSED,0,5,15,0,2,api,cloud,
2026-08-16T07:21:00,2026-08-16T12:21:00.003Z,2026-08-16,07:21,Sun,EMPTY_CLOSED,0,5,15,0,2,api,cloud,
2026-08-16T07:22:00,2026-08-16T12:22:00.007Z,2026-08-16,07:22,Sun,EMPTY_CLOSED,0,5,15,0,2,api,cloud,
2026-08-16T07:23:00,2026-08-16T12:23:00.007Z,2026-08-16,07:23,Sun,EMPTY_CLOSED,0,5,15,0,2,api,cloud,
2026-08-16T07:24:00,2026-08-16T12:24:00.029Z,2026-08-16,07:24,Sun,EMPTY_CLOSED,0,5,15,0,2,api,cloud,
2026-08-16T07:25:00,2026-08-16T12:25:00.023Z,2026-08-16,07:25,Sun,EMPTY_CLOSED,0,5,15,0,2,api,cloud,
2026-08-16T07:26:00,2026-08-16T12:26:00.001Z,2026-08-16,07:26,Sun,EMPTY_CLOSED,0,5,15,0,2,api,cloud,
2026-08-16T07:27:00,2026-08-16T12:27:00.029Z,2026-08-16,07:27,Sun,EMPTY_CLOSED,0,5,15,0,2,api,cloud,
2026-08-16T07:28:00,2026-08-16T12:28:00.030Z,2026-08-16,07:28,Sun,EMPTY_CLOSED,0,5,15,0,2,api,cloud,
2026-08-16T07:29:00,2026-08-16T12:29:00.030Z,2026-08-16,07:29,Sun,EMPTY_CLOSED,0,5,15,0,2,api,cloud,
2026-08-16T07:30:00,2026-08-16T12:30:00.020Z,2026-08-16,07:30,Sun,EMPTY_CLOSED,0,5,15,0,2,api,cloud,
2026-08-16T07:31:00,2026-08-16T12:31:00.026Z,2026-08-16,07:31,Sun,EMPTY_CLOSED,0,5,15,0,2,api,cloud,
2026-08-16T07:32:00,2026-08-16T12:32:00.007Z,2026-08-16,07:32,Sun,EMPTY_CLOSED,0,5,15,0,2,api,cloud,
2026-08-16T07:33:00,2026-08-16T12:33:00.012Z,2026-08-16,07:33,Sun,EMPTY_CLOSED,0,5,15,0,2,api,cloud,
2026-08-16T07:34:00,2026-08-16T12:34:00.029Z,2026-08-16,07:34,Sun,EMPTY_CLOSED,0,5,15,0,2,api,cloud,
2026-08-16T07:35:00,2026-08-16T12:35:00.029Z,2026-08-16,07:35,Sun,EMPTY_CLOSED,0,5,15,0,2,api,cloud,
2026-08-16T07:36:00,2026-08-16T12:36:00.007Z,2026-08-16,07:36,Sun,EMPTY_CLOSED,0,5,15,0,2,api,cloud,
2026-08-16T07:37:00,2026-08-16T12:37:00.012Z,2026-08-16,07:37,Sun,EMPTY_CLOSED,0,5,15,0,2,api,cloud,
2026-08-16T07:38:00,2026-08-16T12:38:00.023Z,2026-08-16,07:38,Sun,EMPTY_CLOSED,0,5,15,0,2,api,cloud,
2026-08-16T07:39:00,2026-08-16T12:39:00.028Z,2026-08-16,07:39,Sun,EMPTY_CLOSED,0,5,15,0,2,api,cloud,
2026-08-16T07:40:00,2026-08-16T12:40:00.028Z,2026-08-16,07:40,Sun,EMPTY_CLOSED,0,5,15,0,2,api,cloud,
2026-08-16T07:41:00,2026-08-16T12:41:00.027Z,2026-08-16,07:41,Sun,EMPTY_CLOSED,0,5,15,0,2,api,cloud,
2026-08-16T07:42:00,2026-08-16T12:42:00.007Z,2026-08-16,07:42,Sun,EMPTY_CLOSED,0,5,15,0,2,api,cloud,
2026-08-16T07:43:00,2026-08-16T12:43:00.027Z,2026-08-16,07:43,Sun,EMPTY_CLOSED,0,5,15,0,2,api,cloud,
2026-08-16T07:44:00,2026-08-16T12:44:00.007Z,2026-08-16,07:44,Sun,EMPTY_CLOSED,0,5,15,0,2,api,cloud,
2026-08-16T07:45:00,2026-08-16T12:45:00.011Z,2026-08-16,07:45,Sun,EMPTY_CLOSED,0,5,15,0,2,api,cloud,
2026-08-16T07:46:00,2026-08-16T12:46:00.028Z,2026-08-16,07:46,Sun,EMPTY_CLOSED,0,5,15,0,2,api,cloud,
2026-08-16T07:47:00,2026-08-16T12:47:00.028Z,2026-08-16,07:47,Sun,EMPTY_CLOSED,0,5,15,0,2,api,cloud,
2026-08-16T07:48:00,2026-08-16T12:48:00.020Z,2026-08-16,07:48,Sun,EMPTY_CLOSED,0,5,15,0,2,api,cloud,
2026-08-16T07:49:00,2026-08-16T12:49:00.007Z,2026-08-16,07:49,Sun,EMPTY_CLOSED,0,5,15,0,2,api,cloud,
2026-08-16T07:50:00,2026-08-16T12:50:00.011Z,2026-08-16,07:50,Sun,EMPTY_CLOSED,0,5,15,0,2,api,cloud,
2026-08-16T07:51:00,2026-08-16T12:51:00.023Z,2026-08-16,07:51,Sun,EMPTY_CLOSED,0,5,15,0,2,api,cloud,
2026-08-16T07:52:00,2026-08-16T12:52:00.028Z,2026-08-16,07:52,Sun,EMPTY_CLOSED,0,5,15,0,2,api,cloud,
2026-08-16T07:53:00,2026-08-16T12:53:00.013Z,2026-08-16,07:53,Sun,EMPTY_CLOSED,0,5,15,0,2,api,cloud,
2026-08-16T07:54:00,2026-08-16T12:54:00.017Z,2026-08-16,07:54,Sun,EMPTY_CLOSED,0,5,15,0,2,api,cloud,
2026-08-16T07:55:00,2026-08-16T12:55:00.027Z,2026-08-16,07:55,Sun,EMPTY_CLOSED,0,5,15,0,2,api,cloud,
2026-08-16T07:56:00,2026-08-16T12:56:00.007Z,2026-08-16,07:56,Sun,EMPTY_CLOSED,0,5,15,0,2,api,cloud,
2026-08-16T07:57:00,2026-08-16T12:57:00.011Z,2026-08-16,07:57,Sun,EMPTY_CLOSED,0,5,15,0,2,api,cloud,
2026-08-16T07:58:00,2026-08-16T12:58:00.015Z,2026-08-16,07:58,Sun,EMPTY_CLOSED,0,5,15,0,2,api,cloud,
2026-08-16T07:59:00,2026-08-16T12:59:00.029Z,2026-08-16,07:59,Sun,EMPTY_CLOSED,0,5,15,0,2,api,cloud,
2026-08-16T08:00:00,2026-08-16T13:00:00.027Z,2026-08-16,08:00,Sun,EMPTY_CLOSED,0,5,15,0,2,api,cloud,
2026-08-16T08:01:00,2026-08-16T13:01:00.028Z,2026-08-16,08:01,Sun,EMPTY_CLOSED,0,5,15,0,2,api,cloud,
2026-08-16T08:02:00,2026-08-16T13:02:00.015Z,2026-08-16,08:02,Sun,EMPTY_CLOSED,0,5,15,0,2,api,cloud,
2026-08-16T08:03:00,2026-08-16T13:03:00.020Z,2026-08-16,08:03,Sun,EMPTY_CLOSED,0,5,15,0,2,api,cloud,
2026-08-16T08:04:00,2026-08-16T13:04:00.015Z,2026-08-16,08:04,Sun,EMPTY_CLOSED,0,5,15,0,2,api,cloud,
2026-08-16T08:05:00,2026-08-16T13:05:00.027Z,2026-08-16,08:05,Sun,EMPTY_CLOSED,0,5,15,0,2,api,cloud,
2026-08-16T08:06:00,2026-08-16T13:06:00.007Z,2026-08-16,08:06,Sun,EMPTY_CLOSED,0,5,15,0,2,api,cloud,
2026-08-16T08:07:00,2026-08-16T13:07:00.011Z,2026-08-16,08:07,Sun,EMPTY_CLOSED,0,5,15,0,2,api,cloud,
2026-08-16T08:08:00,2026-08-16T13:08:00.016Z,2026-08-16,08:08,Sun,EMPTY_CLOSED,0,5,15,0,2,api,cloud,
2026-08-16T08:09:00,2026-08-16T13:09:00.028Z,2026-08-16,08:09,Sun,EMPTY_CLOSED,0,5,15,0,2,api,cloud,
2026-08-16T08:10:00,2026-08-16T13:10:00.028Z,2026-08-16,08:10,Sun,EMPTY_CLOSED,0,5,15,0,2,api,cloud,
2026-08-16T08:11:00,2026-08-16T13:11:00.022Z,2026-08-16,08:11,Sun,EMPTY_CLOSED,0,5,15,0,2,api,cloud,
2026-08-16T08:12:00,2026-08-16T13:12:00.028Z,2026-08-16,08:12,Sun,EMPTY_CLOSED,0,5,15,0,2,api,cloud,
2026-08-16T08:13:00,2026-08-16T13:13:00.029Z,2026-08-16,08:13,Sun,EMPTY_CLOSED,0,5,15,0,2,api,cloud,
2026-08-16T08:14:00,2026-08-16T13:14:00.029Z,2026-08-16,08:14,Sun,EMPTY_CLOSED,0,5,15,0,2,api,cloud,
2026-08-16T08:15:00,2026-08-16T13:15:00.007Z,2026-08-16,08:15,Sun,EMPTY_CLOSED,0,5,15,0,2,api,cloud,
2026-08-16T08:16:00,2026-08-16T13:16:00.029Z,2026-08-16,08:16,Sun,EMPTY_CLOSED,0,5,15,0,2,api,cloud,
2026-08-16T08:17:00,2026-08-16T13:17:00.023Z,2026-08-16,08:17,Sun,EMPTY_CLOSED,0,5,15,0,2,api,cloud,
2026-08-16T08:18:00,2026-08-16T13:18:00.008Z,2026-08-16,08:18,Sun,EMPTY_CLOSED,0,5,15,0,2,api,cloud,
2026-08-16T08:19:00,2026-08-16T13:19:00.027Z,2026-08-16,08:19,Sun,EMPTY_CLOSED,0,5,15,0,2,api,cloud,
2026-08-16T08:20:00,2026-08-16T13:20:00.027Z,2026-08-16,08:20,Sun,EMPTY_CLOSED,0,5,15,0,2,api,cloud,
2026-08-16T08:21:00,2026-08-16T13:21:00.005Z,2026-08-16,08:21,Sun,EMPTY_CLOSED,0,5,15,0,2,api,cloud,
2026-08-16T08:22:00,2026-08-16T13:22:00.007Z,2026-08-16,08:22,Sun,EMPTY_CLOSED,0,5,15,0,2,api,cloud,
2026-08-16T08:23:00,2026-08-16T13:23:00.011Z,2026-08-16,08:23,Sun,EMPTY_CLOSED,0,5,15,0,2,api,cloud,
2026-08-16T08:24:00,2026-08-16T13:24:00.016Z,2026-08-16,08:24,Sun,EMPTY_CLOSED,0,5,15,0,2,api,cloud,
2026-08-16T08:25:00,2026-08-16T13:25:00.027Z,2026-08-16,08:25,Sun,EMPTY_CLOSED,0,5,15,0,2,api,cloud,
2026-08-16T08:26:00,2026-08-16T13:26:00.007Z,2026-08-16,08:26,Sun,EMPTY_CLOSED,0,5,15,0,2,api,cloud,
2026-08-16T08:27:00,2026-08-16T13:27:00.028Z,2026-08-16,08:27,Sun,EMPTY_CLOSED,0,5,15,0,2,api,cloud,
2026-08-16T08:28:00,2026-08-16T13:28:00.007Z,2026-08-16,08:28,Sun,EMPTY_CLOSED,0,5,15,0,2,api,cloud,
2026-08-16T08:29:00,2026-08-16T13:29:00.011Z,2026-08-16,08:29,Sun,EMPTY_CLOSED,0,5,15,0,2,api,cloud,
2026-08-16T08:30:00,2026-08-16T13:30:00.007Z,2026-08-16,08:30,Sun,EMPTY_CLOSED,0,5,15,0,2,api,cloud,
2026-08-16T08:31:00,2026-08-16T13:31:00.023Z,2026-08-16,08:31,Sun,EMPTY_CLOSED,0,5,15,0,2,api,cloud,
2026-08-16T08:32:00,2026-08-16T13:32:00.027Z,2026-08-16,08:32,Sun,EMPTY_CLOSED,0,5,15,0,2,api,cloud,
2026-08-16T08:33:00,2026-08-16T13:33:00.028Z,2026-08-16,08:33,Sun,EMPTY_CLOSED,0,5,15,0,2,api,cloud,
2026-08-16T08:34:00,2026-08-16T13:34:00.026Z,2026-08-16,08:34,Sun,EMPTY_CLOSED,0,5,15,0,2,api,cloud,
2026-08-16T08:35:00,2026-08-16T13:35:00.028Z,2026-08-16,08:35,Sun,EMPTY_CLOSED,0,5,15,0,2,api,cloud,
2026-08-16T08:36:00,2026-08-16T13:36:00.019Z,2026-08-16,08:36,Sun,EMPTY_CLOSED,0,5,15,0,2,api,cloud,
2026-08-16T08:37:00,2026-08-16T13:37:00.027Z,2026-08-16,08:37,Sun,EMPTY_CLOSED,0,5,15,0,2,api,cloud,
2026-08-16T08:38:00,2026-08-16T13:38:00.027Z,2026-08-16,08:38,Sun,EMPTY_CLOSED,0,5,15,0,2,api,cloud,
2026-08-16T08:39:00,2026-08-16T13:39:00.007Z,2026-08-16,08:39,Sun,EMPTY_CLOSED,0,5,15,0,2,api,cloud,
2026-08-16T08:40:00,2026-08-16T13:40:00.030Z,2026-08-16,08:40,Sun,EMPTY_CLOSED,0,5,15,0,2,api,cloud,
2026-08-16T08:41:00,2026-08-16T13:41:00.007Z,2026-08-16,08:41,Sun,EMPTY_CLOSED,0,5,15,0,2,api,cloud,
2026-08-16T08:42:00,2026-08-16T13:42:00.011Z,2026-08-16,08:42,Sun,EMPTY_CLOSED,0,5,15,0,2,api,cloud,
2026-08-16T08:43:00,2026-08-16T13:43:00.023Z,2026-08-16,08:43,Sun,EMPTY_CLOSED,0,5,15,0,2,api,cloud,
2026-08-16T08:44:00,2026-08-16T13:44:00.029Z,2026-08-16,08:44,Sun,EMPTY_CLOSED,0,5,15,0,2,api,cloud,
2026-08-16T08:45:00,2026-08-16T13:45:00.028Z,2026-08-16,08:45,Sun,EMPTY_CLOSED,0,5,15,0,2,api,cloud,
2026-08-16T08:46:00,2026-08-16T13:46:00.015Z,2026-08-16,08:46,Sun,EMPTY_CLOSED,0,5,15,0,2,api,cloud,
2026-08-16T08:47:00,2026-08-16T13:47:00.028Z,2026-08-16,08:47,Sun,EMPTY_CLOSED,0,5,15,0,2,api,cloud,
2026-08-16T08:48:00,2026-08-16T13:48:00.028Z,2026-08-16,08:48,Sun,EMPTY_CLOSED,0,5,15,0,2,api,cloud,
2026-08-16T08:49:00,2026-08-16T13:49:00.030Z,2026-08-16,08:49,Sun,EMPTY_CLOSED,0,5,15,0,2,api,cloud,
2026-08-16T08:50:00,2026-08-16T13:50:00.023Z,2026-08-16,08:50,Sun,EMPTY_CLOSED,0,5,15,0,2,api,cloud,
2026-08-16T08:51:00,2026-08-16T13:51:00.029Z,2026-08-16,08:51,Sun,OPEN,1,5,15,10.0,2,api,cloud,
2026-08-16T08:52:00,2026-08-16T13:52:00.007Z,2026-08-16,08:52,Sun,EMPTY_CLOSED,0,5,15,0,2,api,cloud,
2026-08-16T08:53:00,2026-08-16T13:53:00.030Z,2026-08-16,08:53,Sun,EMPTY_CLOSED,0,5,15,0,2,api,cloud,
2026-08-16T08:54:00,2026-08-16T13:54:00.007Z,2026-08-16,08:54,Sun,EMPTY_CLOSED,0,5,15,0,2,api,cloud,
2026-08-16T08:55:00,2026-08-16T13:55:00.011Z,2026-08-16,08:55,Sun,EMPTY_CLOSED,0,5,15,0,2,api,cloud,
2026-08-16T08:56:00,2026-08-16T13:56:00.007Z,2026-08-16,08:56,Sun,EMPTY_CLOSED,0,5,15,0,2,api,cloud,
2026-08-16T08:57:00,2026-08-16T13:57:00.028Z,2026-08-16,08:57,Sun,EMPTY_CLOSED,0,5,15,0,2,api,cloud,
2026-08-16T08:58:00,2026-08-16T13:58:00.029Z,2026-08-16,08:58,Sun,EMPTY_CLOSED,0,5,15,0,2,api,cloud,
2026-08-16T08:59:00,2026-08-16T13:59:00.006Z,2026-08-16,08:59,Sun,EMPTY_CLOSED,0,5,15,0,2,api,cloud,
2026-08-16T09:00:00,2026-08-16T14:00:00.010Z,2026-08-16,09:00,Sun,EMPTY_CLOSED,0,5,15,0,2,api,cloud,
2026-08-16T09:01:00,2026-08-16T14:01:00.014Z,2026-08-16,09:01,Sun,EMPTY_CLOSED,0,5,15,0,2,api,cloud,
2026-08-16T09:02:00,2026-08-16T14:02:00.019Z,2026-08-16,09:02,Sun,EMPTY_CLOSED,0,5,15,0,2,api,cloud,
2026-08-16T09:03:00,2026-08-16T14:03:00.023Z,2026-08-16,09:03,Sun,EMPTY_CLOSED,0,5,15,0,2,api,cloud,
2026-08-16T09:04:00,2026-08-16T14:04:00.023Z,2026-08-16,09:04,Sun,OPEN,1,5,15,10.0,2,api,cloud,
2026-08-16T09:05:00,2026-08-16T14:05:00.027Z,2026-08-16,09:05,Sun,OPEN,2,10,20,15.0,2,api,cloud,
2026-08-16T09:06:00,2026-08-16T14:06:00.027Z,2026-08-16,09:06,Sun,OPEN,2,10,20,15.0,2,api,cloud,
2026-08-16T09:07:00,2026-08-16T14:07:00.029Z,2026-08-16,09:07,Sun,OPEN,2,10,20,15.0,2,api,cloud,
2026-08-16T09:08:00,2026-08-16T14:08:00.027Z,2026-08-16,09:08,Sun,OPEN,3,10,20,15.0,2,api,cloud,
2026-08-16T09:09:00,2026-08-16T14:09:00.023Z,2026-08-16,09:09,Sun,OPEN,3,10,20,15.0,2,api,cloud,
2026-08-16T09:10:00,2026-08-16T14:10:00.028Z,2026-08-16,09:10,Sun,OPEN,6,15,25,20.0,2,api,cloud,
2026-08-16T09:11:00,2026-08-16T14:11:00.028Z,2026-08-16,09:11,Sun,OPEN,9,15,25,20.0,2,api,cloud,
2026-08-16T09:12:00,2026-08-16T14:12:00.007Z,2026-08-16,09:12,Sun,OPEN,12,20,30,25.0,2,api,cloud,
2026-08-16T09:13:00,2026-08-16T14:13:00.012Z,2026-08-16,09:13,Sun,OPEN,11,20,30,25.0,2,api,cloud,
2026-08-16T09:14:00,2026-08-16T14:14:00.019Z,2026-08-16,09:14,Sun,OPEN,11,20,30,25.0,2,api,cloud,
2026-08-16T09:15:00,2026-08-16T14:15:00.029Z,2026-08-16,09:15,Sun,OPEN,11,20,30,25.0,2,api,cloud,
2026-08-16T09:16:00,2026-08-16T14:16:00.022Z,2026-08-16,09:16,Sun,OPEN,12,20,30,25.0,2,api,cloud,
2026-08-16T09:17:00,2026-08-16T14:17:00.028Z,2026-08-16,09:17,Sun,OPEN,14,25,35,30.0,2,api,cloud,
2026-08-16T09:18:00,2026-08-16T14:18:00.007Z,2026-08-16,09:18,Sun,OPEN,13,25,35,30.0,2,api,cloud,
2026-08-16T09:19:00,2026-08-16T14:19:00.024Z,2026-08-16,09:19,Sun,OPEN,12,20,30,25.0,2,api,cloud,
2026-08-16T09:20:00,2026-08-16T14:20:00.028Z,2026-08-16,09:20,Sun,OPEN,13,25,35,30.0,2,api,cloud,
2026-08-16T09:21:00,2026-08-16T14:21:00.027Z,2026-08-16,09:21,Sun,OPEN,13,25,35,30.0,2,api,cloud,
2026-08-16T09:22:00,2026-08-16T14:22:00.030Z,2026-08-16,09:22,Sun,OPEN,12,20,30,25.0,2,api,cloud,
2026-08-16T09:23:00,2026-08-16T14:23:00.029Z,2026-08-16,09:23,Sun,OPEN,14,25,35,30.0,2,api,cloud,
2026-08-16T09:24:00,2026-08-16T14:24:00.028Z,2026-08-16,09:24,Sun,OPEN,15,25,35,30.0,2,api,cloud,
2026-08-16T09:25:00,2026-08-16T14:25:00.023Z,2026-08-16,09:25,Sun,OPEN,16,25,35,30.0,2,api,cloud,
2026-08-16T09:26:00,2026-08-16T14:26:00.027Z,2026-08-16,09:26,Sun,OPEN,16,25,35,30.0,2,api,cloud,
2026-08-16T09:27:00,2026-08-16T14:27:00.028Z,2026-08-16,09:27,Sun,OPEN,17,30,40,35.0,2,api,cloud,
2026-08-16T09:28:00,2026-08-16T14:28:00.028Z,2026-08-16,09:28,Sun,OPEN,18,30,40,35.0,2,api,cloud,
2026-08-16T09:29:00,2026-08-16T14:29:00.018Z,2026-08-16,09:29,Sun,OPEN,18,30,40,35.0,2,api,cloud,
2026-08-16T09:30:00,2026-08-16T14:30:00.028Z,2026-08-16,09:30,Sun,OPEN,18,30,40,35.0,2,api,cloud,
2026-08-16T09:31:00,2026-08-16T14:31:00.028Z,2026-08-16,09:31,Sun,OPEN,19,30,40,35.0,2,api,cloud,
2026-08-16T09:32:00,2026-08-16T14:32:00.025Z,2026-08-16,09:32,Sun,OPEN,20,35,45,40.0,2,api,cloud,
2026-08-16T09:33:00,2026-08-16T14:33:00.022Z,2026-08-16,09:33,Sun,OPEN,23,35,45,40.0,2,api,cloud,
2026-08-16T09:34:00,2026-08-16T14:34:00.007Z,2026-08-16,09:34,Sun,OPEN,24,40,50,45.0,2,api,cloud,
2026-08-16T09:35:00,2026-08-16T14:35:00.011Z,2026-08-16,09:35,Sun,OPEN,25,40,50,45.0,2,api,cloud,
2026-08-16T09:36:00,2026-08-16T14:36:00.028Z,2026-08-16,09:36,Sun,OPEN,25,40,50,45.0,2,api,cloud,
2026-08-16T09:37:00,2026-08-16T14:37:00.029Z,2026-08-16,09:37,Sun,OPEN,26,40,50,45.0,2,api,cloud,
2026-08-16T09:38:00,2026-08-16T14:38:00.028Z,2026-08-16,09:38,Sun,OPEN,28,45,55,50.0,2,api,cloud,
2026-08-16T09:39:00,2026-08-16T14:39:00.027Z,2026-08-16,09:39,Sun,OPEN,30,45,55,50.0,2,api,cloud,
2026-08-16T09:40:00,2026-08-16T14:40:00.028Z,2026-08-16,09:40,Sun,OPEN,28,45,55,50.0,2,api,cloud,
2026-08-16T09:41:00,2026-08-16T14:41:00.028Z,2026-08-16,09:41,Sun,OPEN,28,45,55,50.0,2,api,cloud,
2026-08-16T09:42:00,2026-08-16T14:42:00.007Z,2026-08-16,09:42,Sun,OPEN,27,40,50,45.0,2,api,cloud,
2026-08-16T09:43:00,2026-08-16T14:43:00.027Z,2026-08-16,09:43,Sun,OPEN,26,40,50,45.0,2,api,cloud,
2026-08-16T09:44:00,2026-08-16T14:44:00.004Z,2026-08-16,09:44,Sun,OPEN,26,40,50,45.0,2,api,cloud,
2026-08-16T09:45:00,2026-08-16T14:45:00.004Z,2026-08-16,09:45,Sun,OPEN,25,40,50,45.0,2,api,cloud,
2026-08-16T09:46:00,2026-08-16T14:46:00.023Z,2026-08-16,09:46,Sun,OPEN,24,40,50,45.0,2,api,cloud,
2026-08-16T09:47:00,2026-08-16T14:47:00.016Z,2026-08-16,09:47,Sun,OPEN,23,35,45,40.0,2,api,cloud,
2026-08-16T09:48:00,2026-08-16T14:48:00.023Z,2026-08-16,09:48,Sun,OPEN,25,40,50,45.0,2,api,cloud,
2026-08-16T09:49:00,2026-08-16T14:49:00.026Z,2026-08-16,09:49,Sun,OPEN,25,40,50,45.0,2,api,cloud,
2026-08-16T09:50:00,2026-08-16T14:50:00.007Z,2026-08-16,09:50,Sun,OPEN,23,35,45,40.0,2,api,cloud,
2026-08-16T09:51:00,2026-08-16T14:51:00.018Z,2026-08-16,09:51,Sun,OPEN,24,40,50,45.0,2,api,cloud,
2026-08-16T09:52:00,2026-08-16T14:52:00.004Z,2026-08-16,09:52,Sun,OPEN,22,35,45,40.0,2,api,cloud,
2026-08-16T09:53:00,2026-08-16T14:53:00.027Z,2026-08-16,09:53,Sun,OPEN,25,40,50,45.0,2,api,cloud,
2026-08-16T09:54:00,2026-08-16T14:54:00.007Z,2026-08-16,09:54,Sun,OPEN,28,45,55,50.0,2,api,cloud,
2026-08-16T09:55:00,2026-08-16T14:55:00.011Z,2026-08-16,09:55,Sun,OPEN,30,45,55,50.0,2,api,cloud,
2026-08-16T09:56:00,2026-08-16T14:56:00.015Z,2026-08-16,09:56,Sun,OPEN,31,50,60,55.0,2,api,cloud,
2026-08-16T09:57:00,2026-08-16T14:57:00.025Z,2026-08-16,09:57,Sun,OPEN,31,50,60,55.0,2,api,cloud,
2026-08-16T09:58:00,2026-08-16T14:58:00.029Z,2026-08-16,09:58,Sun,OPEN,33,50,60,55.0,2,api,cloud,
2026-08-16T09:59:00,2026-08-16T14:59:00.007Z,2026-08-16,09:59,Sun,OPEN,35,55,65,60.0,2,api,cloud,
2026-08-16T10:00:00,2026-08-16T15:00:00.021Z,2026-08-16,10:00,Sun,OPEN,35,55,65,60.0,2,api,cloud,
2026-08-16T10:01:00,2026-08-16T15:01:00.023Z,2026-08-16,10:01,Sun,OPEN,34,50,60,55.0,2,api,cloud,
2026-08-16T10:02:00,2026-08-16T15:02:00.026Z,2026-08-16,10:02,Sun,OPEN,35,55,65,60.0,2,api,cloud,
2026-08-16T10:03:00,2026-08-16T15:03:00.029Z,2026-08-16,10:03,Sun,OPEN,34,50,60,55.0,2,api,cloud,
2026-08-16T10:04:00,2026-08-16T15:04:00.001Z,2026-08-16,10:04,Sun,OPEN,36,55,65,60.0,2,api,cloud,
2026-08-16T10:05:00,2026-08-16T15:05:00.013Z,2026-08-16,10:05,Sun,OPEN,36,55,65,60.0,2,api,cloud,
2026-08-16T10:06:00,2026-08-16T15:06:00.017Z,2026-08-16,10:06,Sun,OPEN,36,55,65,60.0,2,api,cloud,
2026-08-16T10:07:00,2026-08-16T15:07:00.023Z,2026-08-16,10:07,Sun,OPEN,36,55,65,60.0,2,api,cloud,
2026-08-16T10:08:00,2026-08-16T15:08:00.016Z,2026-08-16,10:08,Sun,OPEN,40,55,70,62.5,2,api,cloud,
2026-08-16T10:09:00,2026-08-16T15:09:00.028Z,2026-08-16,10:09,Sun,OPEN,40,55,70,62.5,2,api,cloud,
2026-08-16T10:10:00,2026-08-16T15:10:00.005Z,2026-08-16,10:10,Sun,OPEN,40,55,70,62.5,2,api,cloud,
2026-08-16T10:11:00,2026-08-16T15:11:00.029Z,2026-08-16,10:11,Sun,OPEN,39,55,70,62.5,2,api,cloud,
2026-08-16T10:12:00,2026-08-16T15:12:00.028Z,2026-08-16,10:12,Sun,OPEN,39,55,70,62.5,2,api,cloud,
2026-08-16T10:13:00,2026-08-16T15:13:00.028Z,2026-08-16,10:13,Sun,OPEN,38,55,70,62.5,2,api,cloud,
2026-08-16T10:14:00,2026-08-16T15:14:00.023Z,2026-08-16,10:14,Sun,OPEN,38,55,70,62.5,2,api,cloud,
2026-08-16T10:15:00,2026-08-16T15:15:00.029Z,2026-08-16,10:15,Sun,OPEN,38,55,70,62.5,2,api,cloud,
2026-08-16T10:16:00,2026-08-16T15:16:00.007Z,2026-08-16,10:16,Sun,OPEN,39,55,70,62.5,2,api,cloud,
2026-08-16T10:17:00,2026-08-16T15:17:00.012Z,2026-08-16,10:17,Sun,OPEN,38,55,70,62.5,2,api,cloud,
2026-08-16T10:18:00,2026-08-16T15:18:00.028Z,2026-08-16,10:18,Sun,OPEN,39,55,70,62.5,2,api,cloud,
2026-08-16T10:19:00,2026-08-16T15:19:00.027Z,2026-08-16,10:19,Sun,OPEN,38,55,70,62.5,2,api,cloud,
2026-08-16T10:20:00,2026-08-16T15:20:00.027Z,2026-08-16,10:20,Sun,OPEN,35,55,65,60.0,2,api,cloud,
2026-08-16T10:21:00,2026-08-16T15:21:00.029Z,2026-08-16,10:21,Sun,OPEN,34,50,60,55.0,2,api,cloud,
2026-08-16T10:22:00,2026-08-16T15:22:00.007Z,2026-08-16,10:22,Sun,OPEN,34,50,60,55.0,2,api,cloud,
2026-08-16T10:23:00,2026-08-16T15:23:00.028Z,2026-08-16,10:23,Sun,OPEN,34,50,60,55.0,2,api,cloud,
2026-08-16T10:24:00,2026-08-16T15:24:00.007Z,2026-08-16,10:24,Sun,OPEN,35,55,65,60.0,2,api,cloud,
2026-08-16T10:25:00,2026-08-16T15:25:00.007Z,2026-08-16,10:25,Sun,OPEN,34,50,60,55.0,2,api,cloud,
2026-08-16T10:26:00,2026-08-16T15:26:00.011Z,2026-08-16,10:26,Sun,OPEN,33,50,60,55.0,2,api,cloud,
2026-08-16T10:27:00,2026-08-16T15:27:00.023Z,2026-08-16,10:27,Sun,OPEN,31,50,60,55.0,2,api,cloud,
2026-08-16T10:28:00,2026-08-16T15:28:00.027Z,2026-08-16,10:28,Sun,OPEN,30,45,55,50.0,2,api,cloud,
2026-08-16T10:29:00,2026-08-16T15:29:00.009Z,2026-08-16,10:29,Sun,OPEN,30,45,55,50.0,2,api,cloud,
2026-08-16T10:30:00,2026-08-16T15:30:00.043Z,2026-08-16,10:30,Sun,OPEN,30,45,55,50.0,2,api,local,
2026-08-16T10:31:00,2026-08-16T15:31:00.020Z,2026-08-16,10:31,Sun,OPEN,30,45,55,50.0,2,api,local,
2026-08-16T10:32:00,2026-08-16T15:32:00.007Z,2026-08-16,10:32,Sun,OPEN,32,50,60,55.0,2,api,local,
2026-08-16T10:33:00,2026-08-16T15:33:00.044Z,2026-08-16,10:33,Sun,OPEN,30,45,55,50.0,2,api,local,
2026-08-16T10:34:00,2026-08-16T15:34:00.056Z,2026-08-16,10:34,Sun,OPEN,35,55,65,60.0,2,api,local,
2026-08-16T10:35:00,2026-08-16T15:35:00.025Z,2026-08-16,10:35,Sun,OPEN,36,55,65,60.0,2,api,local,
2026-08-16T10:36:00,2026-08-16T15:36:00.023Z,2026-08-16,10:36,Sun,OPEN,37,55,65,60.0,2,api,local,
2026-08-16T10:37:00,2026-08-16T15:37:00.039Z,2026-08-16,10:37,Sun,OPEN,38,55,70,62.5,2,api,local,
2026-08-16T10:38:34,2026-08-16T15:38:34.922Z,2026-08-16,10:38,Sun,OPEN,39,55,70,62.5,2,api,cloud,
2026-08-16T10:39:00,2026-08-16T15:39:00.004Z,2026-08-16,10:39,Sun,OPEN,39,55,70,62.5,2,api,cloud,
2026-08-16T10:40:00,2026-08-16T15:40:00.028Z,2026-08-16,10:40,Sun,OPEN,40,55,70,62.5,2,api,cloud,
2026-08-16T10:41:00,2026-08-16T15:41:00.004Z,2026-08-16,10:41,Sun,OPEN,41,55,70,62.5,2,api,cloud,
2026-08-16T10:42:00,2026-08-16T15:42:00.028Z,2026-08-16,10:42,Sun,OPEN,43,60,75,67.5,2,api,cloud,
2026-08-16T10:43:00,2026-08-16T15:43:00.028Z,2026-08-16,10:43,Sun,OPEN,44,60,75,67.5,2,api,cloud,
2026-08-16T10:44:00,2026-08-16T15:44:00.028Z,2026-08-16,10:44,Sun,OPEN,43,60,75,67.5,2,api,cloud,
2026-08-16T10:45:00,2026-08-16T15:45:00.028Z,2026-08-16,10:45,Sun,OPEN,42,60,75,67.5,2,api,cloud,
2026-08-16T10:46:00,2026-08-16T15:46:00.028Z,2026-08-16,10:46,Sun,OPEN,42,60,75,67.5,2,api,cloud,
2026-08-16T10:47:00,2026-08-16T15:47:00.027Z,2026-08-16,10:47,Sun,OPEN,44,60,75,67.5,2,api,cloud,
2026-08-16T10:48:00,2026-08-16T15:48:00.007Z,2026-08-16,10:48,Sun,OPEN,44,60,75,67.5,2,api,cloud,
2026-08-16T10:49:00,2026-08-16T15:49:00.020Z,2026-08-16,10:49,Sun,OPEN,47,65,80,72.5,2,api,cloud,
2026-08-16T10:50:00,2026-08-16T15:50:00.024Z,2026-08-16,10:50,Sun,OPEN,46,65,80,72.5,2,api,cloud,
2026-08-16T10:51:00,2026-08-16T15:51:00.028Z,2026-08-16,10:51,Sun,OPEN,48,65,80,72.5,2,api,cloud,
2026-08-16T10:52:00,2026-08-16T15:52:00.028Z,2026-08-16,10:52,Sun,OPEN,47,65,80,72.5,2,api,cloud,
2026-08-16T10:53:00,2026-08-16T15:53:00.028Z,2026-08-16,10:53,Sun,OPEN,45,60,75,67.5,2,api,cloud,
2026-08-16T10:54:00,2026-08-16T15:54:00.027Z,2026-08-16,10:54,Sun,OPEN,45,60,75,67.5,2,api,cloud,
2026-08-16T10:55:00,2026-08-16T15:55:00.028Z,2026-08-16,10:55,Sun,OPEN,46,65,80,72.5,2,api,cloud,
2026-08-16T10:56:00,2026-08-16T15:56:00.028Z,2026-08-16,10:56,Sun,OPEN,48,65,80,72.5,2,api,cloud,
2026-08-16T10:57:00,2026-08-16T15:57:00.028Z,2026-08-16,10:57,Sun,OPEN,48,65,80,72.5,2,api,cloud,
2026-08-16T10:58:00,2026-08-16T15:58:00.003Z,2026-08-16,10:58,Sun,OPEN,50,70,85,77.5,2,api,cloud,
2026-08-16T10:59:00,2026-08-16T15:59:00.027Z,2026-08-16,10:59,Sun,OPEN,50,70,85,77.5,2,api,cloud,
2026-08-16T11:00:00,2026-08-16T16:00:00.028Z,2026-08-16,11:00,Sun,OPEN,52,70,85,77.5,2,api,cloud,
2026-08-16T11:01:00,2026-08-16T16:01:00.028Z,2026-08-16,11:01,Sun,OPEN,51,70,85,77.5,2,api,cloud,
2026-08-16T11:02:00,2026-08-16T16:02:00.027Z,2026-08-16,11:02,Sun,OPEN,51,70,85,77.5,2,api,cloud,
2026-08-16T11:03:00,2026-08-16T16:03:00.007Z,2026-08-16,11:03,Sun,OPEN,49,70,85,77.5,2,api,cloud,
2026-08-16T11:04:00,2026-08-16T16:04:00.011Z,2026-08-16,11:04,Sun,OPEN,49,70,85,77.5,2,api,cloud,
2026-08-16T11:05:00,2026-08-16T16:05:00.028Z,2026-08-16,11:05,Sun,OPEN,48,65,80,72.5,2,api,cloud,
2026-08-16T11:06:00,2026-08-16T16:06:00.027Z,2026-08-16,11:06,Sun,OPEN,48,65,80,72.5,2,api,cloud,
2026-08-16T11:07:00,2026-08-16T16:07:00.006Z,2026-08-16,11:07,Sun,OPEN,46,65,80,72.5,2,api,cloud,
2026-08-16T11:08:00,2026-08-16T16:08:00.016Z,2026-08-16,11:08,Sun,OPEN,46,65,80,72.5,2,api,cloud,
2026-08-16T11:09:00,2026-08-16T16:09:00.028Z,2026-08-16,11:09,Sun,OPEN,46,65,80,72.5,2,api,cloud,
2026-08-16T11:10:00,2026-08-16T16:10:00.019Z,2026-08-16,11:10,Sun,OPEN,46,65,80,72.5,2,api,cloud,
2026-08-16T11:11:00,2026-08-16T16:11:00.028Z,2026-08-16,11:11,Sun,OPEN,46,65,80,72.5,2,api,cloud,
2026-08-16T11:12:00,2026-08-16T16:12:00.019Z,2026-08-16,11:12,Sun,OPEN,47,65,80,72.5,2,api,cloud,
2026-08-16T11:13:00,2026-08-16T16:13:00.023Z,2026-08-16,11:13,Sun,OPEN,47,65,80,72.5,2,api,cloud,
2026-08-16T11:14:00,2026-08-16T16:14:00.027Z,2026-08-16,11:14,Sun,OPEN,47,65,80,72.5,2,api,cloud,
2026-08-16T11:15:00,2026-08-16T16:15:00.027Z,2026-08-16,11:15,Sun,OPEN,48,65,80,72.5,2,api,cloud,
2026-08-16T11:16:00,2026-08-16T16:16:00.029Z,2026-08-16,11:16,Sun,OPEN,48,65,80,72.5,2,api,cloud,
2026-08-16T11:17:00,2026-08-16T16:17:00.027Z,2026-08-16,11:17,Sun,OPEN,45,60,75,67.5,2,api,cloud,
2026-08-16T11:18:00,2026-08-16T16:18:00.028Z,2026-08-16,11:18,Sun,OPEN,45,60,75,67.5,2,api,cloud,
2026-08-16T11:19:00,2026-08-16T16:19:00.028Z,2026-08-16,11:19,Sun,OPEN,45,60,75,67.5,2,api,cloud,
2026-08-16T11:20:00,2026-08-16T16:20:00.028Z,2026-08-16,11:20,Sun,OPEN,45,60,75,67.5,2,api,cloud,
2026-08-16T11:21:00,2026-08-16T16:21:00.027Z,2026-08-16,11:21,Sun,OPEN,46,65,80,72.5,2,api,cloud,
2026-08-16T11:22:00,2026-08-16T16:22:00.005Z,2026-08-16,11:22,Sun,OPEN,44,60,75,67.5,2,api,cloud,
2026-08-16T11:23:00,2026-08-16T16:23:00.028Z,2026-08-16,11:23,Sun,OPEN,45,60,75,67.5,2,api,cloud,
2026-08-16T11:24:00,2026-08-16T16:24:00.028Z,2026-08-16,11:24,Sun,OPEN,46,65,80,72.5,2,api,cloud,
2026-08-16T11:25:00,2026-08-16T16:25:00.004Z,2026-08-16,11:25,Sun,OPEN,46,65,80,72.5,2,api,cloud,
2026-08-16T11:26:00,2026-08-16T16:26:00.027Z,2026-08-16,11:26,Sun,OPEN,47,65,80,72.5,2,api,cloud,
2026-08-16T11:27:00,2026-08-16T16:27:00.029Z,2026-08-16,11:27,Sun,OPEN,44,60,75,67.5,2,api,cloud,
2026-08-16T11:28:00,2026-08-16T16:28:00.028Z,2026-08-16,11:28,Sun,OPEN,44,60,75,67.5,2,api,cloud,
2026-08-16T11:29:00,2026-08-16T16:29:00.029Z,2026-08-16,11:29,Sun,OPEN,45,60,75,67.5,2,api,cloud,
2026-08-16T11:30:00,2026-08-16T16:30:00.028Z,2026-08-16,11:30,Sun,OPEN,45,60,75,67.5,2,api,cloud,
2026-08-16T11:31:00,2026-08-16T16:31:00.012Z,2026-08-16,11:31,Sun,OPEN,45,60,75,67.5,2,api,cloud,
2026-08-16T11:32:00,2026-08-16T16:32:00.015Z,2026-08-16,11:32,Sun,OPEN,42,60,75,67.5,2,api,cloud,
2026-08-16T11:33:00,2026-08-16T16:33:00.027Z,2026-08-16,11:33,Sun,OPEN,40,55,70,62.5,2,api,cloud,
2026-08-16T11:34:00,2026-08-16T16:34:00.003Z,2026-08-16,11:34,Sun,OPEN,39,55,70,62.5,2,api,cloud,
2026-08-16T11:35:00,2026-08-16T16:35:00.022Z,2026-08-16,11:35,Sun,OPEN,39,55,70,62.5,2,api,cloud,
2026-08-16T11:36:00,2026-08-16T16:36:00.025Z,2026-08-16,11:36,Sun,OPEN,38,55,70,62.5,2,api,cloud,
2026-08-16T11:37:00,2026-08-16T16:37:00.029Z,2026-08-16,11:37,Sun,OPEN,37,55,65,60.0,2,api,cloud,
2026-08-16T11:38:00,2026-08-16T16:38:00.000Z,2026-08-16,11:38,Sun,OPEN,37,55,65,60.0,2,api,cloud,
2026-08-16T11:39:00,2026-08-16T16:39:00.028Z,2026-08-16,11:39,Sun,OPEN,36,55,65,60.0,2,api,cloud,
2026-08-16T11:40:00,2026-08-16T16:40:00.019Z,2026-08-16,11:40,Sun,OPEN,37,55,65,60.0,2,api,cloud,
2026-08-16T11:41:00,2026-08-16T16:41:00.029Z,2026-08-16,11:41,Sun,OPEN,35,55,65,60.0,2,api,cloud,
2026-08-16T11:42:00,2026-08-16T16:42:00.004Z,2026-08-16,11:42,Sun,OPEN,36,55,65,60.0,2,api,cloud,
2026-08-16T11:43:00,2026-08-16T16:43:00.028Z,2026-08-16,11:43,Sun,OPEN,35,55,65,60.0,2,api,cloud,
2026-08-16T11:44:00,2026-08-16T16:44:00.012Z,2026-08-16,11:44,Sun,OPEN,35,55,65,60.0,2,api,cloud,
2026-08-16T11:45:00,2026-08-16T16:45:00.029Z,2026-08-16,11:45,Sun,OPEN,33,50,60,55.0,2,api,cloud,
2026-08-16T11:46:00,2026-08-16T16:46:00.004Z,2026-08-16,11:46,Sun,OPEN,33,50,60,55.0,2,api,cloud,
2026-08-16T11:47:00,2026-08-16T16:47:00.008Z,2026-08-16,11:47,Sun,OPEN,33,50,60,55.0,2,api,cloud,
2026-08-16T11:48:00,2026-08-16T16:48:00.012Z,2026-08-16,11:48,Sun,OPEN,31,50,60,55.0,2,api,cloud,
2026-08-16T11:49:00,2026-08-16T16:49:00.027Z,2026-08-16,11:49,Sun,OPEN,29,45,55,50.0,2,api,cloud,
2026-08-16T11:50:00,2026-08-16T16:50:00.028Z,2026-08-16,11:50,Sun,OPEN,29,45,55,50.0,2,api,cloud,
2026-08-16T11:51:00,2026-08-16T16:51:00.027Z,2026-08-16,11:51,Sun,OPEN,30,45,55,50.0,2,api,cloud,
2026-08-16T11:52:00,2026-08-16T16:52:00.028Z,2026-08-16,11:52,Sun,OPEN,28,45,55,50.0,2,api,cloud,
2026-08-16T11:53:00,2026-08-16T16:53:00.028Z,2026-08-16,11:53,Sun,OPEN,28,45,55,50.0,2,api,cloud,
2026-08-16T11:54:00,2026-08-16T16:54:00.027Z,2026-08-16,11:54,Sun,OPEN,29,45,55,50.0,2,api,cloud,
2026-08-16T11:55:00,2026-08-16T16:55:00.027Z,2026-08-16,11:55,Sun,OPEN,28,45,55,50.0,2,api,cloud,
2026-08-16T11:56:00,2026-08-16T16:56:00.016Z,2026-08-16,11:56,Sun,OPEN,26,40,50,45.0,2,api,cloud,
2026-08-16T11:57:00,2026-08-16T16:57:00.012Z,2026-08-16,11:57,Sun,OPEN,26,40,50,45.0,2,api,cloud,
2026-08-16T11:58:00,2026-08-16T16:58:00.021Z,2026-08-16,11:58,Sun,OPEN,27,40,50,45.0,2,api,cloud,
2026-08-16T11:59:00,2026-08-16T16:59:00.015Z,2026-08-16,11:59,Sun,OPEN,27,40,50,45.0,2,api,cloud,
2026-08-16T12:00:00,2026-08-16T17:00:00.027Z,2026-08-16,12:00,Sun,OPEN,27,40,50,45.0,2,api,cloud,
2026-08-16T12:01:00,2026-08-16T17:01:00.028Z,2026-08-16,12:01,Sun,OPEN,28,45,55,50.0,2,api,cloud,
2026-08-16T12:02:00,2026-08-16T17:02:00.018Z,2026-08-16,12:02,Sun,OPEN,28,45,55,50.0,2,api,cloud,
2026-08-16T12:03:00,2026-08-16T17:03:00.023Z,2026-08-16,12:03,Sun,OPEN,27,40,50,45.0,2,api,cloud,
2026-08-16T12:04:00,2026-08-16T17:04:00.027Z,2026-08-16,12:04,Sun,OPEN,25,40,50,45.0,2,api,cloud,
2026-08-16T12:05:00,2026-08-16T17:05:00.028Z,2026-08-16,12:05,Sun,OPEN,26,40,50,45.0,2,api,cloud,
2026-08-16T12:06:00,2026-08-16T17:06:00.013Z,2026-08-16,12:06,Sun,OPEN,26,40,50,45.0,2,api,cloud,
2026-08-16T12:07:00,2026-08-16T17:07:00.029Z,2026-08-16,12:07,Sun,OPEN,27,40,50,45.0,2,api,cloud,
2026-08-16T12:08:00,2026-08-16T17:08:00.029Z,2026-08-16,12:08,Sun,OPEN,27,40,50,45.0,2,api,cloud,
2026-08-16T12:09:00,2026-08-16T17:09:00.029Z,2026-08-16,12:09,Sun,OPEN,25,40,50,45.0,2,api,cloud,
2026-08-16T12:10:00,2026-08-16T17:10:00.012Z,2026-08-16,12:10,Sun,OPEN,27,40,50,45.0,2,api,cloud,
2026-08-16T12:11:00,2026-08-16T17:11:00.007Z,2026-08-16,12:11,Sun,OPEN,26,40,50,45.0,2,api,cloud,
2026-08-16T12:12:00,2026-08-16T17:12:00.011Z,2026-08-16,12:12,Sun,OPEN,26,40,50,45.0,2,api,cloud,
2026-08-16T12:13:00,2026-08-16T17:13:00.015Z,2026-08-16,12:13,Sun,OPEN,26,40,50,45.0,2,api,cloud,
2026-08-16T12:14:00,2026-08-16T17:14:00.001Z,2026-08-16,12:14,Sun,OPEN,25,40,50,45.0,2,api,cloud,
2026-08-16T12:15:00,2026-08-16T17:15:00.025Z,2026-08-16,12:15,Sun,OPEN,26,40,50,45.0,2,api,cloud,
2026-08-16T12:16:00,2026-08-16T17:16:00.028Z,2026-08-16,12:16,Sun,OPEN,27,40,50,45.0,2,api,cloud,
2026-08-16T12:17:00,2026-08-16T17:17:00.029Z,2026-08-16,12:17,Sun,OPEN,25,40,50,45.0,2,api,cloud,
2026-08-16T12:18:00,2026-08-16T17:18:00.028Z,2026-08-16,12:18,Sun,OPEN,25,40,50,45.0,2,api,cloud,
2026-08-16T12:19:00,2026-08-16T17:19:00.028Z,2026-08-16,12:19,Sun,OPEN,25,40,50,45.0,2,api,cloud,
2026-08-16T12:20:00,2026-08-16T17:20:00.028Z,2026-08-16,12:20,Sun,OPEN,25,40,50,45.0,2,api,cloud,
2026-08-16T12:21:00,2026-08-16T17:21:00.027Z,2026-08-16,12:21,Sun,OPEN,26,40,50,45.0,2,api,cloud,
2026-08-16T12:22:00,2026-08-16T17:22:00.028Z,2026-08-16,12:22,Sun,OPEN,26,40,50,45.0,2,api,cloud,
2026-08-16T12:23:00,2026-08-16T17:23:00.012Z,2026-08-16,12:23,Sun,OPEN,25,40,50,45.0,2,api,cloud,
2026-08-16T12:24:00,2026-08-16T17:24:00.029Z,2026-08-16,12:24,Sun,OPEN,24,40,50,45.0,2,api,cloud,
2026-08-16T12:25:00,2026-08-16T17:25:00.027Z,2026-08-16,12:25,Sun,OPEN,24,40,50,45.0,2,api,cloud,
2026-08-16T12:26:00,2026-08-16T17:26:00.028Z,2026-08-16,12:26,Sun,OPEN,26,40,50,45.0,2,api,cloud,
2026-08-16T12:27:00,2026-08-16T17:27:00.028Z,2026-08-16,12:27,Sun,OPEN,28,45,55,50.0,2,api,cloud,
2026-08-16T12:28:00,2026-08-16T17:28:00.027Z,2026-08-16,12:28,Sun,OPEN,25,40,50,45.0,2,api,cloud,
2026-08-16T12:29:00,2026-08-16T17:29:00.006Z,2026-08-16,12:29,Sun,OPEN,26,40,50,45.0,2,api,cloud,
2026-08-16T12:30:00,2026-08-16T17:30:00.029Z,2026-08-16,12:30,Sun,OPEN,26,40,50,45.0,2,api,cloud,
2026-08-16T12:31:00,2026-08-16T17:31:00.026Z,2026-08-16,12:31,Sun,OPEN,25,40,50,45.0,2,api,cloud,
2026-08-16T12:32:00,2026-08-16T17:32:00.004Z,2026-08-16,12:32,Sun,OPEN,24,40,50,45.0,2,api,cloud,
2026-08-16T12:33:00,2026-08-16T17:33:00.023Z,2026-08-16,12:33,Sun,OPEN,22,35,45,40.0,2,api,cloud,
2026-08-16T12:34:00,2026-08-16T17:34:00.028Z,2026-08-16,12:34,Sun,OPEN,21,35,45,40.0,2,api,cloud,
2026-08-16T12:35:00,2026-08-16T17:35:00.030Z,2026-08-16,12:35,Sun,OPEN,22,35,45,40.0,2,api,cloud,
2026-08-16T12:36:00,2026-08-16T17:36:00.027Z,2026-08-16,12:36,Sun,OPEN,22,35,45,40.0,2,api,cloud,
2026-08-16T12:37:00,2026-08-16T17:37:00.028Z,2026-08-16,12:37,Sun,OPEN,21,35,45,40.0,2,api,cloud,
2026-08-16T12:38:00,2026-08-16T17:38:00.027Z,2026-08-16,12:38,Sun,OPEN,21,35,45,40.0,2,api,cloud,
2026-08-16T12:39:00,2026-08-16T17:39:00.027Z,2026-08-16,12:39,Sun,OPEN,21,35,45,40.0,2,api,cloud,
2026-08-16T12:40:00,2026-08-16T17:40:00.030Z,2026-08-16,12:40,Sun,OPEN,22,35,45,40.0,2,api,cloud,
2026-08-16T12:41:00,2026-08-16T17:41:00.027Z,2026-08-16,12:41,Sun,OPEN,22,35,45,40.0,2,api,cloud,
2026-08-16T12:42:00,2026-08-16T17:42:00.028Z,2026-08-16,12:42,Sun,OPEN,20,35,45,40.0,2,api,cloud,
2026-08-16T12:43:00,2026-08-16T17:43:00.028Z,2026-08-16,12:43,Sun,OPEN,19,30,40,35.0,2,api,cloud,
2026-08-16T12:44:00,2026-08-16T17:44:00.029Z,2026-08-16,12:44,Sun,OPEN,19,30,40,35.0,2,api,cloud,
2026-08-16T12:45:00,2026-08-16T17:45:00.026Z,2026-08-16,12:45,Sun,OPEN,19,30,40,35.0,2,api,cloud,
2026-08-16T12:46:00,2026-08-16T17:46:00.025Z,2026-08-16,12:46,Sun,OPEN,19,30,40,35.0,2,api,cloud,
2026-08-16T12:47:00,2026-08-16T17:47:00.027Z,2026-08-16,12:47,Sun,OPEN,17,30,40,35.0,2,api,cloud,
2026-08-16T12:48:00,2026-08-16T17:48:00.028Z,2026-08-16,12:48,Sun,OPEN,18,30,40,35.0,2,api,cloud,
2026-08-16T12:49:00,2026-08-16T17:49:00.007Z,2026-08-16,12:49,Sun,OPEN,20,35,45,40.0,2,api,cloud,
2026-08-16T12:50:00,2026-08-16T17:50:00.013Z,2026-08-16,12:50,Sun,OPEN,21,35,45,40.0,2,api,cloud,
2026-08-16T12:51:00,2026-08-16T17:51:00.017Z,2026-08-16,12:51,Sun,OPEN,21,35,45,40.0,2,api,cloud,
2026-08-16T12:52:00,2026-08-16T17:52:00.028Z,2026-08-16,12:52,Sun,OPEN,24,40,50,45.0,2,api,cloud,
2026-08-16T12:53:00,2026-08-16T17:53:00.028Z,2026-08-16,12:53,Sun,OPEN,24,40,50,45.0,2,api,cloud,
2026-08-16T12:54:00,2026-08-16T17:54:00.029Z,2026-08-16,12:54,Sun,OPEN,23,35,45,40.0,2,api,cloud,
2026-08-16T12:55:00,2026-08-16T17:55:00.013Z,2026-08-16,12:55,Sun,OPEN,23,35,45,40.0,2,api,cloud,
2026-08-16T12:56:00,2026-08-16T17:56:00.029Z,2026-08-16,12:56,Sun,OPEN,23,35,45,40.0,2,api,cloud,
2026-08-16T12:57:00,2026-08-16T17:57:00.028Z,2026-08-16,12:57,Sun,OPEN,23,35,45,40.0,2,api,cloud,
2026-08-16T12:58:00,2026-08-16T17:58:00.028Z,2026-08-16,12:58,Sun,OPEN,22,35,45,40.0,2,api,cloud,
2026-08-16T12:59:00,2026-08-16T17:59:00.030Z,2026-08-16,12:59,Sun,OPEN,22,35,45,40.0,2,api,cloud,
2026-08-16T13:00:00,2026-08-16T18:00:00.028Z,2026-08-16,13:00,Sun,OPEN,22,35,45,40.0,2,api,cloud,
2026-08-16T13:01:00,2026-08-16T18:01:00.029Z,2026-08-16,13:01,Sun,OPEN,21,35,45,40.0,2,api,cloud,
2026-08-16T13:02:00,2026-08-16T18:02:00.007Z,2026-08-16,13:02,Sun,OPEN,20,35,45,40.0,2,api,cloud,
2026-08-16T13:03:00,2026-08-16T18:03:00.029Z,2026-08-16,13:03,Sun,OPEN,19,30,40,35.0,2,api,cloud,
2026-08-16T13:04:00,2026-08-16T18:04:00.003Z,2026-08-16,13:04,Sun,OPEN,19,30,40,35.0,2,api,cloud,
2026-08-16T13:05:00,2026-08-16T18:05:00.002Z,2026-08-16,13:05,Sun,OPEN,20,35,45,40.0,2,api,cloud,
2026-08-16T13:06:00,2026-08-16T18:06:00.028Z,2026-08-16,13:06,Sun,OPEN,19,30,40,35.0,2,api,cloud,
2026-08-16T13:07:00,2026-08-16T18:07:00.007Z,2026-08-16,13:07,Sun,OPEN,19,30,40,35.0,2,api,cloud,
2026-08-16T13:08:00,2026-08-16T18:08:00.029Z,2026-08-16,13:08,Sun,OPEN,16,25,35,30.0,2,api,cloud,
2026-08-16T13:09:00,2026-08-16T18:09:00.027Z,2026-08-16,13:09,Sun,OPEN,15,25,35,30.0,2,api,cloud,
2026-08-16T13:10:00,2026-08-16T18:10:00.004Z,2026-08-16,13:10,Sun,OPEN,16,25,35,30.0,2,api,cloud,
2026-08-16T13:11:00,2026-08-16T18:11:00.028Z,2026-08-16,13:11,Sun,OPEN,18,30,40,35.0,2,api,cloud,
2026-08-16T13:12:00,2026-08-16T18:12:00.027Z,2026-08-16,13:12,Sun,OPEN,17,30,40,35.0,2,api,cloud,
2026-08-16T13:13:00,2026-08-16T18:13:00.009Z,2026-08-16,13:13,Sun,OPEN,16,25,35,30.0,2,api,cloud,
2026-08-16T13:14:00,2026-08-16T18:14:00.028Z,2026-08-16,13:14,Sun,OPEN,17,30,40,35.0,2,api,cloud,
2026-08-16T13:15:00,2026-08-16T18:15:00.012Z,2026-08-16,13:15,Sun,OPEN,19,30,40,35.0,2,api,cloud,
2026-08-16T13:16:00,2026-08-16T18:16:00.028Z,2026-08-16,13:16,Sun,OPEN,19,30,40,35.0,2,api,cloud,
2026-08-16T13:17:00,2026-08-16T18:17:00.004Z,2026-08-16,13:17,Sun,OPEN,17,30,40,35.0,2,api,cloud,
2026-08-16T13:18:00,2026-08-16T18:18:00.008Z,2026-08-16,13:18,Sun,OPEN,16,25,35,30.0,2,api,cloud,
2026-08-16T13:19:00,2026-08-16T18:19:00.011Z,2026-08-16,13:19,Sun,OPEN,14,25,35,30.0,2,api,cloud,
2026-08-16T13:20:00,2026-08-16T18:20:00.028Z,2026-08-16,13:20,Sun,OPEN,14,25,35,30.0,2,api,cloud,
2026-08-16T13:21:00,2026-08-16T18:21:00.020Z,2026-08-16,13:21,Sun,OPEN,12,20,30,25.0,2,api,cloud,
2026-08-16T13:22:00,2026-08-16T18:22:00.024Z,2026-08-16,13:22,Sun,OPEN,11,20,30,25.0,2,api,cloud,
2026-08-16T13:23:00,2026-08-16T18:23:00.027Z,2026-08-16,13:23,Sun,OPEN,7,15,25,20.0,2,api,cloud,
2026-08-16T13:24:00,2026-08-16T18:24:00.028Z,2026-08-16,13:24,Sun,OPEN,6,15,25,20.0,2,api,cloud,
2026-08-16T13:25:00,2026-08-16T18:25:00.027Z,2026-08-16,13:25,Sun,OPEN,5,10,20,15.0,2,api,cloud,
2026-08-16T13:26:00,2026-08-16T18:26:00.028Z,2026-08-16,13:26,Sun,OPEN,5,10,20,15.0,2,api,cloud,
2026-08-16T13:27:00,2026-08-16T18:27:00.027Z,2026-08-16,13:27,Sun,OPEN,3,10,20,15.0,2,api,cloud,
2026-08-16T13:28:00,2026-08-16T18:28:00.025Z,2026-08-16,13:28,Sun,OPEN,3,10,20,15.0,2,api,cloud,
2026-08-16T13:29:00,2026-08-16T18:29:00.029Z,2026-08-16,13:29,Sun,OPEN,3,10,20,15.0,2,api,cloud,
2026-08-16T13:30:00,2026-08-16T18:30:00.028Z,2026-08-16,13:30,Sun,OPEN,3,10,20,15.0,2,api,cloud,
2026-08-16T13:31:00,2026-08-16T18:31:00.029Z,2026-08-16,13:31,Sun,OPEN,3,10,20,15.0,2,api,cloud,
2026-08-16T13:32:00,2026-08-16T18:32:00.027Z,2026-08-16,13:32,Sun,OPEN,3,10,20,15.0,2,api,cloud,
2026-08-16T13:33:00,2026-08-16T18:33:00.003Z,2026-08-16,13:33,Sun,OPEN,3,10,20,15.0,2,api,cloud,
2026-08-16T13:34:00,2026-08-16T18:34:00.024Z,2026-08-16,13:34,Sun,OPEN,3,10,20,15.0,2,api,cloud,
2026-08-16T13:35:00,2026-08-16T18:35:00.028Z,2026-08-16,13:35,Sun,OPEN,4,10,20,15.0,2,api,cloud,
2026-08-16T13:36:00,2026-08-16T18:36:00.028Z,2026-08-16,13:36,Sun,OPEN,4,10,20,15.0,2,api,cloud,
2026-08-16T13:37:00,2026-08-16T18:37:00.029Z,2026-08-16,13:37,Sun,OPEN,4,10,20,15.0,2,api,cloud,
2026-08-16T13:38:00,2026-08-16T18:38:00.027Z,2026-08-16,13:38,Sun,OPEN,4,10,20,15.0,2,api,cloud,
2026-08-16T13:39:00,2026-08-16T18:39:00.029Z,2026-08-16,13:39,Sun,OPEN,4,10,20,15.0,2,api,cloud,
2026-08-16T13:40:00,2026-08-16T18:40:00.028Z,2026-08-16,13:40,Sun,OPEN,4,10,20,15.0,2,api,cloud,
2026-08-16T13:41:00,2026-08-16T18:41:00.012Z,2026-08-16,13:41,Sun,OPEN,4,10,20,15.0,2,api,cloud,
2026-08-16T13:42:00,2026-08-16T18:42:00.029Z,2026-08-16,13:42,Sun,OPEN,4,10,20,15.0,2,api,cloud,
2026-08-16T13:43:00,2026-08-16T18:43:00.027Z,2026-08-16,13:43,Sun,OPEN,4,10,20,15.0,2,api,cloud,
2026-08-16T13:44:00,2026-08-16T18:44:00.028Z,2026-08-16,13:44,Sun,OPEN,4,10,20,15.0,2,api,cloud,
2026-08-16T13:45:00,2026-08-16T18:45:00.011Z,2026-08-16,13:45,Sun,OPEN,4,10,20,15.0,2,api,cloud,
2026-08-16T13:46:00,2026-08-16T18:46:00.029Z,2026-08-16,13:46,Sun,EMPTY_CLOSED,0,5,15,0,2,api,cloud,
2026-08-16T13:47:00,2026-08-16T18:47:00.029Z,2026-08-16,13:47,Sun,EMPTY_CLOSED,0,5,15,0,2,api,cloud,
2026-08-16T13:48:00,2026-08-16T18:48:00.028Z,2026-08-16,13:48,Sun,EMPTY_CLOSED,0,5,15,0,2,api,cloud,
2026-08-16T13:49:00,2026-08-16T18:49:00.028Z,2026-08-16,13:49,Sun,EMPTY_CLOSED,0,5,15,0,2,api,cloud,
2026-08-16T13:50:00,2026-08-16T18:50:00.008Z,2026-08-16,13:50,Sun,EMPTY_CLOSED,0,5,15,0,2,api,cloud,
2026-08-16T13:51:00,2026-08-16T18:51:00.027Z,2026-08-16,13:51,Sun,EMPTY_CLOSED,0,5,15,0,2,api,cloud,
2026-08-16T13:52:00,2026-08-16T18:52:00.004Z,2026-08-16,13:52,Sun,EMPTY_CLOSED,0,5,15,0,2,api,cloud,
2026-08-16T13:53:00,2026-08-16T18:53:00.009Z,2026-08-16,13:53,Sun,EMPTY_CLOSED,0,5,15,0,2,api,cloud,
2026-08-16T13:54:00,2026-08-16T18:54:00.013Z,2026-08-16,13:54,Sun,EMPTY_CLOSED,0,5,15,0,2,api,cloud,
2026-08-16T13:55:00,2026-08-16T18:55:00.010Z,2026-08-16,13:55,Sun,EMPTY_CLOSED,0,5,15,0,2,api,cloud,
2026-08-16T13:56:00,2026-08-16T18:56:00.028Z,2026-08-16,13:56,Sun,EMPTY_CLOSED,0,5,15,0,2,api,cloud,
2026-08-16T13:57:00,2026-08-16T18:57:00.029Z,2026-08-16,13:57,Sun,EMPTY_CLOSED,0,5,15,0,2,api,cloud,
2026-08-16T13:58:00,2026-08-16T18:58:00.006Z,2026-08-16,13:58,Sun,EMPTY_CLOSED,0,5,15,0,2,api,cloud,
2026-08-16T13:59:00,2026-08-16T18:59:00.029Z,2026-08-16,13:59,Sun,EMPTY_CLOSED,0,5,15,0,2,api,cloud,
2026-08-16T14:00:00,2026-08-16T19:00:00.028Z,2026-08-16,14:00,Sun,EMPTY_CLOSED,0,5,15,0,2,api,cloud,
2026-08-16T14:01:00,2026-08-16T19:01:00.012Z,2026-08-16,14:01,Sun,EMPTY_CLOSED,0,5,15,0,2,api,cloud,
2026-08-16T14:02:00,2026-08-16T19:02:00.007Z,2026-08-16,14:02,Sun,EMPTY_CLOSED,0,5,15,0,2,api,cloud,
2026-08-16T14:03:00,2026-08-16T19:03:00.021Z,2026-08-16,14:03,Sun,EMPTY_CLOSED,0,5,15,0,2,api,cloud,
2026-08-16T14:04:00,2026-08-16T19:04:00.028Z,2026-08-16,14:04,Sun,EMPTY_CLOSED,0,5,15,0,2,api,cloud,
2026-08-16T14:05:00,2026-08-16T19:05:00.005Z,2026-08-16,14:05,Sun,EMPTY_CLOSED,0,5,15,0,2,api,cloud,
2026-08-16T14:06:00,2026-08-16T19:06:00.028Z,2026-08-16,14:06,Sun,EMPTY_CLOSED,0,5,15,0,2,api,cloud,
2026-08-16T14:07:00,2026-08-16T19:07:00.012Z,2026-08-16,14:07,Sun,EMPTY_CLOSED,0,5,15,0,2,api,cloud,
2026-08-16T14:08:00,2026-08-16T19:08:00.028Z,2026-08-16,14:08,Sun,EMPTY_CLOSED,0,5,15,0,2,api,cloud,
2026-08-16T14:09:00,2026-08-16T19:09:00.028Z,2026-08-16,14:09,Sun,EMPTY_CLOSED,0,5,15,0,2,api,cloud,
2026-08-16T14:10:00,2026-08-16T19:10:00.029Z,2026-08-16,14:10,Sun,EMPTY_CLOSED,0,5,15,0,2,api,cloud,
2026-08-16T14:11:00,2026-08-16T19:11:00.027Z,2026-08-16,14:11,Sun,EMPTY_CLOSED,0,5,15,0,2,api,cloud,
2026-08-16T14:12:00,2026-08-16T19:12:00.029Z,2026-08-16,14:12,Sun,EMPTY_CLOSED,0,5,15,0,2,api,cloud,
2026-08-16T14:13:00,2026-08-16T19:13:00.004Z,2026-08-16,14:13,Sun,EMPTY_CLOSED,0,5,15,0,2,api,cloud,
2026-08-16T14:14:00,2026-08-16T19:14:00.028Z,2026-08-16,14:14,Sun,EMPTY_CLOSED,0,5,15,0,2,api,cloud,
2026-08-16T14:15:00,2026-08-16T19:15:00.029Z,2026-08-16,14:15,Sun,EMPTY_CLOSED,0,5,15,0,2,api,cloud,
2026-08-16T14:16:00,2026-08-16T19:16:00.028Z,2026-08-16,14:16,Sun,EMPTY_CLOSED,0,5,15,0,2,api,cloud,
2026-08-16T14:17:00,2026-08-16T19:17:00.029Z,2026-08-16,14:17,Sun,EMPTY_CLOSED,0,5,15,0,2,api,cloud,
2026-08-16T14:18:00,2026-08-16T19:18:00.029Z,2026-08-16,14:18,Sun,EMPTY_CLOSED,0,5,15,0,2,api,cloud,
2026-08-16T14:19:00,2026-08-16T19:19:00.025Z,2026-08-16,14:19,Sun,EMPTY_CLOSED,0,5,15,0,2,api,cloud,
2026-08-16T14:20:00,2026-08-16T19:20:00.012Z,2026-08-16,14:20,Sun,EMPTY_CLOSED,0,5,15,0,2,api,cloud,
2026-08-16T14:21:00,2026-08-16T19:21:00.028Z,2026-08-16,14:21,Sun,EMPTY_CLOSED,0,5,15,0,2,api,cloud,
2026-08-16T14:22:00,2026-08-16T19:22:00.028Z,2026-08-16,14:22,Sun,EMPTY_CLOSED,0,5,15,0,2,api,cloud,
2026-08-16T14:23:00,2026-08-16T19:23:00.029Z,2026-08-16,14:23,Sun,EMPTY_CLOSED,0,5,15,0,2,api,cloud,
2026-08-16T14:24:00,2026-08-16T19:24:00.029Z,2026-08-16,14:24,Sun,EMPTY_CLOSED,0,5,15,0,2,api,cloud,
2026-08-16T14:25:00,2026-08-16T19:25:00.011Z,2026-08-16,14:25,Sun,EMPTY_CLOSED,0,5,15,0,2,api,cloud,
2026-08-16T14:26:00,2026-08-16T19:26:00.027Z,2026-08-16,14:26,Sun,EMPTY_CLOSED,0,5,15,0,2,api,cloud,
2026-08-16T14:27:00,2026-08-16T19:27:00.029Z,2026-08-16,14:27,Sun,EMPTY_CLOSED,0,5,15,0,2,api,cloud,
2026-08-16T14:28:00,2026-08-16T19:28:00.024Z,2026-08-16,14:28,Sun,EMPTY_CLOSED,0,5,15,0,2,api,cloud,
2026-08-16T14:29:00,2026-08-16T19:29:00.028Z,2026-08-16,14:29,Sun,EMPTY_CLOSED,0,5,15,0,2,api,cloud,
2026-08-16T14:30:00,2026-08-16T19:30:00.030Z,2026-08-16,14:30,Sun,EMPTY_CLOSED,0,5,15,0,2,api,cloud,
2026-08-16T14:31:00,2026-08-16T19:31:00.028Z,2026-08-16,14:31,Sun,EMPTY_CLOSED,0,5,15,0,2,api,cloud,
2026-08-16T14:32:00,2026-08-16T19:32:00.028Z,2026-08-16,14:32,Sun,EMPTY_CLOSED,0,5,15,0,2,api,cloud,
2026-08-16T14:33:00,2026-08-16T19:33:00.012Z,2026-08-16,14:33,Sun,EMPTY_CLOSED,0,5,15,0,2,api,cloud,
2026-08-16T14:34:00,2026-08-16T19:34:00.016Z,2026-08-16,14:34,Sun,EMPTY_CLOSED,0,5,15,0,2,api,cloud,
2026-08-16T14:35:00,2026-08-16T19:35:00.029Z,2026-08-16,14:35,Sun,EMPTY_CLOSED,0,5,15,0,2,api,cloud,
2026-08-16T14:36:00,2026-08-16T19:36:00.027Z,2026-08-16,14:36,Sun,EMPTY_CLOSED,0,5,15,0,2,api,cloud,
2026-08-16T14:37:00,2026-08-16T19:37:00.010Z,2026-08-16,14:37,Sun,EMPTY_CLOSED,0,5,15,0,2,api,cloud,
2026-08-16T14:38:00,2026-08-16T19:38:00.029Z,2026-08-16,14:38,Sun,EMPTY_CLOSED,0,5,15,0,2,api,cloud,
2026-08-16T14:39:00,2026-08-16T19:39:00.008Z,2026-08-16,14:39,Sun,EMPTY_CLOSED,0,5,15,0,2,api,cloud,
2026-08-16T14:40:00,2026-08-16T19:40:00.028Z,2026-08-16,14:40,Sun,EMPTY_CLOSED,0,5,15,0,2,api,cloud,
2026-08-16T14:41:00,2026-08-16T19:41:00.027Z,2026-08-16,14:41,Sun,EMPTY_CLOSED,0,5,15,0,2,api,cloud,
2026-08-16T14:42:00,2026-08-16T19:42:00.010Z,2026-08-16,14:42,Sun,NO_MODULE,,,,,,dom,cloud,waitlist module absent
2026-08-16T14:43:00,2026-08-16T19:43:00.006Z,2026-08-16,14:43,Sun,NO_MODULE,,,,,,dom,cloud,waitlist module absent
2026-08-16T14:44:00,2026-08-16T19:44:00.005Z,2026-08-16,14:44,Sun,NO_MODULE,,,,,,dom,cloud,waitlist module absent
2026-08-16T14:45:00,2026-08-16T19:45:00.005Z,2026-08-16,14:45,Sun,EMPTY_CLOSED,0,5,15,0,2,api,cloud,
2026-08-16T14:46:00,2026-08-16T19:46:00.030Z,2026-08-16,14:46,Sun,EMPTY_CLOSED,0,5,15,0,2,api,cloud,
2026-08-16T14:47:00,2026-08-16T19:47:00.021Z,2026-08-16,14:47,Sun,NO_MODULE,,,,,,dom,cloud,waitlist module absent
2026-08-16T14:48:00,2026-08-16T19:48:00.004Z,2026-08-16,14:48,Sun,NO_MODULE,,,,,,dom,cloud,waitlist module absent
2026-08-16T14:49:00,2026-08-16T19:49:00.006Z,2026-08-16,14:49,Sun,NO_MODULE,,,,,,dom,cloud,waitlist module absent
2026-08-16T14:50:00,2026-08-16T19:50:00.004Z,2026-08-16,14:50,Sun,EMPTY_CLOSED,0,5,15,0,2,api,cloud,
2026-08-16T14:51:00,2026-08-16T19:51:00.028Z,2026-08-16,14:51,Sun,NO_MODULE,,,,,,dom,cloud,waitlist module absent
2026-08-16T14:52:00,2026-08-16T19:52:00.005Z,2026-08-16,14:52,Sun,NO_MODULE,,,,,,dom,cloud,waitlist module absent
2026-08-16T14:53:00,2026-08-16T19:53:00.005Z,2026-08-16,14:53,Sun,NO_MODULE,,,,,,dom,cloud,waitlist module absent
2026-08-16T14:54:00,2026-08-16T19:54:00.004Z,2026-08-16,14:54,Sun,NO_MODULE,,,,,,dom,cloud,waitlist module absent
2026-08-16T14:55:00,2026-08-16T19:55:00.004Z,2026-08-16,14:55,Sun,NO_MODULE,,,,,,dom,cloud,waitlist module absent
2026-08-16T14:56:00,2026-08-16T19:56:00.004Z,2026-08-16,14:56,Sun,NO_MODULE,,,,,,dom,cloud,waitlist module absent
2026-08-16T14:57:00,2026-08-16T19:57:00.005Z,2026-08-16,14:57,Sun,NO_MODULE,,,,,,dom,cloud,waitlist module absent
2026-08-16T14:58:00,2026-08-16T19:58:00.005Z,2026-08-16,14:58,Sun,NO_MODULE,,,,,,dom,cloud,waitlist module absent
2026-08-16T14:59:00,2026-08-16T19:59:00.005Z,2026-08-16,14:59,Sun,NO_MODULE,,,,,,dom,cloud,waitlist module absent
2026-08-16T15:00:00,2026-08-16T20:00:00.005Z,2026-08-16,15:00,Sun,NO_MODULE,,,,,,dom,cloud,waitlist module absent
2026-08-16T15:01:00,2026-08-16T20:01:00.006Z,2026-08-16,15:01,Sun,NO_MODULE,,,,,,dom,cloud,waitlist module absent
2026-08-16T15:02:00,2026-08-16T20:02:00.005Z,2026-08-16,15:02,Sun,NO_MODULE,,,,,,dom,cloud,waitlist module absent
2026-08-16T15:03:00,2026-08-16T20:03:00.005Z,2026-08-16,15:03,Sun,NO_MODULE,,,,,,dom,cloud,waitlist module absent
2026-08-16T15:04:00,2026-08-16T20:04:00.006Z,2026-08-16,15:04,Sun,NO_MODULE,,,,,,dom,cloud,waitlist module absent
2026-08-16T15:05:00,2026-08-16T20:05:00.004Z,2026-08-16,15:05,Sun,NO_MODULE,,,,,,dom,cloud,waitlist module absent
2026-08-16T15:06:00,2026-08-16T20:06:00.005Z,2026-08-16,15:06,Sun,NO_MODULE,,,,,,dom,cloud,waitlist module absent
2026-08-16T15:07:00,2026-08-16T20:07:00.005Z,2026-08-16,15:07,Sun,NO_MODULE,,,,,,dom,cloud,waitlist module absent
2026-08-16T15:08:00,2026-08-16T20:08:00.005Z,2026-08-16,15:08,Sun,NO_MODULE,,,,,,dom,cloud,waitlist module absent
2026-08-16T15:09:00,2026-08-16T20:09:00.004Z,2026-08-16,15:09,Sun,NO_MODULE,,,,,,dom,cloud,waitlist module absent
2026-08-16T15:10:00,2026-08-16T20:10:00.005Z,2026-08-16,15:10,Sun,NO_MODULE,,,,,,dom,cloud,waitlist module absent
2026-08-16T15:11:00,2026-08-16T20:11:00.004Z,2026-08-16,15:11,Sun,NO_MODULE,,,,,,dom,cloud,waitlist module absent
2026-08-16T15:12:00,2026-08-16T20:12:00.005Z,2026-08-16,15:12,Sun,NO_MODULE,,,,,,dom,cloud,waitlist module absent
2026-08-16T15:13:00,2026-08-16T20:13:00.005Z,2026-08-16,15:13,Sun,NO_MODULE,,,,,,dom,cloud,waitlist module absent
2026-08-16T15:14:00,2026-08-16T20:14:00.004Z,2026-08-16,15:14,Sun,NO_MODULE,,,,,,dom,cloud,waitlist module absent
2026-08-16T15:15:00,2026-08-16T20:15:00.005Z,2026-08-16,15:15,Sun,NO_MODULE,,,,,,dom,cloud,waitlist module absent
2026-08-16T15:16:00,2026-08-16T20:16:00.004Z,2026-08-16,15:16,Sun,NO_MODULE,,,,,,dom,cloud,waitlist module absent
2026-08-16T15:17:00,2026-08-16T20:17:00.005Z,2026-08-16,15:17,Sun,NO_MODULE,,,,,,dom,cloud,waitlist module absent
2026-08-16T15:18:00,2026-08-16T20:18:00.003Z,2026-08-16,15:18,Sun,NO_MODULE,,,,,,dom,cloud,waitlist module absent
2026-08-16T15:19:00,2026-08-16T20:19:00.005Z,2026-08-16,15:19,Sun,NO_MODULE,,,,,,dom,cloud,waitlist module absent
2026-08-16T15:20:00,2026-08-16T20:20:00.004Z,2026-08-16,15:20,Sun,NO_MODULE,,,,,,dom,cloud,waitlist module absent
2026-08-16T15:21:00,2026-08-16T20:21:00.005Z,2026-08-16,15:21,Sun,NO_MODULE,,,,,,dom,cloud,waitlist module absent
2026-08-16T15:22:00,2026-08-16T20:22:00.004Z,2026-08-16,15:22,Sun,NO_MODULE,,,,,,dom,cloud,waitlist module absent
2026-08-16T15:23:00,2026-08-16T20:23:00.002Z,2026-08-16,15:23,Sun,NO_MODULE,,,,,,dom,cloud,waitlist module absent
2026-08-16T15:24:00,2026-08-16T20:24:00.005Z,2026-08-16,15:24,Sun,NO_MODULE,,,,,,dom,cloud,waitlist module absent
2026-08-16T15:25:00,2026-08-16T20:25:00.004Z,2026-08-16,15:25,Sun,NO_MODULE,,,,,,dom,cloud,waitlist module absent
2026-08-16T15:26:00,2026-08-16T20:26:00.005Z,2026-08-16,15:26,Sun,NO_MODULE,,,,,,dom,cloud,waitlist module absent
2026-08-16T15:27:00,2026-08-16T20:27:00.005Z,2026-08-16,15:27,Sun,NO_MODULE,,,,,,dom,cloud,waitlist module absent
2026-08-16T15:28:00,2026-08-16T20:28:00.006Z,2026-08-16,15:28,Sun,NO_MODULE,,,,,,dom,cloud,waitlist module absent
2026-08-16T15:29:00,2026-08-16T20:29:00.004Z,2026-08-16,15:29,Sun,NO_MODULE,,,,,,dom,cloud,waitlist module absent
2026-08-17T06:00:22,2026-08-17T11:00:22.713Z,2026-08-17,06:00,Mon,NO_MODULE,,,,,,dom,cloud,waitlist module absent
2026-08-17T06:02:00,2026-08-17T11:02:00.022Z,2026-08-17,06:02,Mon,NO_MODULE,,,,,,dom,cloud,waitlist module absent
2026-08-17T06:03:00,2026-08-17T11:03:00.006Z,2026-08-17,06:03,Mon,NO_MODULE,,,,,,dom,cloud,waitlist module absent
2026-08-17T06:04:00,2026-08-17T11:04:00.005Z,2026-08-17,06:04,Mon,NO_MODULE,,,,,,dom,cloud,waitlist module absent
2026-08-17T06:05:00,2026-08-17T11:05:00.006Z,2026-08-17,06:05,Mon,NO_MODULE,,,,,,dom,cloud,waitlist module absent
2026-08-17T06:06:00,2026-08-17T11:06:00.004Z,2026-08-17,06:06,Mon,NO_MODULE,,,,,,dom,cloud,waitlist module absent
2026-08-17T06:07:00,2026-08-17T11:07:00.004Z,2026-08-17,06:07,Mon,NO_MODULE,,,,,,dom,cloud,waitlist module absent
2026-08-17T06:08:00,2026-08-17T11:08:00.006Z,2026-08-17,06:08,Mon,NO_MODULE,,,,,,dom,cloud,waitlist module absent
2026-08-17T06:09:00,2026-08-17T11:09:00.001Z,2026-08-17,06:09,Mon,NO_MODULE,,,,,,dom,cloud,waitlist module absent
2026-08-17T06:10:00,2026-08-17T11:10:00.005Z,2026-08-17,06:10,Mon,NO_MODULE,,,,,,dom,cloud,waitlist module absent
2026-08-17T06:11:00,2026-08-17T11:11:00.004Z,2026-08-17,06:11,Mon,NO_MODULE,,,,,,dom,cloud,waitlist module absent
2026-08-17T06:12:00,2026-08-17T11:12:00.004Z,2026-08-17,06:12,Mon,NO_MODULE,,,,,,dom,cloud,waitlist module absent
2026-08-17T06:13:00,2026-08-17T11:13:00.004Z,2026-08-17,06:13,Mon,NO_MODULE,,,,,,dom,cloud,waitlist module absent
2026-08-17T06:14:00,2026-08-17T11:14:00.004Z,2026-08-17,06:14,Mon,NO_MODULE,,,,,,dom,cloud,waitlist module absent
2026-08-17T06:15:00,2026-08-17T11:15:00.004Z,2026-08-17,06:15,Mon,NO_MODULE,,,,,,dom,cloud,waitlist module absent
2026-08-17T06:16:00,2026-08-17T11:16:00.004Z,2026-08-17,06:16,Mon,NO_MODULE,,,,,,dom,cloud,waitlist module absent
2026-08-17T06:17:00,2026-08-17T11:17:00.004Z,2026-08-17,06:17,Mon,NO_MODULE,,,,,,dom,cloud,waitlist module absent
2026-08-17T06:18:00,2026-08-17T11:18:00.004Z,2026-08-17,06:18,Mon,NO_MODULE,,,,,,dom,cloud,waitlist module absent
2026-08-17T06:19:00,2026-08-17T11:19:00.004Z,2026-08-17,06:19,Mon,NO_MODULE,,,,,,dom,cloud,waitlist module absent
2026-08-17T06:20:00,2026-08-17T11:20:00.005Z,2026-08-17,06:20,Mon,NO_MODULE,,,,,,dom,cloud,waitlist module absent
2026-08-17T06:21:00,2026-08-17T11:21:00.004Z,2026-08-17,06:21,Mon,NO_MODULE,,,,,,dom,cloud,waitlist module absent
2026-08-17T06:22:00,2026-08-17T11:22:00.004Z,2026-08-17,06:22,Mon,NO_MODULE,,,,,,dom,cloud,waitlist module absent
2026-08-17T06:23:00,2026-08-17T11:23:00.004Z,2026-08-17,06:23,Mon,NO_MODULE,,,,,,dom,cloud,waitlist module absent
2026-08-17T06:24:00,2026-08-17T11:24:00.005Z,2026-08-17,06:24,Mon,NO_MODULE,,,,,,dom,cloud,waitlist module absent
2026-08-17T06:25:00,2026-08-17T11:25:00.004Z,2026-08-17,06:25,Mon,NO_MODULE,,,,,,dom,cloud,waitlist module absent
2026-08-17T06:26:00,2026-08-17T11:26:00.004Z,2026-08-17,06:26,Mon,NO_MODULE,,,,,,dom,cloud,waitlist module absent
2026-08-17T06:27:00,2026-08-17T11:27:00.005Z,2026-08-17,06:27,Mon,NO_MODULE,,,,,,dom,cloud,waitlist module absent
2026-08-17T06:28:00,2026-08-17T11:28:00.006Z,2026-08-17,06:28,Mon,NO_MODULE,,,,,,dom,cloud,waitlist module absent
2026-08-17T06:29:00,2026-08-17T11:29:00.006Z,2026-08-17,06:29,Mon,NO_MODULE,,,,,,dom,cloud,waitlist module absent
2026-08-17T06:30:00,2026-08-17T11:30:00.004Z,2026-08-17,06:30,Mon,NO_MODULE,,,,,,dom,cloud,waitlist module absent
2026-08-17T06:31:00,2026-08-17T11:31:00.003Z,2026-08-17,06:31,Mon,NO_MODULE,,,,,,dom,cloud,waitlist module absent
2026-08-17T06:32:00,2026-08-17T11:32:00.005Z,2026-08-17,06:32,Mon,EMPTY_CLOSED,0,5,15,0,2,api,cloud,
2026-08-17T06:33:00,2026-08-17T11:33:00.043Z,2026-08-17,06:33,Mon,NO_MODULE,,,,,,dom,cloud,waitlist module absent
2026-08-17T06:34:00,2026-08-17T11:34:00.004Z,2026-08-17,06:34,Mon,NO_MODULE,,,,,,dom,cloud,waitlist module absent
2026-08-17T06:35:00,2026-08-17T11:35:00.005Z,2026-08-17,06:35,Mon,EMPTY_CLOSED,0,5,15,0,2,api,cloud,
2026-08-17T06:36:00,2026-08-17T11:36:00.005Z,2026-08-17,06:36,Mon,NO_MODULE,,,,,,dom,cloud,waitlist module absent
2026-08-17T06:37:00,2026-08-17T11:37:00.006Z,2026-08-17,06:37,Mon,EMPTY_CLOSED,0,5,15,0,2,api,cloud,
2026-08-17T06:38:00,2026-08-17T11:38:00.036Z,2026-08-17,06:38,Mon,EMPTY_CLOSED,0,5,15,0,2,api,cloud,
2026-08-17T06:39:00,2026-08-17T11:39:00.028Z,2026-08-17,06:39,Mon,NO_MODULE,,,,,,dom,cloud,waitlist module absent
2026-08-17T06:40:00,2026-08-17T11:40:00.004Z,2026-08-17,06:40,Mon,EMPTY_CLOSED,0,5,15,0,2,api,cloud,
2026-08-17T06:41:00,2026-08-17T11:41:00.008Z,2026-08-17,06:41,Mon,EMPTY_CLOSED,0,5,15,0,2,api,cloud,
2026-08-17T06:42:00,2026-08-17T11:42:00.045Z,2026-08-17,06:42,Mon,EMPTY_CLOSED,0,5,15,0,2,api,cloud,
2026-08-17T06:43:00,2026-08-17T11:43:00.030Z,2026-08-17,06:43,Mon,NO_MODULE,,,,,,dom,cloud,waitlist module absent
2026-08-17T06:44:00,2026-08-17T11:44:00.005Z,2026-08-17,06:44,Mon,EMPTY_CLOSED,0,5,15,0,2,api,cloud,
2026-08-17T06:45:00,2026-08-17T11:45:00.013Z,2026-08-17,06:45,Mon,EMPTY_CLOSED,0,5,15,0,2,api,cloud,
2026-08-17T06:46:00,2026-08-17T11:46:00.036Z,2026-08-17,06:46,Mon,EMPTY_CLOSED,0,5,15,0,2,api,cloud,
2026-08-17T06:47:00,2026-08-17T11:47:00.044Z,2026-08-17,06:47,Mon,EMPTY_CLOSED,0,5,15,0,2,api,cloud,
2026-08-17T06:48:00,2026-08-17T11:48:00.013Z,2026-08-17,06:48,Mon,EMPTY_CLOSED,0,5,15,0,2,api,cloud,
2026-08-17T06:49:00,2026-08-17T11:49:00.020Z,2026-08-17,06:49,Mon,EMPTY_CLOSED,0,5,15,0,2,api,cloud,
2026-08-17T06:50:00,2026-08-17T11:50:00.012Z,2026-08-17,06:50,Mon,EMPTY_CLOSED,0,5,15,0,2,api,cloud,
2026-08-17T06:51:00,2026-08-17T11:51:00.004Z,2026-08-17,06:51,Mon,EMPTY_CLOSED,0,5,15,0,2,api,cloud,
2026-08-17T06:52:00,2026-08-17T11:52:00.008Z,2026-08-17,06:52,Mon,EMPTY_CLOSED,0,5,15,0,2,api,cloud,
2026-08-17T06:53:00,2026-08-17T11:53:00.044Z,2026-08-17,06:53,Mon,EMPTY_CLOSED,0,5,15,0,2,api,cloud,
2026-08-17T06:54:00,2026-08-17T11:54:00.044Z,2026-08-17,06:54,Mon,EMPTY_CLOSED,0,5,15,0,2,api,cloud,
2026-08-17T06:55:00,2026-08-17T11:55:00.044Z,2026-08-17,06:55,Mon,EMPTY_CLOSED,0,5,15,0,2,api,cloud,
2026-08-17T06:56:00,2026-08-17T11:56:00.044Z,2026-08-17,06:56,Mon,EMPTY_CLOSED,0,5,15,0,2,api,cloud,
2026-08-17T06:57:00,2026-08-17T11:57:00.004Z,2026-08-17,06:57,Mon,EMPTY_CLOSED,0,5,15,0,2,api,cloud,
2026-08-17T06:58:00,2026-08-17T11:58:00.044Z,2026-08-17,06:58,Mon,EMPTY_CLOSED,0,5,15,0,2,api,cloud,
2026-08-17T06:59:00,2026-08-17T11:59:00.026Z,2026-08-17,06:59,Mon,EMPTY_CLOSED,0,5,15,0,2,api,cloud,
2026-08-17T07:00:00,2026-08-17T12:00:00.036Z,2026-08-17,07:00,Mon,EMPTY_CLOSED,0,5,15,0,2,api,cloud,
2026-08-17T07:01:00,2026-08-17T12:01:00.044Z,2026-08-17,07:01,Mon,EMPTY_CLOSED,0,5,15,0,2,api,cloud,
2026-08-17T07:02:00,2026-08-17T12:02:00.032Z,2026-08-17,07:02,Mon,EMPTY_CLOSED,0,5,15,0,2,api,cloud,
2026-08-17T07:03:00,2026-08-17T12:03:00.044Z,2026-08-17,07:03,Mon,EMPTY_CLOSED,0,5,15,0,2,api,cloud,
2026-08-17T07:04:00,2026-08-17T12:04:00.005Z,2026-08-17,07:04,Mon,EMPTY_CLOSED,0,5,15,0,2,api,cloud,
2026-08-17T07:05:00,2026-08-17T12:05:00.034Z,2026-08-17,07:05,Mon,EMPTY_CLOSED,0,5,15,0,2,api,cloud,
2026-08-17T07:06:00,2026-08-17T12:06:00.038Z,2026-08-17,07:06,Mon,EMPTY_CLOSED,0,5,15,0,2,api,cloud,
2026-08-17T07:07:00,2026-08-17T12:07:00.020Z,2026-08-17,07:07,Mon,EMPTY_CLOSED,0,5,15,0,2,api,cloud,
2026-08-17T07:08:00,2026-08-17T12:08:00.045Z,2026-08-17,07:08,Mon,EMPTY_CLOSED,0,5,15,0,2,api,cloud,
2026-08-17T07:09:00,2026-08-17T12:09:00.044Z,2026-08-17,07:09,Mon,EMPTY_CLOSED,0,5,15,0,2,api,cloud,
2026-08-17T07:10:00,2026-08-17T12:10:00.020Z,2026-08-17,07:10,Mon,EMPTY_CLOSED,0,5,15,0,2,api,cloud,
2026-08-17T07:11:00,2026-08-17T12:11:00.043Z,2026-08-17,07:11,Mon,EMPTY_CLOSED,0,5,15,0,2,api,cloud,
2026-08-17T07:12:00,2026-08-17T12:12:00.044Z,2026-08-17,07:12,Mon,EMPTY_CLOSED,0,5,15,0,2,api,cloud,
2026-08-17T07:13:00,2026-08-17T12:13:00.043Z,2026-08-17,07:13,Mon,EMPTY_CLOSED,0,5,15,0,2,api,cloud,
2026-08-17T07:14:00,2026-08-17T12:14:00.005Z,2026-08-17,07:14,Mon,EMPTY_CLOSED,0,5,15,0,2,api,cloud,
2026-08-17T07:15:00,2026-08-17T12:15:00.044Z,2026-08-17,07:15,Mon,EMPTY_CLOSED,0,5,15,0,2,api,cloud,
2026-08-17T07:16:00,2026-08-17T12:16:00.017Z,2026-08-17,07:16,Mon,EMPTY_CLOSED,0,5,15,0,2,api,cloud,
2026-08-17T07:17:00,2026-08-17T12:17:00.005Z,2026-08-17,07:17,Mon,EMPTY_CLOSED,0,5,15,0,2,api,cloud,
2026-08-17T07:18:00,2026-08-17T12:18:00.028Z,2026-08-17,07:18,Mon,EMPTY_CLOSED,0,5,15,0,2,api,cloud,
2026-08-17T07:19:00,2026-08-17T12:19:00.028Z,2026-08-17,07:19,Mon,EMPTY_CLOSED,0,5,15,0,2,api,cloud,
2026-08-17T07:20:00,2026-08-17T12:20:00.036Z,2026-08-17,07:20,Mon,EMPTY_CLOSED,0,5,15,0,2,api,cloud,
2026-08-17T07:21:00,2026-08-17T12:21:00.040Z,2026-08-17,07:21,Mon,EMPTY_CLOSED,0,5,15,0,2,api,cloud,
2026-08-17T07:22:00,2026-08-17T12:22:00.036Z,2026-08-17,07:22,Mon,EMPTY_CLOSED,0,5,15,0,2,api,cloud,
2026-08-17T07:23:00,2026-08-17T12:23:00.005Z,2026-08-17,07:23,Mon,EMPTY_CLOSED,0,5,15,0,2,api,cloud,
2026-08-17T07:24:00,2026-08-17T12:24:00.009Z,2026-08-17,07:24,Mon,OPEN,1,5,15,10.0,2,api,cloud,
2026-08-17T07:25:00,2026-08-17T12:25:00.043Z,2026-08-17,07:25,Mon,OPEN,1,5,15,10.0,2,api,cloud,
2026-08-17T07:26:00,2026-08-17T12:26:00.044Z,2026-08-17,07:26,Mon,OPEN,1,5,15,10.0,2,api,cloud,
2026-08-17T07:27:00,2026-08-17T12:27:00.044Z,2026-08-17,07:27,Mon,OPEN,1,5,15,10.0,2,api,cloud,
2026-08-17T07:28:00,2026-08-17T12:28:00.043Z,2026-08-17,07:28,Mon,OPEN,1,5,15,10.0,2,api,cloud,
2026-08-17T07:29:00,2026-08-17T12:29:00.004Z,2026-08-17,07:29,Mon,OPEN,1,5,15,10.0,2,api,cloud,
2026-08-17T07:30:00,2026-08-17T12:30:00.012Z,2026-08-17,07:30,Mon,EMPTY_CLOSED,0,5,15,0,2,api,cloud,
2026-08-17T07:31:00,2026-08-17T12:31:00.036Z,2026-08-17,07:31,Mon,EMPTY_CLOSED,0,5,15,0,2,api,cloud,
2026-08-17T07:32:00,2026-08-17T12:32:00.036Z,2026-08-17,07:32,Mon,EMPTY_CLOSED,0,5,15,0,2,api,cloud,
2026-08-17T07:33:00,2026-08-17T12:33:00.044Z,2026-08-17,07:33,Mon,EMPTY_CLOSED,0,5,15,0,2,api,cloud,
2026-08-17T07:34:00,2026-08-17T12:34:00.036Z,2026-08-17,07:34,Mon,EMPTY_CLOSED,0,5,15,0,2,api,cloud,
2026-08-17T07:35:00,2026-08-17T12:35:00.043Z,2026-08-17,07:35,Mon,EMPTY_CLOSED,0,5,15,0,2,api,cloud,
2026-08-17T07:36:00,2026-08-17T12:36:00.022Z,2026-08-17,07:36,Mon,EMPTY_CLOSED,0,5,15,0,2,api,cloud,
2026-08-17T07:37:00,2026-08-17T12:37:00.004Z,2026-08-17,07:37,Mon,EMPTY_CLOSED,0,5,15,0,2,api,cloud,
2026-08-17T07:38:00,2026-08-17T12:38:00.036Z,2026-08-17,07:38,Mon,EMPTY_CLOSED,0,5,15,0,2,api,cloud,
2026-08-17T07:39:00,2026-08-17T12:39:00.034Z,2026-08-17,07:39,Mon,EMPTY_CLOSED,0,5,15,0,2,api,cloud,
2026-08-17T07:40:00,2026-08-17T12:40:00.023Z,2026-08-17,07:40,Mon,EMPTY_CLOSED,0,5,15,0,2,api,cloud,
2026-08-17T07:41:00,2026-08-17T12:41:00.005Z,2026-08-17,07:41,Mon,EMPTY_CLOSED,0,5,15,0,2,api,cloud,
2026-08-17T07:42:00,2026-08-17T12:42:00.001Z,2026-08-17,07:42,Mon,EMPTY_CLOSED,0,5,15,0,2,api,cloud,
2026-08-17T07:43:00,2026-08-17T12:43:00.005Z,2026-08-17,07:43,Mon,EMPTY_CLOSED,0,5,15,0,2,api,cloud,
2026-08-17T07:44:00,2026-08-17T12:44:00.030Z,2026-08-17,07:44,Mon,EMPTY_CLOSED,0,5,15,0,2,api,cloud,
2026-08-17T07:45:00,2026-08-17T12:45:00.044Z,2026-08-17,07:45,Mon,EMPTY_CLOSED,0,5,15,0,2,api,cloud,
2026-08-17T07:46:00,2026-08-17T12:46:00.043Z,2026-08-17,07:46,Mon,EMPTY_CLOSED,0,5,15,0,2,api,cloud,
2026-08-17T07:47:00,2026-08-17T12:47:00.004Z,2026-08-17,07:47,Mon,EMPTY_CLOSED,0,5,15,0,2,api,cloud,
2026-08-17T07:48:00,2026-08-17T12:48:00.005Z,2026-08-17,07:48,Mon,EMPTY_CLOSED,0,5,15,0,2,api,cloud,
2026-08-17T07:49:00,2026-08-17T12:49:00.006Z,2026-08-17,07:49,Mon,EMPTY_CLOSED,0,5,15,0,2,api,cloud,
2026-08-17T07:50:00,2026-08-17T12:50:00.007Z,2026-08-17,07:50,Mon,EMPTY_CLOSED,0,5,15,0,2,api,cloud,
2026-08-17T07:51:00,2026-08-17T12:51:00.043Z,2026-08-17,07:51,Mon,EMPTY_CLOSED,0,5,15,0,2,api,cloud,
2026-08-17T07:52:00,2026-08-17T12:52:00.044Z,2026-08-17,07:52,Mon,EMPTY_CLOSED,0,5,15,0,2,api,cloud,
2026-08-17T07:53:00,2026-08-17T12:53:00.005Z,2026-08-17,07:53,Mon,EMPTY_CLOSED,0,5,15,0,2,api,cloud,
2026-08-17T07:54:00,2026-08-17T12:54:00.036Z,2026-08-17,07:54,Mon,EMPTY_CLOSED,0,5,15,0,2,api,cloud,
2026-08-17T07:55:00,2026-08-17T12:55:00.043Z,2026-08-17,07:55,Mon,EMPTY_CLOSED,0,5,15,0,2,api,cloud,
2026-08-17T07:56:00,2026-08-17T12:56:00.044Z,2026-08-17,07:56,Mon,EMPTY_CLOSED,0,5,15,0,2,api,cloud,
2026-08-17T07:57:00,2026-08-17T12:57:00.041Z,2026-08-17,07:57,Mon,EMPTY_CLOSED,0,5,15,0,2,api,cloud,
2026-08-17T07:58:00,2026-08-17T12:58:00.044Z,2026-08-17,07:58,Mon,EMPTY_CLOSED,0,5,15,0,2,api,cloud,
2026-08-17T07:59:00,2026-08-17T12:59:00.036Z,2026-08-17,07:59,Mon,EMPTY_CLOSED,0,5,15,0,2,api,cloud,
2026-08-17T08:00:00,2026-08-17T13:00:00.040Z,2026-08-17,08:00,Mon,EMPTY_CLOSED,0,5,15,0,2,api,cloud,
2026-08-17T08:01:00,2026-08-17T13:01:00.044Z,2026-08-17,08:01,Mon,EMPTY_CLOSED,0,5,15,0,2,api,cloud,
2026-08-17T08:02:00,2026-08-17T13:02:00.005Z,2026-08-17,08:02,Mon,EMPTY_CLOSED,0,5,15,0,2,api,cloud,
2026-08-17T08:03:00,2026-08-17T13:03:00.044Z,2026-08-17,08:03,Mon,EMPTY_CLOSED,0,5,15,0,2,api,cloud,
2026-08-17T08:04:00,2026-08-17T13:04:00.044Z,2026-08-17,08:04,Mon,EMPTY_CLOSED,0,5,15,0,2,api,cloud,
2026-08-17T08:05:00,2026-08-17T13:05:00.004Z,2026-08-17,08:05,Mon,EMPTY_CLOSED,0,5,15,0,2,api,cloud,
2026-08-17T08:06:00,2026-08-17T13:06:00.036Z,2026-08-17,08:06,Mon,EMPTY_CLOSED,0,5,15,0,2,api,cloud,
2026-08-17T08:07:00,2026-08-17T13:07:00.020Z,2026-08-17,08:07,Mon,EMPTY_CLOSED,0,5,15,0,2,api,cloud,
2026-08-17T08:08:00,2026-08-17T13:08:00.040Z,2026-08-17,08:08,Mon,EMPTY_CLOSED,0,5,15,0,2,api,cloud,
2026-08-17T08:09:00,2026-08-17T13:09:00.005Z,2026-08-17,08:09,Mon,EMPTY_CLOSED,0,5,15,0,2,api,cloud,
2026-08-17T08:10:00,2026-08-17T13:10:00.043Z,2026-08-17,08:10,Mon,EMPTY_CLOSED,0,5,15,0,2,api,cloud,
2026-08-17T08:11:00,2026-08-17T13:11:00.028Z,2026-08-17,08:11,Mon,EMPTY_CLOSED,0,5,15,0,2,api,cloud,
2026-08-17T08:12:00,2026-08-17T13:12:00.044Z,2026-08-17,08:12,Mon,EMPTY_CLOSED,0,5,15,0,2,api,cloud,
2026-08-17T08:13:00,2026-08-17T13:13:00.044Z,2026-08-17,08:13,Mon,EMPTY_CLOSED,0,5,15,0,2,api,cloud,
2026-08-17T08:14:00,2026-08-17T13:14:00.036Z,2026-08-17,08:14,Mon,EMPTY_CLOSED,0,5,15,0,2,api,cloud,
2026-08-17T08:15:00,2026-08-17T13:15:00.043Z,2026-08-17,08:15,Mon,EMPTY_CLOSED,0,5,15,0,2,api,cloud,
2026-08-17T08:16:00,2026-08-17T13:16:00.043Z,2026-08-17,08:16,Mon,EMPTY_CLOSED,0,5,15,0,2,api,cloud,
2026-08-17T08:17:00,2026-08-17T13:17:00.036Z,2026-08-17,08:17,Mon,EMPTY_CLOSED,0,5,15,0,2,api,cloud,
2026-08-17T08:18:00,2026-08-17T13:18:00.044Z,2026-08-17,08:18,Mon,EMPTY_CLOSED,0,5,15,0,2,api,cloud,
2026-08-17T08:19:00,2026-08-17T13:19:00.009Z,2026-08-17,08:19,Mon,EMPTY_CLOSED,0,5,15,0,2,api,cloud,
2026-08-17T08:20:00,2026-08-17T13:20:00.013Z,2026-08-17,08:20,Mon,EMPTY_CLOSED,0,5,15,0,2,api,cloud,
2026-08-17T08:21:00,2026-08-17T13:21:00.014Z,2026-08-17,08:21,Mon,EMPTY_CLOSED,0,5,15,0,2,api,cloud,
2026-08-17T08:22:00,2026-08-17T13:22:00.020Z,2026-08-17,08:22,Mon,NO_MODULE,,,,,,dom,cloud,waitlist module absent
2026-08-17T08:23:00,2026-08-17T13:23:00.004Z,2026-08-17,08:23,Mon,EMPTY_CLOSED,0,5,15,0,2,api,cloud,
2026-08-17T08:24:00,2026-08-17T13:24:00.005Z,2026-08-17,08:24,Mon,EMPTY_CLOSED,0,5,15,0,2,api,cloud,
2026-08-17T08:25:00,2026-08-17T13:25:00.032Z,2026-08-17,08:25,Mon,NO_MODULE,,,,,,dom,cloud,waitlist module absent
2026-08-17T08:26:00,2026-08-17T13:26:00.005Z,2026-08-17,08:26,Mon,EMPTY_CLOSED,0,5,15,0,2,api,cloud,
2026-08-17T08:27:00,2026-08-17T13:27:00.034Z,2026-08-17,08:27,Mon,EMPTY_CLOSED,0,5,15,0,2,api,cloud,
2026-08-17T08:28:00,2026-08-17T13:28:00.017Z,2026-08-17,08:28,Mon,EMPTY_CLOSED,0,5,15,0,2,api,cloud,
2026-08-17T08:29:00,2026-08-17T13:29:00.040Z,2026-08-17,08:29,Mon,EMPTY_CLOSED,0,5,15,0,2,api,cloud,
2026-08-17T08:30:00,2026-08-17T13:30:00.036Z,2026-08-17,08:30,Mon,EMPTY_CLOSED,0,5,15,0,2,api,cloud,
2026-08-17T08:31:00,2026-08-17T13:31:00.004Z,2026-08-17,08:31,Mon,EMPTY_CLOSED,0,5,15,0,2,api,cloud,
2026-08-17T08:32:00,2026-08-17T13:32:00.033Z,2026-08-17,08:32,Mon,EMPTY_CLOSED,0,5,15,0,2,api,cloud,
2026-08-17T08:33:00,2026-08-17T13:33:00.036Z,2026-08-17,08:33,Mon,EMPTY_CLOSED,0,5,15,0,2,api,cloud,
2026-08-17T08:34:00,2026-08-17T13:34:00.012Z,2026-08-17,08:34,Mon,EMPTY_CLOSED,0,5,15,0,2,api,cloud,
2026-08-17T08:35:00,2026-08-17T13:35:00.044Z,2026-08-17,08:35,Mon,EMPTY_CLOSED,0,5,15,0,2,api,cloud,
2026-08-17T08:36:00,2026-08-17T13:36:00.040Z,2026-08-17,08:36,Mon,EMPTY_CLOSED,0,5,15,0,2,api,cloud,
2026-08-17T08:37:00,2026-08-17T13:37:00.018Z,2026-08-17,08:37,Mon,EMPTY_CLOSED,0,5,15,0,2,api,cloud,
2026-08-17T08:38:00,2026-08-17T13:38:00.036Z,2026-08-17,08:38,Mon,EMPTY_CLOSED,0,5,15,0,2,api,cloud,
2026-08-17T08:39:00,2026-08-17T13:39:00.040Z,2026-08-17,08:39,Mon,EMPTY_CLOSED,0,5,15,0,2,api,cloud,
2026-08-17T08:40:00,2026-08-17T13:40:00.036Z,2026-08-17,08:40,Mon,EMPTY_CLOSED,0,5,15,0,2,api,cloud,
2026-08-17T08:41:00,2026-08-17T13:41:00.044Z,2026-08-17,08:41,Mon,EMPTY_CLOSED,0,5,15,0,2,api,cloud,
2026-08-17T08:42:00,2026-08-17T13:42:00.043Z,2026-08-17,08:42,Mon,EMPTY_CLOSED,0,5,15,0,2,api,cloud,
2026-08-17T08:43:00,2026-08-17T13:43:00.004Z,2026-08-17,08:43,Mon,EMPTY_CLOSED,0,5,15,0,2,api,cloud,
2026-08-17T08:44:00,2026-08-17T13:44:00.044Z,2026-08-17,08:44,Mon,EMPTY_CLOSED,0,5,15,0,2,api,cloud,
2026-08-17T08:45:00,2026-08-17T13:45:00.004Z,2026-08-17,08:45,Mon,EMPTY_CLOSED,0,5,15,0,2,api,cloud,
2026-08-17T08:46:00,2026-08-17T13:46:00.021Z,2026-08-17,08:46,Mon,EMPTY_CLOSED,0,5,15,0,2,api,cloud,
2026-08-17T08:47:00,2026-08-17T13:47:00.026Z,2026-08-17,08:47,Mon,EMPTY_CLOSED,0,5,15,0,2,api,cloud,
2026-08-17T08:48:00,2026-08-17T13:48:00.043Z,2026-08-17,08:48,Mon,EMPTY_CLOSED,0,5,15,0,2,api,cloud,
2026-08-17T08:49:00,2026-08-17T13:49:00.028Z,2026-08-17,08:49,Mon,EMPTY_CLOSED,0,5,15,0,2,api,cloud,
2026-08-17T08:50:00,2026-08-17T13:50:00.044Z,2026-08-17,08:50,Mon,EMPTY_CLOSED,0,5,15,0,2,api,cloud,
2026-08-17T08:51:00,2026-08-17T13:51:00.044Z,2026-08-17,08:51,Mon,EMPTY_CLOSED,0,5,15,0,2,api,cloud,
2026-08-17T08:52:00,2026-08-17T13:52:00.042Z,2026-08-17,08:52,Mon,EMPTY_CLOSED,0,5,15,0,2,api,cloud,
2026-08-17T08:53:00,2026-08-17T13:53:00.005Z,2026-08-17,08:53,Mon,EMPTY_CLOSED,0,5,15,0,2,api,cloud,
2026-08-17T08:54:00,2026-08-17T13:54:00.044Z,2026-08-17,08:54,Mon,EMPTY_CLOSED,0,5,15,0,2,api,cloud,
2026-08-17T08:55:00,2026-08-17T13:55:00.044Z,2026-08-17,08:55,Mon,EMPTY_CLOSED,0,5,15,0,2,api,cloud,
2026-08-17T08:56:00,2026-08-17T13:56:00.036Z,2026-08-17,08:56,Mon,EMPTY_CLOSED,0,5,15,0,2,api,cloud,
2026-08-17T08:57:00,2026-08-17T13:57:00.005Z,2026-08-17,08:57,Mon,EMPTY_CLOSED,0,5,15,0,2,api,cloud,
2026-08-17T08:58:00,2026-08-17T13:58:00.026Z,2026-08-17,08:58,Mon,EMPTY_CLOSED,0,5,15,0,2,api,cloud,
2026-08-17T08:59:00,2026-08-17T13:59:00.002Z,2026-08-17,08:59,Mon,EMPTY_CLOSED,0,5,15,0,2,api,cloud,
2026-08-17T09:00:00,2026-08-17T14:00:00.034Z,2026-08-17,09:00,Mon,EMPTY_CLOSED,0,5,15,0,2,api,cloud,
2026-08-17T09:01:00,2026-08-17T14:01:00.004Z,2026-08-17,09:01,Mon,EMPTY_CLOSED,0,5,15,0,2,api,cloud,
2026-08-17T09:02:00,2026-08-17T14:02:00.005Z,2026-08-17,09:02,Mon,EMPTY_CLOSED,0,5,15,0,2,api,cloud,
2026-08-17T09:03:00,2026-08-17T14:03:00.044Z,2026-08-17,09:03,Mon,EMPTY_CLOSED,0,5,15,0,2,api,cloud,
2026-08-17T09:04:00,2026-08-17T14:04:00.044Z,2026-08-17,09:04,Mon,EMPTY_CLOSED,0,5,15,0,2,api,cloud,
2026-08-17T09:05:00,2026-08-17T14:05:00.010Z,2026-08-17,09:05,Mon,EMPTY_CLOSED,0,5,15,0,2,api,cloud,
2026-08-17T09:06:00,2026-08-17T14:06:00.044Z,2026-08-17,09:06,Mon,EMPTY_CLOSED,0,5,15,0,2,api,cloud,
2026-08-17T09:07:00,2026-08-17T14:07:00.043Z,2026-08-17,09:07,Mon,EMPTY_CLOSED,0,5,15,0,2,api,cloud,
2026-08-17T09:08:00,2026-08-17T14:08:00.043Z,2026-08-17,09:08,Mon,EMPTY_CLOSED,0,5,15,0,2,api,cloud,
2026-08-17T09:09:00,2026-08-17T14:09:00.025Z,2026-08-17,09:09,Mon,EMPTY_CLOSED,0,5,15,0,2,api,cloud,
2026-08-17T09:10:00,2026-08-17T14:10:00.044Z,2026-08-17,09:10,Mon,EMPTY_CLOSED,0,5,15,0,2,api,cloud,
2026-08-17T09:11:00,2026-08-17T14:11:00.016Z,2026-08-17,09:11,Mon,EMPTY_CLOSED,0,5,15,0,2,api,cloud,
2026-08-17T09:12:00,2026-08-17T14:12:00.036Z,2026-08-17,09:12,Mon,EMPTY_CLOSED,0,5,15,0,2,api,cloud,
2026-08-17T09:13:00,2026-08-17T14:13:00.017Z,2026-08-17,09:13,Mon,EMPTY_CLOSED,0,5,15,0,2,api,cloud,
2026-08-17T09:14:00,2026-08-17T14:14:00.036Z,2026-08-17,09:14,Mon,EMPTY_CLOSED,0,5,15,0,2,api,cloud,
2026-08-17T09:15:00,2026-08-17T14:15:00.044Z,2026-08-17,09:15,Mon,EMPTY_CLOSED,0,5,15,0,2,api,cloud,
2026-08-17T09:16:00,2026-08-17T14:16:00.020Z,2026-08-17,09:16,Mon,EMPTY_CLOSED,0,5,15,0,2,api,cloud,
2026-08-17T09:17:00,2026-08-17T14:17:00.004Z,2026-08-17,09:17,Mon,EMPTY_CLOSED,0,5,15,0,2,api,cloud,
2026-08-17T09:18:00,2026-08-17T14:18:00.028Z,2026-08-17,09:18,Mon,EMPTY_CLOSED,0,5,15,0,2,api,cloud,
2026-08-17T09:19:00,2026-08-17T14:19:00.044Z,2026-08-17,09:19,Mon,EMPTY_CLOSED,0,5,15,0,2,api,cloud,
2026-08-17T09:20:00,2026-08-17T14:20:00.043Z,2026-08-17,09:20,Mon,EMPTY_CLOSED,0,5,15,0,2,api,cloud,
2026-08-17T09:21:00,2026-08-17T14:21:00.014Z,2026-08-17,09:21,Mon,EMPTY_CLOSED,0,5,15,0,2,api,cloud,
2026-08-17T09:22:00,2026-08-17T14:22:00.043Z,2026-08-17,09:22,Mon,EMPTY_CLOSED,0,5,15,0,2,api,cloud,
2026-08-17T09:23:00,2026-08-17T14:23:00.004Z,2026-08-17,09:23,Mon,EMPTY_CLOSED,0,5,15,0,2,api,cloud,
2026-08-17T09:24:00,2026-08-17T14:24:00.021Z,2026-08-17,09:24,Mon,EMPTY_CLOSED,0,5,15,0,2,api,cloud,
2026-08-17T09:25:00,2026-08-17T14:25:00.025Z,2026-08-17,09:25,Mon,EMPTY_CLOSED,0,5,15,0,2,api,cloud,
2026-08-17T09:26:00,2026-08-17T14:26:00.005Z,2026-08-17,09:26,Mon,EMPTY_CLOSED,0,5,15,0,2,api,cloud,
2026-08-17T09:27:00,2026-08-17T14:27:00.044Z,2026-08-17,09:27,Mon,EMPTY_CLOSED,0,5,15,0,2,api,cloud,
2026-08-17T09:28:00,2026-08-17T14:28:00.044Z,2026-08-17,09:28,Mon,EMPTY_CLOSED,0,5,15,0,2,api,cloud,
2026-08-17T09:29:00,2026-08-17T14:29:00.005Z,2026-08-17,09:29,Mon,EMPTY_CLOSED,0,5,15,0,2,api,cloud,
2026-08-17T09:30:00,2026-08-17T14:30:00.045Z,2026-08-17,09:30,Mon,OPEN,1,5,15,10.0,2,api,cloud,
2026-08-17T09:31:00,2026-08-17T14:31:00.004Z,2026-08-17,09:31,Mon,EMPTY_CLOSED,0,5,15,0,2,api,cloud,
2026-08-17T09:32:00,2026-08-17T14:32:00.036Z,2026-08-17,09:32,Mon,EMPTY_CLOSED,0,5,15,0,2,api,cloud,
2026-08-17T09:33:00,2026-08-17T14:33:00.040Z,2026-08-17,09:33,Mon,EMPTY_CLOSED,0,5,15,0,2,api,cloud,
2026-08-17T09:34:00,2026-08-17T14:34:00.030Z,2026-08-17,09:34,Mon,EMPTY_CLOSED,0,5,15,0,2,api,cloud,
2026-08-17T09:35:00,2026-08-17T14:35:00.031Z,2026-08-17,09:35,Mon,EMPTY_CLOSED,0,5,15,0,2,api,cloud,
2026-08-17T09:36:00,2026-08-17T14:36:00.042Z,2026-08-17,09:36,Mon,EMPTY_CLOSED,0,5,15,0,2,api,cloud,
2026-08-17T09:37:00,2026-08-17T14:37:00.020Z,2026-08-17,09:37,Mon,EMPTY_CLOSED,0,5,15,0,2,api,cloud,
2026-08-17T09:38:00,2026-08-17T14:38:00.036Z,2026-08-17,09:38,Mon,EMPTY_CLOSED,0,5,15,0,2,api,cloud,
2026-08-17T09:39:00,2026-08-17T14:39:00.018Z,2026-08-17,09:39,Mon,EMPTY_CLOSED,0,5,15,0,2,api,cloud,
2026-08-17T09:40:00,2026-08-17T14:40:00.044Z,2026-08-17,09:40,Mon,EMPTY_CLOSED,0,5,15,0,2,api,cloud,
2026-08-17T09:41:00,2026-08-17T14:41:00.044Z,2026-08-17,09:41,Mon,EMPTY_CLOSED,0,5,15,0,2,api,cloud,
2026-08-17T09:42:00,2026-08-17T14:42:00.044Z,2026-08-17,09:42,Mon,EMPTY_CLOSED,0,5,15,0,2,api,cloud,
2026-08-17T09:43:00,2026-08-17T14:43:00.005Z,2026-08-17,09:43,Mon,EMPTY_CLOSED,0,5,15,0,2,api,cloud,
2026-08-17T09:44:00,2026-08-17T14:44:00.036Z,2026-08-17,09:44,Mon,EMPTY_CLOSED,0,5,15,0,2,api,cloud,
2026-08-17T09:45:00,2026-08-17T14:45:00.005Z,2026-08-17,09:45,Mon,EMPTY_CLOSED,0,5,15,0,2,api,cloud,
2026-08-17T09:46:00,2026-08-17T14:46:00.044Z,2026-08-17,09:46,Mon,EMPTY_CLOSED,0,5,15,0,2,api,cloud,
2026-08-17T09:47:00,2026-08-17T14:47:00.004Z,2026-08-17,09:47,Mon,EMPTY_CLOSED,0,5,15,0,2,api,cloud,
2026-08-17T09:48:00,2026-08-17T14:48:00.036Z,2026-08-17,09:48,Mon,EMPTY_CLOSED,0,5,15,0,2,api,cloud,
2026-08-17T09:49:00,2026-08-17T14:49:00.044Z,2026-08-17,09:49,Mon,EMPTY_CLOSED,0,5,15,0,2,api,cloud,
2026-08-17T09:50:00,2026-08-17T14:50:00.044Z,2026-08-17,09:50,Mon,EMPTY_CLOSED,0,5,15,0,2,api,cloud,
2026-08-17T09:51:00,2026-08-17T14:51:00.004Z,2026-08-17,09:51,Mon,EMPTY_CLOSED,0,5,15,0,2,api,cloud,
2026-08-17T09:52:00,2026-08-17T14:52:00.044Z,2026-08-17,09:52,Mon,EMPTY_CLOSED,0,5,15,0,2,api,cloud,
2026-08-17T09:53:00,2026-08-17T14:53:00.005Z,2026-08-17,09:53,Mon,EMPTY_CLOSED,0,5,15,0,2,api,cloud,
2026-08-17T09:54:00,2026-08-17T14:54:00.005Z,2026-08-17,09:54,Mon,EMPTY_CLOSED,0,5,15,0,2,api,cloud,
2026-08-17T09:55:00,2026-08-17T14:55:00.009Z,2026-08-17,09:55,Mon,EMPTY_CLOSED,0,5,15,0,2,api,cloud,
2026-08-17T09:56:00,2026-08-17T14:56:00.036Z,2026-08-17,09:56,Mon,EMPTY_CLOSED,0,5,15,0,2,api,cloud,
2026-08-17T09:57:00,2026-08-17T14:57:00.004Z,2026-08-17,09:57,Mon,EMPTY_CLOSED,0,5,15,0,2,api,cloud,
2026-08-17T09:58:00,2026-08-17T14:58:00.020Z,2026-08-17,09:58,Mon,EMPTY_CLOSED,0,5,15,0,2,api,cloud,
2026-08-17T09:59:00,2026-08-17T14:59:00.042Z,2026-08-17,09:59,Mon,EMPTY_CLOSED,0,5,15,0,2,api,cloud,
2026-08-17T10:00:00,2026-08-17T15:00:00.043Z,2026-08-17,10:00,Mon,EMPTY_CLOSED,0,5,15,0,2,api,cloud,
2026-08-17T10:01:00,2026-08-17T15:01:00.043Z,2026-08-17,10:01,Mon,EMPTY_CLOSED,0,5,15,0,2,api,cloud,
2026-08-17T10:02:00,2026-08-17T15:02:00.022Z,2026-08-17,10:02,Mon,EMPTY_CLOSED,0,5,15,0,2,api,cloud,
2026-08-17T10:03:00,2026-08-17T15:03:00.004Z,2026-08-17,10:03,Mon,EMPTY_CLOSED,0,5,15,0,2,api,cloud,
2026-08-17T10:04:00,2026-08-17T15:04:00.036Z,2026-08-17,10:04,Mon,EMPTY_CLOSED,0,5,15,0,2,api,cloud,
2026-08-17T10:05:00,2026-08-17T15:05:00.028Z,2026-08-17,10:05,Mon,EMPTY_CLOSED,0,5,15,0,2,api,cloud,
2026-08-17T10:06:00,2026-08-17T15:06:00.036Z,2026-08-17,10:06,Mon,OPEN,1,5,15,10.0,2,api,cloud,
2026-08-17T10:07:00,2026-08-17T15:07:00.025Z,2026-08-17,10:07,Mon,OPEN,2,10,20,15.0,2,api,cloud,
2026-08-17T10:08:00,2026-08-17T15:08:00.044Z,2026-08-17,10:08,Mon,OPEN,3,10,20,15.0,2,api,cloud,
2026-08-17T10:09:00,2026-08-17T15:09:00.005Z,2026-08-17,10:09,Mon,OPEN,3,10,20,15.0,2,api,cloud,
2026-08-17T10:10:00,2026-08-17T15:10:00.036Z,2026-08-17,10:10,Mon,OPEN,4,10,20,15.0,2,api,cloud,
2026-08-17T10:11:00,2026-08-17T15:11:00.041Z,2026-08-17,10:11,Mon,OPEN,6,15,25,20.0,2,api,cloud,
2026-08-17T10:12:00,2026-08-17T15:12:00.021Z,2026-08-17,10:12,Mon,OPEN,7,15,25,20.0,2,api,cloud,
2026-08-17T10:13:00,2026-08-17T15:13:00.025Z,2026-08-17,10:13,Mon,OPEN,7,15,25,20.0,2,api,cloud,
2026-08-17T10:14:00,2026-08-17T15:14:00.036Z,2026-08-17,10:14,Mon,OPEN,9,15,25,20.0,2,api,cloud,
2026-08-17T10:15:00,2026-08-17T15:15:00.044Z,2026-08-17,10:15,Mon,OPEN,10,20,30,25.0,2,api,cloud,
2026-08-17T10:16:00,2026-08-17T15:16:00.043Z,2026-08-17,10:16,Mon,OPEN,11,20,30,25.0,2,api,cloud,
2026-08-17T10:17:00,2026-08-17T15:17:00.017Z,2026-08-17,10:17,Mon,OPEN,11,20,30,25.0,2,api,cloud,
2026-08-17T10:18:00,2026-08-17T15:18:00.005Z,2026-08-17,10:18,Mon,OPEN,10,20,30,25.0,2,api,cloud,
2026-08-17T10:19:00,2026-08-17T15:19:00.005Z,2026-08-17,10:19,Mon,OPEN,9,15,25,20.0,2,api,cloud,
2026-08-17T10:20:00,2026-08-17T15:20:00.044Z,2026-08-17,10:20,Mon,OPEN,8,15,25,20.0,2,api,cloud,
2026-08-17T10:21:00,2026-08-17T15:21:00.005Z,2026-08-17,10:21,Mon,OPEN,9,15,25,20.0,2,api,cloud,
2026-08-17T10:22:00,2026-08-17T15:22:00.036Z,2026-08-17,10:22,Mon,OPEN,9,15,25,20.0,2,api,cloud,
2026-08-17T10:23:00,2026-08-17T15:23:00.009Z,2026-08-17,10:23,Mon,OPEN,8,15,25,20.0,2,api,cloud,
2026-08-17T10:24:00,2026-08-17T15:24:00.018Z,2026-08-17,10:24,Mon,OPEN,9,15,25,20.0,2,api,cloud,
2026-08-17T10:25:00,2026-08-17T15:25:00.044Z,2026-08-17,10:25,Mon,OPEN,11,20,30,25.0,2,api,cloud,
2026-08-17T10:26:00,2026-08-17T15:26:00.036Z,2026-08-17,10:26,Mon,OPEN,10,20,30,25.0,2,api,cloud,
2026-08-17T10:27:00,2026-08-17T15:27:00.042Z,2026-08-17,10:27,Mon,OPEN,11,20,30,25.0,2,api,cloud,
2026-08-17T10:28:00,2026-08-17T15:28:00.036Z,2026-08-17,10:28,Mon,OPEN,10,20,30,25.0,2,api,cloud,
2026-08-17T10:29:00,2026-08-17T15:29:00.005Z,2026-08-17,10:29,Mon,OPEN,9,15,25,20.0,2,api,cloud,
2026-08-17T10:42:39,2026-08-17T15:42:39.052Z,2026-08-17,10:42,Mon,OPEN,10,20,30,25.0,2,api,cloud,
2026-08-17T10:43:00,2026-08-17T15:43:00.008Z,2026-08-17,10:43,Mon,OPEN,10,20,30,25.0,2,api,cloud,
2026-08-17T10:44:00,2026-08-17T15:44:00.023Z,2026-08-17,10:44,Mon,OPEN,9,15,25,20.0,2,api,cloud,
2026-08-17T10:45:00,2026-08-17T15:45:00.028Z,2026-08-17,10:45,Mon,OPEN,10,20,30,25.0,2,api,cloud,
2026-08-17T10:46:00,2026-08-17T15:46:00.044Z,2026-08-17,10:46,Mon,OPEN,10,20,30,25.0,2,api,cloud,
2026-08-17T10:47:00,2026-08-17T15:47:00.043Z,2026-08-17,10:47,Mon,OPEN,12,20,30,25.0,2,api,cloud,
2026-08-17T10:48:00,2026-08-17T15:48:00.027Z,2026-08-17,10:48,Mon,OPEN,12,20,30,25.0,2,api,cloud,
2026-08-17T10:49:00,2026-08-17T15:49:00.041Z,2026-08-17,10:49,Mon,OPEN,12,20,30,25.0,2,api,cloud,
2026-08-17T10:50:00,2026-08-17T15:50:00.043Z,2026-08-17,10:50,Mon,OPEN,12,20,30,25.0,2,api,cloud,
2026-08-17T10:51:00,2026-08-17T15:51:00.040Z,2026-08-17,10:51,Mon,OPEN,14,25,35,30.0,2,api,cloud,
2026-08-17T10:52:00,2026-08-17T15:52:00.043Z,2026-08-17,10:52,Mon,OPEN,13,25,35,30.0,2,api,cloud,
2026-08-17T10:53:00,2026-08-17T15:53:00.030Z,2026-08-17,10:53,Mon,OPEN,13,25,35,30.0,2,api,cloud,
2026-08-17T10:54:00,2026-08-17T15:54:00.038Z,2026-08-17,10:54,Mon,OPEN,12,20,30,25.0,2,api,cloud,
2026-08-17T10:55:00,2026-08-17T15:55:00.042Z,2026-08-17,10:55,Mon,OPEN,11,20,30,25.0,2,api,cloud,
2026-08-17T10:56:00,2026-08-17T15:56:00.043Z,2026-08-17,10:56,Mon,OPEN,11,20,30,25.0,2,api,cloud,
2026-08-17T10:57:00,2026-08-17T15:57:00.043Z,2026-08-17,10:57,Mon,OPEN,12,20,30,25.0,2,api,cloud,
2026-08-17T10:58:00,2026-08-17T15:58:00.008Z,2026-08-17,10:58,Mon,OPEN,11,20,30,25.0,2,api,cloud,
2026-08-17T10:59:00,2026-08-17T15:59:00.031Z,2026-08-17,10:59,Mon,OPEN,11,20,30,25.0,2,api,cloud,
2026-08-17T11:00:00,2026-08-17T16:00:00.043Z,2026-08-17,11:00,Mon,OPEN,10,20,30,25.0,2,api,cloud,
2026-08-17T11:01:00,2026-08-17T16:01:00.027Z,2026-08-17,11:01,Mon,OPEN,9,15,25,20.0,2,api,cloud,
2026-08-17T11:02:00,2026-08-17T16:02:00.011Z,2026-08-17,11:02,Mon,OPEN,12,20,30,25.0,2,api,cloud,
2026-08-17T11:03:00,2026-08-17T16:03:00.016Z,2026-08-17,11:03,Mon,OPEN,11,20,30,25.0,2,api,cloud,
2026-08-17T11:04:00,2026-08-17T16:04:00.030Z,2026-08-17,11:04,Mon,OPEN,10,20,30,25.0,2,api,cloud,
2026-08-17T11:05:00,2026-08-17T16:05:00.034Z,2026-08-17,11:05,Mon,OPEN,8,15,25,20.0,2,api,cloud,
2026-08-17T11:06:00,2026-08-17T16:06:00.044Z,2026-08-17,11:06,Mon,OPEN,9,15,25,20.0,2,api,cloud,
2026-08-17T11:07:00,2026-08-17T16:07:00.025Z,2026-08-17,11:07,Mon,OPEN,9,15,25,20.0,2,api,cloud,
2026-08-17T11:08:00,2026-08-17T16:08:00.043Z,2026-08-17,11:08,Mon,OPEN,8,15,25,20.0,2,api,cloud,
2026-08-17T11:09:00,2026-08-17T16:09:00.033Z,2026-08-17,11:09,Mon,OPEN,9,15,25,20.0,2,api,cloud,
2026-08-17T11:10:00,2026-08-17T16:10:00.044Z,2026-08-17,11:10,Mon,OPEN,9,15,25,20.0,2,api,cloud,
2026-08-17T11:11:00,2026-08-17T16:11:00.044Z,2026-08-17,11:11,Mon,OPEN,8,15,25,20.0,2,api,cloud,
2026-08-17T11:12:00,2026-08-17T16:12:00.011Z,2026-08-17,11:12,Mon,OPEN,7,15,25,20.0,2,api,cloud,
2026-08-17T11:13:00,2026-08-17T16:13:00.044Z,2026-08-17,11:13,Mon,OPEN,7,15,25,20.0,2,api,cloud,
2026-08-17T11:14:00,2026-08-17T16:14:00.041Z,2026-08-17,11:14,Mon,OPEN,7,15,25,20.0,2,api,cloud,
2026-08-17T11:15:00,2026-08-17T16:15:00.043Z,2026-08-17,11:15,Mon,OPEN,7,15,25,20.0,2,api,cloud,
2026-08-17T11:16:00,2026-08-17T16:16:00.029Z,2026-08-17,11:16,Mon,OPEN,6,15,25,20.0,2,api,cloud,
2026-08-17T11:17:00,2026-08-17T16:17:00.018Z,2026-08-17,11:17,Mon,OPEN,8,15,25,20.0,2,api,cloud,
2026-08-17T11:18:00,2026-08-17T16:18:00.044Z,2026-08-17,11:18,Mon,OPEN,7,15,25,20.0,2,api,cloud,
2026-08-17T11:19:00,2026-08-17T16:19:00.040Z,2026-08-17,11:19,Mon,OPEN,7,15,25,20.0,2,api,cloud,
2026-08-17T11:20:00,2026-08-17T16:20:00.044Z,2026-08-17,11:20,Mon,OPEN,6,15,25,20.0,2,api,cloud,
2026-08-17T11:21:00,2026-08-17T16:21:00.035Z,2026-08-17,11:21,Mon,OPEN,4,10,20,15.0,2,api,cloud,
2026-08-17T11:22:00,2026-08-17T16:22:00.043Z,2026-08-17,11:22,Mon,OPEN,3,10,20,15.0,2,api,cloud,
2026-08-17T11:23:00,2026-08-17T16:23:00.011Z,2026-08-17,11:23,Mon,OPEN,3,10,20,15.0,2,api,cloud,
2026-08-17T11:24:00,2026-08-17T16:24:00.044Z,2026-08-17,11:24,Mon,OPEN,3,10,20,15.0,2,api,cloud,
2026-08-17T11:25:00,2026-08-17T16:25:00.044Z,2026-08-17,11:25,Mon,OPEN,1,5,15,10.0,2,api,cloud,
2026-08-17T11:26:00,2026-08-17T16:26:00.044Z,2026-08-17,11:26,Mon,OPEN,1,5,15,10.0,2,api,cloud,
2026-08-17T11:27:00,2026-08-17T16:27:00.039Z,2026-08-17,11:27,Mon,OPEN,2,10,20,15.0,2,api,cloud,
2026-08-17T11:28:00,2026-08-17T16:28:00.045Z,2026-08-17,11:28,Mon,OPEN,2,10,20,15.0,2,api,cloud,
2026-08-17T11:29:00,2026-08-17T16:29:00.011Z,2026-08-17,11:29,Mon,OPEN,2,10,20,15.0,2,api,cloud,
2026-08-17T11:30:00,2026-08-17T16:30:00.043Z,2026-08-17,11:30,Mon,OPEN,2,10,20,15.0,2,api,cloud,
2026-08-17T11:31:00,2026-08-17T16:31:00.011Z,2026-08-17,11:31,Mon,OPEN,2,10,20,15.0,2,api,cloud,
2026-08-17T11:32:00,2026-08-17T16:32:00.043Z,2026-08-17,11:32,Mon,OPEN,2,10,20,15.0,2,api,cloud,
2026-08-17T11:33:00,2026-08-17T16:33:00.011Z,2026-08-17,11:33,Mon,OPEN,2,10,20,15.0,2,api,cloud,
2026-08-17T11:34:00,2026-08-17T16:34:00.044Z,2026-08-17,11:34,Mon,OPEN,2,10,20,15.0,2,api,cloud,
2026-08-17T11:35:00,2026-08-17T16:35:00.044Z,2026-08-17,11:35,Mon,OPEN,2,10,20,15.0,2,api,cloud,
2026-08-17T11:36:00,2026-08-17T16:36:00.043Z,2026-08-17,11:36,Mon,OPEN,2,10,20,15.0,2,api,cloud,
2026-08-17T11:37:00,2026-08-17T16:37:00.043Z,2026-08-17,11:37,Mon,OPEN,2,10,20,15.0,2,api,cloud,
2026-08-17T11:38:00,2026-08-17T16:38:00.011Z,2026-08-17,11:38,Mon,OPEN,1,5,15,10.0,2,api,cloud,
2026-08-17T11:39:00,2026-08-17T16:39:00.044Z,2026-08-17,11:39,Mon,OPEN,1,5,15,10.0,2,api,cloud,
2026-08-17T11:40:00,2026-08-17T16:40:00.027Z,2026-08-17,11:40,Mon,OPEN,1,5,15,10.0,2,api,cloud,
2026-08-17T11:41:00,2026-08-17T16:41:00.036Z,2026-08-17,11:41,Mon,OPEN,1,5,15,10.0,2,api,cloud,
2026-08-17T11:42:00,2026-08-17T16:42:00.040Z,2026-08-17,11:42,Mon,OPEN,1,5,15,10.0,2,api,cloud,
2026-08-17T11:43:00,2026-08-17T16:43:00.011Z,2026-08-17,11:43,Mon,OPEN,2,10,20,15.0,2,api,cloud,
2026-08-17T11:44:00,2026-08-17T16:44:00.011Z,2026-08-17,11:44,Mon,OPEN,2,10,20,15.0,2,api,cloud,
2026-08-17T11:45:00,2026-08-17T16:45:00.045Z,2026-08-17,11:45,Mon,OPEN,2,10,20,15.0,2,api,cloud,
2026-08-17T11:46:00,2026-08-17T16:46:00.043Z,2026-08-17,11:46,Mon,OPEN,2,10,20,15.0,2,api,cloud,
2026-08-17T11:47:00,2026-08-17T16:47:00.016Z,2026-08-17,11:47,Mon,OPEN,2,10,20,15.0,2,api,cloud,
2026-08-17T11:48:00,2026-08-17T16:48:00.027Z,2026-08-17,11:48,Mon,OPEN,2,10,20,15.0,2,api,cloud,
2026-08-17T11:49:00,2026-08-17T16:49:00.011Z,2026-08-17,11:49,Mon,OPEN,2,10,20,15.0,2,api,cloud,
2026-08-17T11:50:00,2026-08-17T16:50:00.043Z,2026-08-17,11:50,Mon,OPEN,2,10,20,15.0,2,api,cloud,
2026-08-17T11:51:00,2026-08-17T16:51:00.043Z,2026-08-17,11:51,Mon,OPEN,2,10,20,15.0,2,api,cloud,
2026-08-17T11:52:00,2026-08-17T16:52:00.002Z,2026-08-17,11:52,Mon,OPEN,2,10,20,15.0,2,api,cloud,
2026-08-17T11:53:00,2026-08-17T16:53:00.021Z,2026-08-17,11:53,Mon,OPEN,1,5,15,10.0,2,api,cloud,
2026-08-17T11:54:00,2026-08-17T16:54:00.043Z,2026-08-17,11:54,Mon,OPEN,1,5,15,10.0,2,api,cloud,
2026-08-17T11:55:00,2026-08-17T16:55:00.011Z,2026-08-17,11:55,Mon,EMPTY_CLOSED,0,5,15,0,2,api,cloud,
2026-08-17T11:56:00,2026-08-17T16:56:00.043Z,2026-08-17,11:56,Mon,EMPTY_CLOSED,0,5,15,0,2,api,cloud,
2026-08-17T11:57:00,2026-08-17T16:57:00.044Z,2026-08-17,11:57,Mon,EMPTY_CLOSED,0,5,15,0,2,api,cloud,
2026-08-17T11:58:00,2026-08-17T16:58:00.043Z,2026-08-17,11:58,Mon,EMPTY_CLOSED,0,5,15,0,2,api,cloud,
2026-08-17T11:59:00,2026-08-17T16:59:00.044Z,2026-08-17,11:59,Mon,EMPTY_CLOSED,0,5,15,0,2,api,cloud,
2026-08-17T12:00:00,2026-08-17T17:00:00.044Z,2026-08-17,12:00,Mon,EMPTY_CLOSED,0,5,15,0,2,api,cloud,
2026-08-17T12:01:00,2026-08-17T17:01:00.044Z,2026-08-17,12:01,Mon,EMPTY_CLOSED,0,5,15,0,2,api,cloud,
2026-08-17T12:02:00,2026-08-17T17:02:00.043Z,2026-08-17,12:02,Mon,EMPTY_CLOSED,0,5,15,0,2,api,cloud,
2026-08-17T12:03:00,2026-08-17T17:03:00.039Z,2026-08-17,12:03,Mon,EMPTY_CLOSED,0,5,15,0,2,api,cloud,
2026-08-17T12:04:00,2026-08-17T17:04:00.011Z,2026-08-17,12:04,Mon,EMPTY_CLOSED,0,5,15,0,2,api,cloud,
2026-08-17T12:05:00,2026-08-17T17:05:00.011Z,2026-08-17,12:05,Mon,EMPTY_CLOSED,0,5,15,0,2,api,cloud,
2026-08-17T12:06:00,2026-08-17T17:06:00.015Z,2026-08-17,12:06,Mon,EMPTY_CLOSED,0,5,15,0,2,api,cloud,
2026-08-17T12:07:00,2026-08-17T17:07:00.019Z,2026-08-17,12:07,Mon,EMPTY_CLOSED,0,5,15,0,2,api,cloud,
2026-08-17T12:08:00,2026-08-17T17:08:00.043Z,2026-08-17,12:08,Mon,EMPTY_CLOSED,0,5,15,0,2,api,cloud,
2026-08-17T12:09:00,2026-08-17T17:09:00.044Z,2026-08-17,12:09,Mon,EMPTY_CLOSED,0,5,15,0,2,api,cloud,
2026-08-17T12:10:00,2026-08-17T17:10:00.043Z,2026-08-17,12:10,Mon,EMPTY_CLOSED,0,5,15,0,2,api,cloud,
2026-08-17T12:11:00,2026-08-17T17:11:00.029Z,2026-08-17,12:11,Mon,EMPTY_CLOSED,0,5,15,0,2,api,cloud,
2026-08-17T12:12:00,2026-08-17T17:12:00.034Z,2026-08-17,12:12,Mon,EMPTY_CLOSED,0,5,15,0,2,api,cloud,
2026-08-17T12:13:00,2026-08-17T17:13:00.011Z,2026-08-17,12:13,Mon,EMPTY_CLOSED,0,5,15,0,2,api,cloud,
2026-08-17T12:14:00,2026-08-17T17:14:00.043Z,2026-08-17,12:14,Mon,EMPTY_CLOSED,0,5,15,0,2,api,cloud,
2026-08-17T12:15:00,2026-08-17T17:15:00.045Z,2026-08-17,12:15,Mon,EMPTY_CLOSED,0,5,15,0,2,api,cloud,
2026-08-17T12:16:00,2026-08-17T17:16:00.043Z,2026-08-17,12:16,Mon,EMPTY_CLOSED,0,5,15,0,2,api,cloud,
2026-08-17T12:17:00,2026-08-17T17:17:00.011Z,2026-08-17,12:17,Mon,EMPTY_CLOSED,0,5,15,0,2,api,cloud,
2026-08-17T12:18:00,2026-08-17T17:18:00.015Z,2026-08-17,12:18,Mon,EMPTY_CLOSED,0,5,15,0,2,api,cloud,
2026-08-17T12:19:00,2026-08-17T17:19:00.043Z,2026-08-17,12:19,Mon,EMPTY_CLOSED,0,5,15,0,2,api,cloud,
2026-08-17T12:20:00,2026-08-17T17:20:00.044Z,2026-08-17,12:20,Mon,EMPTY_CLOSED,0,5,15,0,2,api,cloud,
2026-08-17T12:21:00,2026-08-17T17:21:00.044Z,2026-08-17,12:21,Mon,EMPTY_CLOSED,0,5,15,0,2,api,cloud,
2026-08-17T12:22:00,2026-08-17T17:22:00.043Z,2026-08-17,12:22,Mon,EMPTY_CLOSED,0,5,15,0,2,api,cloud,
2026-08-17T12:23:00,2026-08-17T17:23:00.044Z,2026-08-17,12:23,Mon,EMPTY_CLOSED,0,5,15,0,2,api,cloud,
2026-08-17T12:24:00,2026-08-17T17:24:00.026Z,2026-08-17,12:24,Mon,EMPTY_CLOSED,0,5,15,0,2,api,cloud,
2026-08-17T12:25:00,2026-08-17T17:25:00.035Z,2026-08-17,12:25,Mon,EMPTY_CLOSED,0,5,15,0,2,api,cloud,
2026-08-17T12:26:00,2026-08-17T17:26:00.043Z,2026-08-17,12:26,Mon,EMPTY_CLOSED,0,5,15,0,2,api,cloud,
2026-08-17T12:27:00,2026-08-17T17:27:00.044Z,2026-08-17,12:27,Mon,EMPTY_CLOSED,0,5,15,0,2,api,cloud,
2026-08-17T12:28:00,2026-08-17T17:28:00.006Z,2026-08-17,12:28,Mon,EMPTY_CLOSED,0,5,15,0,2,api,cloud,
2026-08-17T12:29:00,2026-08-17T17:29:00.041Z,2026-08-17,12:29,Mon,EMPTY_CLOSED,0,5,15,0,2,api,cloud,
2026-08-17T12:30:00,2026-08-17T17:30:00.011Z,2026-08-17,12:30,Mon,EMPTY_CLOSED,0,5,15,0,2,api,cloud,
2026-08-17T12:31:00,2026-08-17T17:31:00.011Z,2026-08-17,12:31,Mon,EMPTY_CLOSED,0,5,15,0,2,api,cloud,
2026-08-17T12:32:00,2026-08-17T17:32:00.044Z,2026-08-17,12:32,Mon,EMPTY_CLOSED,0,5,15,0,2,api,cloud,
2026-08-17T12:33:00,2026-08-17T17:33:00.044Z,2026-08-17,12:33,Mon,EMPTY_CLOSED,0,5,15,0,2,api,cloud,
2026-08-17T12:34:00,2026-08-17T17:34:00.044Z,2026-08-17,12:34,Mon,EMPTY_CLOSED,0,5,15,0,2,api,cloud,
2026-08-17T12:35:00,2026-08-17T17:35:00.043Z,2026-08-17,12:35,Mon,EMPTY_CLOSED,0,5,15,0,2,api,cloud,
2026-08-17T12:36:00,2026-08-17T17:36:00.044Z,2026-08-17,12:36,Mon,EMPTY_CLOSED,0,5,15,0,2,api,cloud,
2026-08-17T12:37:00,2026-08-17T17:37:00.016Z,2026-08-17,12:37,Mon,EMPTY_CLOSED,0,5,15,0,2,api,cloud,
2026-08-17T12:38:00,2026-08-17T17:38:00.043Z,2026-08-17,12:38,Mon,EMPTY_CLOSED,0,5,15,0,2,api,cloud,
2026-08-17T12:39:00,2026-08-17T17:39:00.044Z,2026-08-17,12:39,Mon,EMPTY_CLOSED,0,5,15,0,2,api,cloud,
2026-08-17T12:40:00,2026-08-17T17:40:00.013Z,2026-08-17,12:40,Mon,EMPTY_CLOSED,0,5,15,0,2,api,cloud,
2026-08-17T12:41:00,2026-08-17T17:41:00.011Z,2026-08-17,12:41,Mon,EMPTY_CLOSED,0,5,15,0,2,api,cloud,
2026-08-17T12:42:00,2026-08-17T17:42:00.008Z,2026-08-17,12:42,Mon,EMPTY_CLOSED,0,5,15,0,2,api,cloud,
2026-08-17T12:43:00,2026-08-17T17:43:00.035Z,2026-08-17,12:43,Mon,EMPTY_CLOSED,0,5,15,0,2,api,cloud,
2026-08-17T12:44:00,2026-08-17T17:44:00.043Z,2026-08-17,12:44,Mon,OPEN,1,5,15,10.0,2,api,cloud,
2026-08-17T12:45:00,2026-08-17T17:45:00.011Z,2026-08-17,12:45,Mon,EMPTY_CLOSED,0,5,15,0,2,api,cloud,
2026-08-17T12:46:00,2026-08-17T17:46:00.044Z,2026-08-17,12:46,Mon,EMPTY_CLOSED,0,5,15,0,2,api,cloud,
2026-08-17T12:47:00,2026-08-17T17:47:00.044Z,2026-08-17,12:47,Mon,EMPTY_CLOSED,0,5,15,0,2,api,cloud,
2026-08-17T12:48:00,2026-08-17T17:48:00.043Z,2026-08-17,12:48,Mon,EMPTY_CLOSED,0,5,15,0,2,api,cloud,
2026-08-17T12:49:00,2026-08-17T17:49:00.027Z,2026-08-17,12:49,Mon,EMPTY_CLOSED,0,5,15,0,2,api,cloud,
2026-08-17T12:50:00,2026-08-17T17:50:00.009Z,2026-08-17,12:50,Mon,EMPTY_CLOSED,0,5,15,0,2,api,cloud,
2026-08-17T12:51:00,2026-08-17T17:51:00.011Z,2026-08-17,12:51,Mon,EMPTY_CLOSED,0,5,15,0,2,api,cloud,
2026-08-17T12:52:00,2026-08-17T17:52:00.043Z,2026-08-17,12:52,Mon,EMPTY_CLOSED,0,5,15,0,2,api,cloud,
2026-08-17T12:53:00,2026-08-17T17:53:00.011Z,2026-08-17,12:53,Mon,EMPTY_CLOSED,0,5,15,0,2,api,cloud,
2026-08-17T12:54:00,2026-08-17T17:54:00.043Z,2026-08-17,12:54,Mon,EMPTY_CLOSED,0,5,15,0,2,api,cloud,
2026-08-17T12:55:00,2026-08-17T17:55:00.018Z,2026-08-17,12:55,Mon,EMPTY_CLOSED,0,5,15,0,2,api,cloud,
2026-08-17T12:56:00,2026-08-17T17:56:00.011Z,2026-08-17,12:56,Mon,EMPTY_CLOSED,0,5,15,0,2,api,cloud,
2026-08-17T12:57:00,2026-08-17T17:57:00.016Z,2026-08-17,12:57,Mon,EMPTY_CLOSED,0,5,15,0,2,api,cloud,
2026-08-17T12:58:00,2026-08-17T17:58:00.027Z,2026-08-17,12:58,Mon,EMPTY_CLOSED,0,5,15,0,2,api,cloud,
2026-08-17T12:59:00,2026-08-17T17:59:00.045Z,2026-08-17,12:59,Mon,EMPTY_CLOSED,0,5,15,0,2,api,cloud,
2026-08-17T13:00:00,2026-08-17T18:00:00.044Z,2026-08-17,13:00,Mon,EMPTY_CLOSED,0,5,15,0,2,api,cloud,
2026-08-17T13:01:00,2026-08-17T18:01:00.044Z,2026-08-17,13:01,Mon,EMPTY_CLOSED,0,5,15,0,2,api,cloud,
2026-08-17T13:02:00,2026-08-17T18:02:00.045Z,2026-08-17,13:02,Mon,EMPTY_CLOSED,0,5,15,0,2,api,cloud,
2026-08-17T13:03:00,2026-08-17T18:03:00.044Z,2026-08-17,13:03,Mon,EMPTY_CLOSED,0,5,15,0,2,api,cloud,
2026-08-17T13:04:00,2026-08-17T18:04:00.041Z,2026-08-17,13:04,Mon,EMPTY_CLOSED,0,5,15,0,2,api,cloud,
2026-08-17T13:05:00,2026-08-17T18:05:00.038Z,2026-08-17,13:05,Mon,EMPTY_CLOSED,0,5,15,0,2,api,cloud,
2026-08-17T13:06:00,2026-08-17T18:06:00.045Z,2026-08-17,13:06,Mon,EMPTY_CLOSED,0,5,15,0,2,api,cloud,
2026-08-17T13:07:00,2026-08-17T18:07:00.045Z,2026-08-17,13:07,Mon,EMPTY_CLOSED,0,5,15,0,2,api,cloud,
2026-08-17T13:08:00,2026-08-17T18:08:00.010Z,2026-08-17,13:08,Mon,EMPTY_CLOSED,0,5,15,0,2,api,cloud,
2026-08-17T13:09:00,2026-08-17T18:09:00.043Z,2026-08-17,13:09,Mon,EMPTY_CLOSED,0,5,15,0,2,api,cloud,
2026-08-17T13:10:00,2026-08-17T18:10:00.044Z,2026-08-17,13:10,Mon,EMPTY_CLOSED,0,5,15,0,2,api,cloud,
2026-08-17T13:11:00,2026-08-17T18:11:00.027Z,2026-08-17,13:11,Mon,EMPTY_CLOSED,0,5,15,0,2,api,cloud,
2026-08-17T13:12:00,2026-08-17T18:12:00.044Z,2026-08-17,13:12,Mon,EMPTY_CLOSED,0,5,15,0,2,api,cloud,
2026-08-17T13:13:00,2026-08-17T18:13:00.043Z,2026-08-17,13:13,Mon,EMPTY_CLOSED,0,5,15,0,2,api,cloud,
2026-08-17T13:14:00,2026-08-17T18:14:00.044Z,2026-08-17,13:14,Mon,EMPTY_CLOSED,0,5,15,0,2,api,cloud,
2026-08-17T13:15:00,2026-08-17T18:15:00.044Z,2026-08-17,13:15,Mon,EMPTY_CLOSED,0,5,15,0,2,api,cloud,
2026-08-17T13:16:00,2026-08-17T18:16:00.044Z,2026-08-17,13:16,Mon,EMPTY_CLOSED,0,5,15,0,2,api,cloud,
2026-08-17T13:17:00,2026-08-17T18:17:00.021Z,2026-08-17,13:17,Mon,EMPTY_CLOSED,0,5,15,0,2,api,cloud,
2026-08-17T13:18:00,2026-08-17T18:18:00.040Z,2026-08-17,13:18,Mon,EMPTY_CLOSED,0,5,15,0,2,api,cloud,
2026-08-17T13:19:00,2026-08-17T18:19:00.043Z,2026-08-17,13:19,Mon,EMPTY_CLOSED,0,5,15,0,2,api,cloud,
2026-08-17T13:20:00,2026-08-17T18:20:00.043Z,2026-08-17,13:20,Mon,ERROR,,,,,,none,cloud,no waitlist data in response or DOM | https://toast.app/r/oph-edina
2026-08-17T13:21:00,2026-08-17T18:21:00.005Z,2026-08-17,13:21,Mon,ERROR,,,,,,none,cloud,no waitlist data in response or DOM | https://toast.app/r/oph-edina
2026-08-17T13:22:00,2026-08-17T18:22:00.005Z,2026-08-17,13:22,Mon,EMPTY_CLOSED,0,5,15,0,2,api,cloud,
2026-08-17T13:23:00,2026-08-17T18:23:00.044Z,2026-08-17,13:23,Mon,EMPTY_CLOSED,0,5,15,0,2,api,cloud,
2026-08-17T13:24:00,2026-08-17T18:24:00.027Z,2026-08-17,13:24,Mon,ERROR,,,,,,none,cloud,no waitlist data in response or DOM | https://toast.app/r/oph-edina
2026-08-17T13:25:00,2026-08-17T18:25:00.004Z,2026-08-17,13:25,Mon,EMPTY_CLOSED,0,5,15,0,2,api,cloud,
2026-08-17T13:26:00,2026-08-17T18:26:00.044Z,2026-08-17,13:26,Mon,EMPTY_CLOSED,0,5,15,0,2,api,cloud,
2026-08-17T13:27:00,2026-08-17T18:27:00.044Z,2026-08-17,13:27,Mon,EMPTY_CLOSED,0,5,15,0,2,api,cloud,
2026-08-17T13:28:00,2026-08-17T18:28:00.044Z,2026-08-17,13:28,Mon,EMPTY_CLOSED,0,5,15,0,2,api,cloud,
2026-08-17T13:29:00,2026-08-17T18:29:00.011Z,2026-08-17,13:29,Mon,EMPTY_CLOSED,0,5,15,0,2,api,cloud,
2026-08-17T13:30:00,2026-08-17T18:30:00.043Z,2026-08-17,13:30,Mon,EMPTY_CLOSED,0,5,15,0,2,api,cloud,
2026-08-17T13:31:00,2026-08-17T18:31:00.037Z,2026-08-17,13:31,Mon,EMPTY_CLOSED,0,5,15,0,2,api,cloud,
2026-08-17T13:32:00,2026-08-17T18:32:00.041Z,2026-08-17,13:32,Mon,EMPTY_CLOSED,0,5,15,0,2,api,cloud,
2026-08-17T13:33:00,2026-08-17T18:33:00.026Z,2026-08-17,13:33,Mon,EMPTY_CLOSED,0,5,15,0,2,api,cloud,
2026-08-17T13:34:00,2026-08-17T18:34:00.030Z,2026-08-17,13:34,Mon,EMPTY_CLOSED,0,5,15,0,2,api,cloud,
2026-08-17T13:35:00,2026-08-17T18:35:00.044Z,2026-08-17,13:35,Mon,EMPTY_CLOSED,0,5,15,0,2,api,cloud,
2026-08-17T13:36:00,2026-08-17T18:36:00.043Z,2026-08-17,13:36,Mon,EMPTY_CLOSED,0,5,15,0,2,api,cloud,
2026-08-17T13:37:00,2026-08-17T18:37:00.044Z,2026-08-17,13:37,Mon,EMPTY_CLOSED,0,5,15,0,2,api,cloud,
2026-08-17T13:38:00,2026-08-17T18:38:00.045Z,2026-08-17,13:38,Mon,EMPTY_CLOSED,0,5,15,0,2,api,cloud,
2026-08-17T13:39:00,2026-08-17T18:39:00.043Z,2026-08-17,13:39,Mon,EMPTY_CLOSED,0,5,15,0,2,api,cloud,
2026-08-17T13:40:00,2026-08-17T18:40:00.034Z,2026-08-17,13:40,Mon,EMPTY_CLOSED,0,5,15,0,2,api,cloud,
2026-08-17T13:41:00,2026-08-17T18:41:00.037Z,2026-08-17,13:41,Mon,EMPTY_CLOSED,0,5,15,0,2,api,cloud,
2026-08-17T13:42:00,2026-08-17T18:42:00.044Z,2026-08-17,13:42,Mon,EMPTY_CLOSED,0,5,15,0,2,api,cloud,
2026-08-17T13:43:00,2026-08-17T18:43:00.011Z,2026-08-17,13:43,Mon,EMPTY_CLOSED,0,5,15,0,2,api,cloud,
2026-08-17T13:44:00,2026-08-17T18:44:00.043Z,2026-08-17,13:44,Mon,EMPTY_CLOSED,0,5,15,0,2,api,cloud,
2026-08-17T13:45:00,2026-08-17T18:45:00.043Z,2026-08-17,13:45,Mon,EMPTY_CLOSED,0,5,15,0,2,api,cloud,
2026-08-17T13:46:00,2026-08-17T18:46:00.044Z,2026-08-17,13:46,Mon,EMPTY_CLOSED,0,5,15,0,2,api,cloud,
2026-08-17T13:47:00,2026-08-17T18:47:00.015Z,2026-08-17,13:47,Mon,EMPTY_CLOSED,0,5,15,0,2,api,cloud,
2026-08-17T13:48:00,2026-08-17T18:48:00.045Z,2026-08-17,13:48,Mon,EMPTY_CLOSED,0,5,15,0,2,api,cloud,
2026-08-17T13:49:00,2026-08-17T18:49:00.011Z,2026-08-17,13:49,Mon,EMPTY_CLOSED,0,5,15,0,2,api,cloud,
2026-08-17T13:50:00,2026-08-17T18:50:00.011Z,2026-08-17,13:50,Mon,EMPTY_CLOSED,0,5,15,0,2,api,cloud,
2026-08-17T13:51:00,2026-08-17T18:51:00.044Z,2026-08-17,13:51,Mon,EMPTY_CLOSED,0,5,15,0,2,api,cloud,
2026-08-17T13:52:00,2026-08-17T18:52:00.027Z,2026-08-17,13:52,Mon,EMPTY_CLOSED,0,5,15,0,2,api,cloud,
2026-08-17T13:53:00,2026-08-17T18:53:00.044Z,2026-08-17,13:53,Mon,EMPTY_CLOSED,0,5,15,0,2,api,cloud,
2026-08-17T13:54:00,2026-08-17T18:54:00.034Z,2026-08-17,13:54,Mon,EMPTY_CLOSED,0,5,15,0,2,api,cloud,
2026-08-17T13:55:00,2026-08-17T18:55:00.038Z,2026-08-17,13:55,Mon,EMPTY_CLOSED,0,5,15,0,2,api,cloud,
2026-08-17T13:56:00,2026-08-17T18:56:00.044Z,2026-08-17,13:56,Mon,EMPTY_CLOSED,0,5,15,0,2,api,cloud,
2026-08-17T13:57:00,2026-08-17T18:57:00.037Z,2026-08-17,13:57,Mon,EMPTY_CLOSED,0,5,15,0,2,api,cloud,
2026-08-17T13:58:00,2026-08-17T18:58:00.043Z,2026-08-17,13:58,Mon,EMPTY_CLOSED,0,5,15,0,2,api,cloud,
2026-08-17T13:59:00,2026-08-17T18:59:00.045Z,2026-08-17,13:59,Mon,EMPTY_CLOSED,0,5,15,0,2,api,cloud,
2026-08-17T14:00:00,2026-08-17T19:00:00.043Z,2026-08-17,14:00,Mon,EMPTY_CLOSED,0,5,15,0,2,api,cloud,
2026-08-17T14:01:00,2026-08-17T19:01:00.011Z,2026-08-17,14:01,Mon,EMPTY_CLOSED,0,5,15,0,2,api,cloud,
2026-08-17T14:02:00,2026-08-17T19:02:00.044Z,2026-08-17,14:02,Mon,EMPTY_CLOSED,0,5,15,0,2,api,cloud,
2026-08-17T14:03:00,2026-08-17T19:03:00.044Z,2026-08-17,14:03,Mon,EMPTY_CLOSED,0,5,15,0,2,api,cloud,
2026-08-17T14:04:00,2026-08-17T19:04:00.044Z,2026-08-17,14:04,Mon,EMPTY_CLOSED,0,5,15,0,2,api,cloud,
2026-08-17T14:05:00,2026-08-17T19:05:00.005Z,2026-08-17,14:05,Mon,EMPTY_CLOSED,0,5,15,0,2,api,cloud,
2026-08-17T14:06:00,2026-08-17T19:06:00.017Z,2026-08-17,14:06,Mon,EMPTY_CLOSED,0,5,15,0,2,api,cloud,
2026-08-17T14:07:00,2026-08-17T19:07:00.043Z,2026-08-17,14:07,Mon,EMPTY_CLOSED,0,5,15,0,2,api,cloud,
2026-08-17T14:08:00,2026-08-17T19:08:00.044Z,2026-08-17,14:08,Mon,EMPTY_CLOSED,0,5,15,0,2,api,cloud,
2026-08-17T14:09:00,2026-08-17T19:09:00.014Z,2026-08-17,14:09,Mon,EMPTY_CLOSED,0,5,15,0,2,api,cloud,
2026-08-17T14:10:00,2026-08-17T19:10:00.035Z,2026-08-17,14:10,Mon,EMPTY_CLOSED,0,5,15,0,2,api,cloud,
2026-08-17T14:11:00,2026-08-17T19:11:00.043Z,2026-08-17,14:11,Mon,EMPTY_CLOSED,0,5,15,0,2,api,cloud,
2026-08-17T14:12:00,2026-08-17T19:12:00.012Z,2026-08-17,14:12,Mon,EMPTY_CLOSED,0,5,15,0,2,api,cloud,
2026-08-17T14:13:00,2026-08-17T19:13:00.045Z,2026-08-17,14:13,Mon,EMPTY_CLOSED,0,5,15,0,2,api,cloud,
2026-08-17T14:14:00,2026-08-17T19:14:00.011Z,2026-08-17,14:14,Mon,EMPTY_CLOSED,0,5,15,0,2,api,cloud,
2026-08-17T14:15:00,2026-08-17T19:15:00.016Z,2026-08-17,14:15,Mon,EMPTY_CLOSED,0,5,15,0,2,api,cloud,
2026-08-17T14:16:00,2026-08-17T19:16:00.005Z,2026-08-17,14:16,Mon,EMPTY_CLOSED,0,5,15,0,2,api,cloud,
2026-08-17T14:17:00,2026-08-17T19:17:00.033Z,2026-08-17,14:17,Mon,EMPTY_CLOSED,0,5,15,0,2,api,cloud,
2026-08-17T14:18:00,2026-08-17T19:18:00.009Z,2026-08-17,14:18,Mon,EMPTY_CLOSED,0,5,15,0,2,api,cloud,
2026-08-17T14:19:00,2026-08-17T19:19:00.013Z,2026-08-17,14:19,Mon,EMPTY_CLOSED,0,5,15,0,2,api,cloud,
2026-08-17T14:20:00,2026-08-17T19:20:00.043Z,2026-08-17,14:20,Mon,EMPTY_CLOSED,0,5,15,0,2,api,cloud,
2026-08-17T14:21:00,2026-08-17T19:21:00.039Z,2026-08-17,14:21,Mon,EMPTY_CLOSED,0,5,15,0,2,api,cloud,
2026-08-17T14:22:00,2026-08-17T19:22:00.043Z,2026-08-17,14:22,Mon,EMPTY_CLOSED,0,5,15,0,2,api,cloud,
2026-08-17T14:23:00,2026-08-17T19:23:00.011Z,2026-08-17,14:23,Mon,EMPTY_CLOSED,0,5,15,0,2,api,cloud,
2026-08-17T14:24:00,2026-08-17T19:24:00.027Z,2026-08-17,14:24,Mon,EMPTY_CLOSED,0,5,15,0,2,api,cloud,
2026-08-17T14:25:00,2026-08-17T19:25:00.032Z,2026-08-17,14:25,Mon,EMPTY_CLOSED,0,5,15,0,2,api,cloud,
2026-08-17T14:26:00,2026-08-17T19:26:00.044Z,2026-08-17,14:26,Mon,EMPTY_CLOSED,0,5,15,0,2,api,cloud,
2026-08-17T14:27:00,2026-08-17T19:27:00.011Z,2026-08-17,14:27,Mon,EMPTY_CLOSED,0,5,15,0,2,api,cloud,
2026-08-17T14:28:00,2026-08-17T19:28:00.043Z,2026-08-17,14:28,Mon,EMPTY_CLOSED,0,5,15,0,2,api,cloud,
2026-08-17T14:29:00,2026-08-17T19:29:00.043Z,2026-08-17,14:29,Mon,EMPTY_CLOSED,0,5,15,0,2,api,cloud,
2026-08-17T14:30:00,2026-08-17T19:30:00.044Z,2026-08-17,14:30,Mon,EMPTY_CLOSED,0,5,15,0,2,api,cloud,
2026-08-17T14:31:00,2026-08-17T19:31:00.026Z,2026-08-17,14:31,Mon,EMPTY_CLOSED,0,5,15,0,2,api,cloud,
2026-08-17T14:32:00,2026-08-17T19:32:00.030Z,2026-08-17,14:32,Mon,EMPTY_CLOSED,0,5,15,0,2,api,cloud,
2026-08-17T14:33:00,2026-08-17T19:33:00.034Z,2026-08-17,14:33,Mon,EMPTY_CLOSED,0,5,15,0,2,api,cloud,
2026-08-17T14:34:00,2026-08-17T19:34:00.007Z,2026-08-17,14:34,Mon,EMPTY_CLOSED,0,5,15,0,2,api,cloud,
2026-08-17T14:35:00,2026-08-17T19:35:00.030Z,2026-08-17,14:35,Mon,EMPTY_CLOSED,0,5,15,0,2,api,cloud,
2026-08-17T14:36:00,2026-08-17T19:36:00.043Z,2026-08-17,14:36,Mon,EMPTY_CLOSED,0,5,15,0,2,api,cloud,
2026-08-17T14:37:00,2026-08-17T19:37:00.044Z,2026-08-17,14:37,Mon,EMPTY_CLOSED,0,5,15,0,2,api,cloud,
2026-08-17T14:38:00,2026-08-17T19:38:00.045Z,2026-08-17,14:38,Mon,EMPTY_CLOSED,0,5,15,0,2,api,cloud,
2026-08-17T14:39:00,2026-08-17T19:39:00.044Z,2026-08-17,14:39,Mon,EMPTY_CLOSED,0,5,15,0,2,api,cloud,
2026-08-17T14:40:00,2026-08-17T19:40:00.011Z,2026-08-17,14:40,Mon,EMPTY_CLOSED,0,5,15,0,2,api,cloud,
2026-08-17T14:41:00,2026-08-17T19:41:00.044Z,2026-08-17,14:41,Mon,EMPTY_CLOSED,0,5,15,0,2,api,cloud,
2026-08-17T14:42:00,2026-08-17T19:42:00.027Z,2026-08-17,14:42,Mon,NO_MODULE,,,,,,dom,cloud,waitlist module absent
2026-08-17T14:43:00,2026-08-17T19:43:00.004Z,2026-08-17,14:43,Mon,EMPTY_CLOSED,0,5,15,0,2,api,cloud,
2026-08-17T14:44:00,2026-08-17T19:44:00.043Z,2026-08-17,14:44,Mon,EMPTY_CLOSED,0,5,15,0,2,api,cloud,
2026-08-17T14:45:00,2026-08-17T19:45:00.045Z,2026-08-17,14:45,Mon,NO_MODULE,,,,,,dom,cloud,waitlist module absent
2026-08-17T14:46:00,2026-08-17T19:46:00.006Z,2026-08-17,14:46,Mon,NO_MODULE,,,,,,dom,cloud,waitlist module absent
2026-08-17T14:47:00,2026-08-17T19:47:00.005Z,2026-08-17,14:47,Mon,EMPTY_CLOSED,0,5,15,0,2,api,cloud,
2026-08-17T14:48:00,2026-08-17T19:48:00.045Z,2026-08-17,14:48,Mon,NO_MODULE,,,,,,dom,cloud,waitlist module absent
2026-08-17T14:49:00,2026-08-17T19:49:00.004Z,2026-08-17,14:49,Mon,NO_MODULE,,,,,,dom,cloud,waitlist module absent
2026-08-17T14:50:00,2026-08-17T19:50:00.004Z,2026-08-17,14:50,Mon,NO_MODULE,,,,,,dom,cloud,waitlist module absent
2026-08-17T14:51:00,2026-08-17T19:51:00.005Z,2026-08-17,14:51,Mon,NO_MODULE,,,,,,dom,cloud,waitlist module absent
2026-08-17T14:52:00,2026-08-17T19:52:00.005Z,2026-08-17,14:52,Mon,NO_MODULE,,,,,,dom,cloud,waitlist module absent
2026-08-17T14:53:00,2026-08-17T19:53:00.004Z,2026-08-17,14:53,Mon,NO_MODULE,,,,,,dom,cloud,waitlist module absent
2026-08-17T14:54:00,2026-08-17T19:54:00.005Z,2026-08-17,14:54,Mon,NO_MODULE,,,,,,dom,cloud,waitlist module absent
2026-08-17T14:55:00,2026-08-17T19:55:00.004Z,2026-08-17,14:55,Mon,NO_MODULE,,,,,,dom,cloud,waitlist module absent
2026-08-17T14:56:00,2026-08-17T19:56:00.004Z,2026-08-17,14:56,Mon,NO_MODULE,,,,,,dom,cloud,waitlist module absent
2026-08-17T14:57:00,2026-08-17T19:57:00.005Z,2026-08-17,14:57,Mon,NO_MODULE,,,,,,dom,cloud,waitlist module absent
2026-08-17T14:58:00,2026-08-17T19:58:00.006Z,2026-08-17,14:58,Mon,NO_MODULE,,,,,,dom,cloud,waitlist module absent
2026-08-17T14:59:00,2026-08-17T19:59:00.004Z,2026-08-17,14:59,Mon,NO_MODULE,,,,,,dom,cloud,waitlist module absent
2026-08-17T15:00:00,2026-08-17T20:00:00.004Z,2026-08-17,15:00,Mon,NO_MODULE,,,,,,dom,cloud,waitlist module absent
2026-08-17T15:01:00,2026-08-17T20:01:00.005Z,2026-08-17,15:01,Mon,NO_MODULE,,,,,,dom,cloud,waitlist module absent
2026-08-17T15:02:00,2026-08-17T20:02:00.004Z,2026-08-17,15:02,Mon,NO_MODULE,,,,,,dom,cloud,waitlist module absent
2026-08-17T15:03:00,2026-08-17T20:03:00.004Z,2026-08-17,15:03,Mon,NO_MODULE,,,,,,dom,cloud,waitlist module absent
2026-08-17T15:04:00,2026-08-17T20:04:00.006Z,2026-08-17,15:04,Mon,NO_MODULE,,,,,,dom,cloud,waitlist module absent
2026-08-17T15:05:00,2026-08-17T20:05:00.006Z,2026-08-17,15:05,Mon,NO_MODULE,,,,,,dom,cloud,waitlist module absent
2026-08-17T15:06:00,2026-08-17T20:06:00.005Z,2026-08-17,15:06,Mon,NO_MODULE,,,,,,dom,cloud,waitlist module absent
2026-08-17T15:07:00,2026-08-17T20:07:00.004Z,2026-08-17,15:07,Mon,NO_MODULE,,,,,,dom,cloud,waitlist module absent
2026-08-17T15:08:00,2026-08-17T20:08:00.005Z,2026-08-17,15:08,Mon,NO_MODULE,,,,,,dom,cloud,waitlist module absent
2026-08-17T15:09:00,2026-08-17T20:09:00.004Z,2026-08-17,15:09,Mon,NO_MODULE,,,,,,dom,cloud,waitlist module absent
2026-08-17T15:10:00,2026-08-17T20:10:00.004Z,2026-08-17,15:10,Mon,NO_MODULE,,,,,,dom,cloud,waitlist module absent
2026-08-17T15:11:00,2026-08-17T20:11:00.005Z,2026-08-17,15:11,Mon,NO_MODULE,,,,,,dom,cloud,waitlist module absent
2026-08-17T15:12:00,2026-08-17T20:12:00.006Z,2026-08-17,15:12,Mon,NO_MODULE,,,,,,dom,cloud,waitlist module absent
2026-08-17T15:13:00,2026-08-17T20:13:00.006Z,2026-08-17,15:13,Mon,NO_MODULE,,,,,,dom,cloud,waitlist module absent
2026-08-17T15:14:00,2026-08-17T20:14:00.004Z,2026-08-17,15:14,Mon,NO_MODULE,,,,,,dom,cloud,waitlist module absent
2026-08-17T15:15:00,2026-08-17T20:15:00.004Z,2026-08-17,15:15,Mon,NO_MODULE,,,,,,dom,cloud,waitlist module absent
2026-08-17T15:16:00,2026-08-17T20:16:00.004Z,2026-08-17,15:16,Mon,NO_MODULE,,,,,,dom,cloud,waitlist module absent
2026-08-17T15:17:00,2026-08-17T20:17:00.006Z,2026-08-17,15:17,Mon,NO_MODULE,,,,,,dom,cloud,waitlist module absent
2026-08-17T15:18:00,2026-08-17T20:18:00.004Z,2026-08-17,15:18,Mon,NO_MODULE,,,,,,dom,cloud,waitlist module absent
2026-08-17T15:19:00,2026-08-17T20:19:00.005Z,2026-08-17,15:19,Mon,NO_MODULE,,,,,,dom,cloud,waitlist module absent
2026-08-17T15:20:00,2026-08-17T20:20:00.004Z,2026-08-17,15:20,Mon,NO_MODULE,,,,,,dom,cloud,waitlist module absent
2026-08-17T15:21:00,2026-08-17T20:21:00.004Z,2026-08-17,15:21,Mon,NO_MODULE,,,,,,dom,cloud,waitlist module absent
2026-08-17T15:22:00,2026-08-17T20:22:00.005Z,2026-08-17,15:22,Mon,NO_MODULE,,,,,,dom,cloud,waitlist module absent
2026-08-17T15:23:00,2026-08-17T20:23:00.004Z,2026-08-17,15:23,Mon,NO_MODULE,,,,,,dom,cloud,waitlist module absent
2026-08-17T15:24:00,2026-08-17T20:24:00.004Z,2026-08-17,15:24,Mon,NO_MODULE,,,,,,dom,cloud,waitlist module absent
2026-08-17T15:25:00,2026-08-17T20:25:00.005Z,2026-08-17,15:25,Mon,NO_MODULE,,,,,,dom,cloud,waitlist module absent
2026-08-17T15:26:00,2026-08-17T20:26:00.006Z,2026-08-17,15:26,Mon,NO_MODULE,,,,,,dom,cloud,waitlist module absent
2026-08-17T15:27:00,2026-08-17T20:27:00.004Z,2026-08-17,15:27,Mon,NO_MODULE,,,,,,dom,cloud,waitlist module absent
2026-08-17T15:28:00,2026-08-17T20:28:00.004Z,2026-08-17,15:28,Mon,NO_MODULE,,,,,,dom,cloud,waitlist module absent
2026-08-17T15:29:00,2026-08-17T20:29:00.004Z,2026-08-17,15:29,Mon,NO_MODULE,,,,,,dom,cloud,waitlist module absent
2026-08-18T06:00:02,2026-08-18T11:00:02.991Z,2026-08-18,06:00,Tue,NO_MODULE,,,,,,dom,cloud,waitlist module absent
2026-08-18T06:01:00,2026-08-18T11:01:00.003Z,2026-08-18,06:01,Tue,NO_MODULE,,,,,,dom,cloud,waitlist module absent
2026-08-18T06:02:00,2026-08-18T11:02:00.005Z,2026-08-18,06:02,Tue,NO_MODULE,,,,,,dom,cloud,waitlist module absent
2026-08-18T06:03:00,2026-08-18T11:03:00.004Z,2026-08-18,06:03,Tue,NO_MODULE,,,,,,dom,cloud,waitlist module absent
2026-08-18T06:04:00,2026-08-18T11:04:00.005Z,2026-08-18,06:04,Tue,NO_MODULE,,,,,,dom,cloud,waitlist module absent
2026-08-18T06:05:00,2026-08-18T11:05:00.004Z,2026-08-18,06:05,Tue,NO_MODULE,,,,,,dom,cloud,waitlist module absent
2026-08-18T06:06:00,2026-08-18T11:06:00.005Z,2026-08-18,06:06,Tue,NO_MODULE,,,,,,dom,cloud,waitlist module absent
2026-08-18T06:07:00,2026-08-18T11:07:00.005Z,2026-08-18,06:07,Tue,NO_MODULE,,,,,,dom,cloud,waitlist module absent
2026-08-18T06:08:00,2026-08-18T11:08:00.005Z,2026-08-18,06:08,Tue,NO_MODULE,,,,,,dom,cloud,waitlist module absent
2026-08-18T06:09:00,2026-08-18T11:09:00.004Z,2026-08-18,06:09,Tue,NO_MODULE,,,,,,dom,cloud,waitlist module absent
2026-08-18T06:10:00,2026-08-18T11:10:00.005Z,2026-08-18,06:10,Tue,NO_MODULE,,,,,,dom,cloud,waitlist module absent
2026-08-18T06:11:00,2026-08-18T11:11:00.005Z,2026-08-18,06:11,Tue,NO_MODULE,,,,,,dom,cloud,waitlist module absent
2026-08-18T06:12:00,2026-08-18T11:12:00.005Z,2026-08-18,06:12,Tue,NO_MODULE,,,,,,dom,cloud,waitlist module absent
2026-08-18T06:13:00,2026-08-18T11:13:00.005Z,2026-08-18,06:13,Tue,NO_MODULE,,,,,,dom,cloud,waitlist module absent
2026-08-18T06:14:00,2026-08-18T11:14:00.001Z,2026-08-18,06:14,Tue,NO_MODULE,,,,,,dom,cloud,waitlist module absent
2026-08-18T06:15:00,2026-08-18T11:15:00.005Z,2026-08-18,06:15,Tue,NO_MODULE,,,,,,dom,cloud,waitlist module absent
2026-08-18T06:16:00,2026-08-18T11:16:00.002Z,2026-08-18,06:16,Tue,NO_MODULE,,,,,,dom,cloud,waitlist module absent
2026-08-18T06:17:00,2026-08-18T11:17:00.005Z,2026-08-18,06:17,Tue,NO_MODULE,,,,,,dom,cloud,waitlist module absent
2026-08-18T06:18:00,2026-08-18T11:18:00.005Z,2026-08-18,06:18,Tue,NO_MODULE,,,,,,dom,cloud,waitlist module absent
2026-08-18T06:19:00,2026-08-18T11:19:00.005Z,2026-08-18,06:19,Tue,NO_MODULE,,,,,,dom,cloud,waitlist module absent
2026-08-18T06:20:00,2026-08-18T11:20:00.005Z,2026-08-18,06:20,Tue,NO_MODULE,,,,,,dom,cloud,waitlist module absent
2026-08-18T06:21:00,2026-08-18T11:21:00.005Z,2026-08-18,06:21,Tue,NO_MODULE,,,,,,dom,cloud,waitlist module absent
2026-08-18T06:22:00,2026-08-18T11:22:00.005Z,2026-08-18,06:22,Tue,NO_MODULE,,,,,,dom,cloud,waitlist module absent
2026-08-18T06:23:00,2026-08-18T11:23:00.005Z,2026-08-18,06:23,Tue,NO_MODULE,,,,,,dom,cloud,waitlist module absent
2026-08-18T06:24:00,2026-08-18T11:24:00.004Z,2026-08-18,06:24,Tue,NO_MODULE,,,,,,dom,cloud,waitlist module absent
2026-08-18T06:25:00,2026-08-18T11:25:00.005Z,2026-08-18,06:25,Tue,NO_MODULE,,,,,,dom,cloud,waitlist module absent
2026-08-18T06:26:00,2026-08-18T11:26:00.005Z,2026-08-18,06:26,Tue,NO_MODULE,,,,,,dom,cloud,waitlist module absent
2026-08-18T06:27:00,2026-08-18T11:27:00.004Z,2026-08-18,06:27,Tue,NO_MODULE,,,,,,dom,cloud,waitlist module absent
2026-08-18T06:28:00,2026-08-18T11:28:00.004Z,2026-08-18,06:28,Tue,NO_MODULE,,,,,,dom,cloud,waitlist module absent
2026-08-18T06:29:00,2026-08-18T11:29:00.005Z,2026-08-18,06:29,Tue,NO_MODULE,,,,,,dom,cloud,waitlist module absent
2026-08-18T06:30:00,2026-08-18T11:30:00.006Z,2026-08-18,06:30,Tue,NO_MODULE,,,,,,dom,cloud,waitlist module absent
2026-08-18T06:31:00,2026-08-18T11:31:00.005Z,2026-08-18,06:31,Tue,EMPTY_CLOSED,0,5,15,0,2,api,cloud,
2026-08-18T06:32:00,2026-08-18T11:32:00.020Z,2026-08-18,06:32,Tue,NO_MODULE,,,,,,dom,cloud,waitlist module absent
2026-08-18T06:33:00,2026-08-18T11:33:00.005Z,2026-08-18,06:33,Tue,EMPTY_CLOSED,0,5,15,0,2,api,cloud,
2026-08-18T06:34:00,2026-08-18T11:34:00.026Z,2026-08-18,06:34,Tue,NO_MODULE,,,,,,dom,cloud,waitlist module absent
2026-08-18T06:35:00,2026-08-18T11:35:00.005Z,2026-08-18,06:35,Tue,NO_MODULE,,,,,,dom,cloud,waitlist module absent
2026-08-18T06:36:00,2026-08-18T11:36:00.004Z,2026-08-18,06:36,Tue,EMPTY_CLOSED,0,5,15,0,2,api,cloud,
2026-08-18T06:37:00,2026-08-18T11:37:00.024Z,2026-08-18,06:37,Tue,NO_MODULE,,,,,,dom,cloud,waitlist module absent
2026-08-18T06:38:00,2026-08-18T11:38:00.004Z,2026-08-18,06:38,Tue,EMPTY_CLOSED,0,5,15,0,2,api,cloud,
2026-08-18T06:39:00,2026-08-18T11:39:00.025Z,2026-08-18,06:39,Tue,NO_MODULE,,,,,,dom,cloud,waitlist module absent
2026-08-18T06:40:00,2026-08-18T11:40:00.004Z,2026-08-18,06:40,Tue,EMPTY_CLOSED,0,5,15,0,2,api,cloud,
2026-08-18T06:41:00,2026-08-18T11:41:00.029Z,2026-08-18,06:41,Tue,EMPTY_CLOSED,0,5,15,0,2,api,cloud,
2026-08-18T06:42:00,2026-08-18T11:42:00.028Z,2026-08-18,06:42,Tue,EMPTY_CLOSED,0,5,15,0,2,api,cloud,
2026-08-18T06:43:00,2026-08-18T11:43:00.009Z,2026-08-18,06:43,Tue,EMPTY_CLOSED,0,5,15,0,2,api,cloud,
2026-08-18T06:44:00,2026-08-18T11:44:00.026Z,2026-08-18,06:44,Tue,EMPTY_CLOSED,0,5,15,0,2,api,cloud,
2026-08-18T06:45:00,2026-08-18T11:45:00.026Z,2026-08-18,06:45,Tue,EMPTY_CLOSED,0,5,15,0,2,api,cloud,
2026-08-18T06:46:00,2026-08-18T11:46:00.026Z,2026-08-18,06:46,Tue,NO_MODULE,,,,,,dom,cloud,waitlist module absent
2026-08-18T06:47:00,2026-08-18T11:47:00.005Z,2026-08-18,06:47,Tue,EMPTY_CLOSED,0,5,15,0,2,api,cloud,
2026-08-18T06:48:00,2026-08-18T11:48:00.022Z,2026-08-18,06:48,Tue,EMPTY_CLOSED,0,5,15,0,2,api,cloud,
2026-08-18T06:49:00,2026-08-18T11:49:00.025Z,2026-08-18,06:49,Tue,EMPTY_CLOSED,0,5,15,0,2,api,cloud,
2026-08-18T06:50:00,2026-08-18T11:50:00.007Z,2026-08-18,06:50,Tue,EMPTY_CLOSED,0,5,15,0,2,api,cloud,
2026-08-18T06:51:00,2026-08-18T11:51:00.011Z,2026-08-18,06:51,Tue,EMPTY_CLOSED,0,5,15,0,2,api,cloud,
2026-08-18T06:52:00,2026-08-18T11:52:00.015Z,2026-08-18,06:52,Tue,EMPTY_CLOSED,0,5,15,0,2,api,cloud,
2026-08-18T06:53:00,2026-08-18T11:53:00.019Z,2026-08-18,06:53,Tue,EMPTY_CLOSED,0,5,15,0,2,api,cloud,
2026-08-18T06:54:00,2026-08-18T11:54:00.023Z,2026-08-18,06:54,Tue,EMPTY_CLOSED,0,5,15,0,2,api,cloud,
2026-08-18T06:55:00,2026-08-18T11:55:00.026Z,2026-08-18,06:55,Tue,EMPTY_CLOSED,0,5,15,0,2,api,cloud,
2026-08-18T06:56:00,2026-08-18T11:56:00.026Z,2026-08-18,06:56,Tue,EMPTY_CLOSED,0,5,15,0,2,api,cloud,
2026-08-18T06:57:00,2026-08-18T11:57:00.025Z,2026-08-18,06:57,Tue,EMPTY_CLOSED,0,5,15,0,2,api,cloud,
2026-08-18T06:58:00,2026-08-18T11:58:00.024Z,2026-08-18,06:58,Tue,EMPTY_CLOSED,0,5,15,0,2,api,cloud,
2026-08-18T06:59:00,2026-08-18T11:59:00.028Z,2026-08-18,06:59,Tue,EMPTY_CLOSED,0,5,15,0,2,api,cloud,
2026-08-18T07:00:00,2026-08-18T12:00:00.013Z,2026-08-18,07:00,Tue,EMPTY_CLOSED,0,5,15,0,2,api,cloud,
2026-08-18T07:01:00,2026-08-18T12:01:00.029Z,2026-08-18,07:01,Tue,EMPTY_CLOSED,0,5,15,0,2,api,cloud,
2026-08-18T07:02:00,2026-08-18T12:02:00.022Z,2026-08-18,07:02,Tue,EMPTY_CLOSED,0,5,15,0,2,api,cloud,
2026-08-18T07:03:00,2026-08-18T12:03:00.029Z,2026-08-18,07:03,Tue,EMPTY_CLOSED,0,5,15,0,2,api,cloud,
2026-08-18T07:04:00,2026-08-18T12:04:00.015Z,2026-08-18,07:04,Tue,EMPTY_CLOSED,0,5,15,0,2,api,cloud,
2026-08-18T07:05:00,2026-08-18T12:05:00.023Z,2026-08-18,07:05,Tue,EMPTY_CLOSED,0,5,15,0,2,api,cloud,
2026-08-18T07:06:00,2026-08-18T12:06:00.015Z,2026-08-18,07:06,Tue,EMPTY_CLOSED,0,5,15,0,2,api,cloud,
2026-08-18T07:07:00,2026-08-18T12:07:00.029Z,2026-08-18,07:07,Tue,EMPTY_CLOSED,0,5,15,0,2,api,cloud,
2026-08-18T07:08:00,2026-08-18T12:08:00.009Z,2026-08-18,07:08,Tue,EMPTY_CLOSED,0,5,15,0,2,api,cloud,
2026-08-18T07:09:00,2026-08-18T12:09:00.029Z,2026-08-18,07:09,Tue,EMPTY_CLOSED,0,5,15,0,2,api,cloud,
2026-08-18T07:10:00,2026-08-18T12:10:00.029Z,2026-08-18,07:10,Tue,EMPTY_CLOSED,0,5,15,0,2,api,cloud,
2026-08-18T07:11:00,2026-08-18T12:11:00.015Z,2026-08-18,07:11,Tue,EMPTY_CLOSED,0,5,15,0,2,api,cloud,
2026-08-18T07:12:00,2026-08-18T12:12:00.019Z,2026-08-18,07:12,Tue,EMPTY_CLOSED,0,5,15,0,2,api,cloud,
2026-08-18T07:13:00,2026-08-18T12:13:00.029Z,2026-08-18,07:13,Tue,EMPTY_CLOSED,0,5,15,0,2,api,cloud,
2026-08-18T07:14:00,2026-08-18T12:14:00.028Z,2026-08-18,07:14,Tue,EMPTY_CLOSED,0,5,15,0,2,api,cloud,
2026-08-18T07:15:00,2026-08-18T12:15:00.028Z,2026-08-18,07:15,Tue,EMPTY_CLOSED,0,5,15,0,2,api,cloud,
2026-08-18T07:16:00,2026-08-18T12:16:00.007Z,2026-08-18,07:16,Tue,EMPTY_CLOSED,0,5,15,0,2,api,cloud,
2026-08-18T07:17:00,2026-08-18T12:17:00.028Z,2026-08-18,07:17,Tue,EMPTY_CLOSED,0,5,15,0,2,api,cloud,
2026-08-18T07:18:00,2026-08-18T12:18:00.029Z,2026-08-18,07:18,Tue,EMPTY_CLOSED,0,5,15,0,2,api,cloud,
2026-08-18T07:19:00,2026-08-18T12:19:00.027Z,2026-08-18,07:19,Tue,EMPTY_CLOSED,0,5,15,0,2,api,cloud,
2026-08-18T07:20:00,2026-08-18T12:20:00.029Z,2026-08-18,07:20,Tue,EMPTY_CLOSED,0,5,15,0,2,api,cloud,
2026-08-18T07:21:00,2026-08-18T12:21:00.019Z,2026-08-18,07:21,Tue,EMPTY_CLOSED,0,5,15,0,2,api,cloud,
2026-08-18T07:22:00,2026-08-18T12:22:00.029Z,2026-08-18,07:22,Tue,EMPTY_CLOSED,0,5,15,0,2,api,cloud,
2026-08-18T07:23:00,2026-08-18T12:23:00.025Z,2026-08-18,07:23,Tue,EMPTY_CLOSED,0,5,15,0,2,api,cloud,
2026-08-18T07:24:00,2026-08-18T12:24:00.015Z,2026-08-18,07:24,Tue,EMPTY_CLOSED,0,5,15,0,2,api,cloud,
2026-08-18T07:25:00,2026-08-18T12:25:00.001Z,2026-08-18,07:25,Tue,EMPTY_CLOSED,0,5,15,0,2,api,cloud,
2026-08-18T07:26:00,2026-08-18T12:26:00.029Z,2026-08-18,07:26,Tue,EMPTY_CLOSED,0,5,15,0,2,api,cloud,
2026-08-18T07:27:00,2026-08-18T12:27:00.025Z,2026-08-18,07:27,Tue,EMPTY_CLOSED,0,5,15,0,2,api,cloud,
2026-08-18T07:28:00,2026-08-18T12:28:00.025Z,2026-08-18,07:28,Tue,EMPTY_CLOSED,0,5,15,0,2,api,cloud,
2026-08-18T07:29:00,2026-08-18T12:29:00.024Z,2026-08-18,07:29,Tue,EMPTY_CLOSED,0,5,15,0,2,api,cloud,
2026-08-18T07:30:00,2026-08-18T12:30:00.023Z,2026-08-18,07:30,Tue,EMPTY_CLOSED,0,5,15,0,2,api,cloud,
2026-08-18T07:31:00,2026-08-18T12:31:00.025Z,2026-08-18,07:31,Tue,EMPTY_CLOSED,0,5,15,0,2,api,cloud,
2026-08-18T07:32:00,2026-08-18T12:32:00.027Z,2026-08-18,07:32,Tue,EMPTY_CLOSED,0,5,15,0,2,api,cloud,
2026-08-18T07:33:00,2026-08-18T12:33:00.026Z,2026-08-18,07:33,Tue,EMPTY_CLOSED,0,5,15,0,2,api,cloud,
2026-08-18T07:34:00,2026-08-18T12:34:00.007Z,2026-08-18,07:34,Tue,EMPTY_CLOSED,0,5,15,0,2,api,cloud,
2026-08-18T07:35:00,2026-08-18T12:35:00.008Z,2026-08-18,07:35,Tue,EMPTY_CLOSED,0,5,15,0,2,api,cloud,
2026-08-18T07:36:00,2026-08-18T12:36:00.010Z,2026-08-18,07:36,Tue,EMPTY_CLOSED,0,5,15,0,2,api,cloud,
2026-08-18T07:37:00,2026-08-18T12:37:00.028Z,2026-08-18,07:37,Tue,EMPTY_CLOSED,0,5,15,0,2,api,cloud,
2026-08-18T07:38:00,2026-08-18T12:38:00.028Z,2026-08-18,07:38,Tue,EMPTY_CLOSED,0,5,15,0,2,api,cloud,
2026-08-18T07:39:00,2026-08-18T12:39:00.028Z,2026-08-18,07:39,Tue,EMPTY_CLOSED,0,5,15,0,2,api,cloud,
2026-08-18T07:40:00,2026-08-18T12:40:00.028Z,2026-08-18,07:40,Tue,EMPTY_CLOSED,0,5,15,0,2,api,cloud,
2026-08-18T07:41:00,2026-08-18T12:41:00.015Z,2026-08-18,07:41,Tue,EMPTY_CLOSED,0,5,15,0,2,api,cloud,
2026-08-18T07:42:00,2026-08-18T12:42:00.020Z,2026-08-18,07:42,Tue,EMPTY_CLOSED,0,5,15,0,2,api,cloud,
2026-08-18T07:43:00,2026-08-18T12:43:00.024Z,2026-08-18,07:43,Tue,EMPTY_CLOSED,0,5,15,0,2,api,cloud,
2026-08-18T07:44:00,2026-08-18T12:44:00.023Z,2026-08-18,07:44,Tue,EMPTY_CLOSED,0,5,15,0,2,api,cloud,
2026-08-18T07:45:00,2026-08-18T12:45:00.020Z,2026-08-18,07:45,Tue,EMPTY_CLOSED,0,5,15,0,2,api,cloud,
2026-08-18T07:46:00,2026-08-18T12:46:00.028Z,2026-08-18,07:46,Tue,EMPTY_CLOSED,0,5,15,0,2,api,cloud,
2026-08-18T07:47:00,2026-08-18T12:47:00.010Z,2026-08-18,07:47,Tue,EMPTY_CLOSED,0,5,15,0,2,api,cloud,
2026-08-18T07:48:00,2026-08-18T12:48:00.029Z,2026-08-18,07:48,Tue,EMPTY_CLOSED,0,5,15,0,2,api,cloud,
2026-08-18T07:49:00,2026-08-18T12:49:00.025Z,2026-08-18,07:49,Tue,EMPTY_CLOSED,0,5,15,0,2,api,cloud,
2026-08-18T07:50:00,2026-08-18T12:50:00.014Z,2026-08-18,07:50,Tue,EMPTY_CLOSED,0,5,15,0,2,api,cloud,
2026-08-18T07:51:00,2026-08-18T12:51:00.021Z,2026-08-18,07:51,Tue,EMPTY_CLOSED,0,5,15,0,2,api,cloud,
2026-08-18T07:52:00,2026-08-18T12:52:00.015Z,2026-08-18,07:52,Tue,EMPTY_CLOSED,0,5,15,0,2,api,cloud,
2026-08-18T07:53:00,2026-08-18T12:53:00.027Z,2026-08-18,07:53,Tue,EMPTY_CLOSED,0,5,15,0,2,api,cloud,
2026-08-18T07:54:00,2026-08-18T12:54:00.008Z,2026-08-18,07:54,Tue,EMPTY_CLOSED,0,5,15,0,2,api,cloud,
2026-08-18T07:55:00,2026-08-18T12:55:00.028Z,2026-08-18,07:55,Tue,EMPTY_CLOSED,0,5,15,0,2,api,cloud,
2026-08-18T07:56:00,2026-08-18T12:56:00.024Z,2026-08-18,07:56,Tue,EMPTY_CLOSED,0,5,15,0,2,api,cloud,
2026-08-18T07:57:00,2026-08-18T12:57:00.007Z,2026-08-18,07:57,Tue,EMPTY_CLOSED,0,5,15,0,2,api,cloud,
2026-08-18T07:58:00,2026-08-18T12:58:00.023Z,2026-08-18,07:58,Tue,EMPTY_CLOSED,0,5,15,0,2,api,cloud,
2026-08-18T07:59:00,2026-08-18T12:59:00.028Z,2026-08-18,07:59,Tue,EMPTY_CLOSED,0,5,15,0,2,api,cloud,
2026-08-18T08:00:00,2026-08-18T13:00:00.028Z,2026-08-18,08:00,Tue,EMPTY_CLOSED,0,5,15,0,2,api,cloud,
2026-08-18T08:01:00,2026-08-18T13:01:00.023Z,2026-08-18,08:01,Tue,EMPTY_CLOSED,0,5,15,0,2,api,cloud,
2026-08-18T08:02:00,2026-08-18T13:02:00.027Z,2026-08-18,08:02,Tue,EMPTY_CLOSED,0,5,15,0,2,api,cloud,
2026-08-18T08:03:00,2026-08-18T13:03:00.015Z,2026-08-18,08:03,Tue,EMPTY_CLOSED,0,5,15,0,2,api,cloud,
2026-08-18T08:04:00,2026-08-18T13:04:00.019Z,2026-08-18,08:04,Tue,EMPTY_CLOSED,0,5,15,0,2,api,cloud,
2026-08-18T08:05:00,2026-08-18T13:05:00.029Z,2026-08-18,08:05,Tue,EMPTY_CLOSED,0,5,15,0,2,api,cloud,
2026-08-18T08:06:00,2026-08-18T13:06:00.028Z,2026-08-18,08:06,Tue,EMPTY_CLOSED,0,5,15,0,2,api,cloud,
2026-08-18T08:07:00,2026-08-18T13:07:00.027Z,2026-08-18,08:07,Tue,EMPTY_CLOSED,0,5,15,0,2,api,cloud,
2026-08-18T08:08:00,2026-08-18T13:08:00.007Z,2026-08-18,08:08,Tue,EMPTY_CLOSED,0,5,15,0,2,api,cloud,
2026-08-18T08:09:00,2026-08-18T13:09:00.011Z,2026-08-18,08:09,Tue,EMPTY_CLOSED,0,5,15,0,2,api,cloud,
2026-08-18T08:10:00,2026-08-18T13:10:00.023Z,2026-08-18,08:10,Tue,EMPTY_CLOSED,0,5,15,0,2,api,cloud,
2026-08-18T08:11:00,2026-08-18T13:11:00.029Z,2026-08-18,08:11,Tue,EMPTY_CLOSED,0,5,15,0,2,api,cloud,
2026-08-18T08:12:00,2026-08-18T13:12:00.028Z,2026-08-18,08:12,Tue,EMPTY_CLOSED,0,5,15,0,2,api,cloud,
2026-08-18T08:13:00,2026-08-18T13:13:00.013Z,2026-08-18,08:13,Tue,EMPTY_CLOSED,0,5,15,0,2,api,cloud,
2026-08-18T08:14:00,2026-08-18T13:14:00.028Z,2026-08-18,08:14,Tue,EMPTY_CLOSED,0,5,15,0,2,api,cloud,
2026-08-18T08:15:00,2026-08-18T13:15:00.029Z,2026-08-18,08:15,Tue,EMPTY_CLOSED,0,5,15,0,2,api,cloud,
2026-08-18T08:16:00,2026-08-18T13:16:00.027Z,2026-08-18,08:16,Tue,EMPTY_CLOSED,0,5,15,0,2,api,cloud,
2026-08-18T08:17:00,2026-08-18T13:17:00.029Z,2026-08-18,08:17,Tue,EMPTY_CLOSED,0,5,15,0,2,api,cloud,
2026-08-18T08:18:00,2026-08-18T13:18:00.007Z,2026-08-18,08:18,Tue,EMPTY_CLOSED,0,5,15,0,2,api,cloud,
2026-08-18T08:19:00,2026-08-18T13:19:00.028Z,2026-08-18,08:19,Tue,EMPTY_CLOSED,0,5,15,0,2,api,cloud,
2026-08-18T08:20:00,2026-08-18T13:20:00.028Z,2026-08-18,08:20,Tue,EMPTY_CLOSED,0,5,15,0,2,api,cloud,
2026-08-18T08:21:00,2026-08-18T13:21:00.007Z,2026-08-18,08:21,Tue,EMPTY_CLOSED,0,5,15,0,2,api,cloud,
2026-08-18T08:22:00,2026-08-18T13:22:00.029Z,2026-08-18,08:22,Tue,EMPTY_CLOSED,0,5,15,0,2,api,cloud,
2026-08-18T08:23:00,2026-08-18T13:23:00.023Z,2026-08-18,08:23,Tue,EMPTY_CLOSED,0,5,15,0,2,api,cloud,
2026-08-18T08:24:00,2026-08-18T13:24:00.027Z,2026-08-18,08:24,Tue,EMPTY_CLOSED,0,5,15,0,2,api,cloud,
2026-08-18T08:25:00,2026-08-18T13:25:00.028Z,2026-08-18,08:25,Tue,EMPTY_CLOSED,0,5,15,0,2,api,cloud,
2026-08-18T08:26:00,2026-08-18T13:26:00.015Z,2026-08-18,08:26,Tue,EMPTY_CLOSED,0,5,15,0,2,api,cloud,
2026-08-18T08:27:00,2026-08-18T13:27:00.016Z,2026-08-18,08:27,Tue,EMPTY_CLOSED,0,5,15,0,2,api,cloud,
2026-08-18T08:28:00,2026-08-18T13:28:00.016Z,2026-08-18,08:28,Tue,EMPTY_CLOSED,0,5,15,0,2,api,cloud,
2026-08-18T08:29:00,2026-08-18T13:29:00.016Z,2026-08-18,08:29,Tue,EMPTY_CLOSED,0,5,15,0,2,api,cloud,
2026-08-18T08:30:00,2026-08-18T13:30:00.016Z,2026-08-18,08:30,Tue,EMPTY_CLOSED,0,5,15,0,2,api,cloud,
2026-08-18T08:31:00,2026-08-18T13:31:00.020Z,2026-08-18,08:31,Tue,EMPTY_CLOSED,0,5,15,0,2,api,cloud,
2026-08-18T08:32:00,2026-08-18T13:32:00.024Z,2026-08-18,08:32,Tue,EMPTY_CLOSED,0,5,15,0,2,api,cloud,
2026-08-18T08:33:00,2026-08-18T13:33:00.025Z,2026-08-18,08:33,Tue,EMPTY_CLOSED,0,5,15,0,2,api,cloud,
2026-08-18T08:34:00,2026-08-18T13:34:00.007Z,2026-08-18,08:34,Tue,EMPTY_CLOSED,0,5,15,0,2,api,cloud,
2026-08-18T08:35:00,2026-08-18T13:35:00.001Z,2026-08-18,08:35,Tue,EMPTY_CLOSED,0,5,15,0,2,api,cloud,
2026-08-18T08:36:00,2026-08-18T13:36:00.015Z,2026-08-18,08:36,Tue,EMPTY_CLOSED,0,5,15,0,2,api,cloud,
2026-08-18T08:37:00,2026-08-18T13:37:00.029Z,2026-08-18,08:37,Tue,EMPTY_CLOSED,0,5,15,0,2,api,cloud,
2026-08-18T08:38:00,2026-08-18T13:38:00.028Z,2026-08-18,08:38,Tue,EMPTY_CLOSED,0,5,15,0,2,api,cloud,
2026-08-18T08:39:00,2026-08-18T13:39:00.007Z,2026-08-18,08:39,Tue,EMPTY_CLOSED,0,5,15,0,2,api,cloud,
2026-08-18T08:40:00,2026-08-18T13:40:00.011Z,2026-08-18,08:40,Tue,EMPTY_CLOSED,0,5,15,0,2,api,cloud,
2026-08-18T08:41:00,2026-08-18T13:41:00.029Z,2026-08-18,08:41,Tue,EMPTY_CLOSED,0,5,15,0,2,api,cloud,
2026-08-18T08:42:00,2026-08-18T13:42:00.029Z,2026-08-18,08:42,Tue,EMPTY_CLOSED,0,5,15,0,2,api,cloud,
2026-08-18T08:43:00,2026-08-18T13:43:00.028Z,2026-08-18,08:43,Tue,EMPTY_CLOSED,0,5,15,0,2,api,cloud,
2026-08-18T08:44:00,2026-08-18T13:44:00.029Z,2026-08-18,08:44,Tue,EMPTY_CLOSED,0,5,15,0,2,api,cloud,
2026-08-18T08:45:00,2026-08-18T13:45:00.021Z,2026-08-18,08:45,Tue,EMPTY_CLOSED,0,5,15,0,2,api,cloud,
2026-08-18T08:46:00,2026-08-18T13:46:00.026Z,2026-08-18,08:46,Tue,EMPTY_CLOSED,0,5,15,0,2,api,cloud,
2026-08-18T08:47:00,2026-08-18T13:47:00.029Z,2026-08-18,08:47,Tue,EMPTY_CLOSED,0,5,15,0,2,api,cloud,
2026-08-18T08:48:00,2026-08-18T13:48:00.005Z,2026-08-18,08:48,Tue,EMPTY_CLOSED,0,5,15,0,2,api,cloud,
2026-08-18T08:49:00,2026-08-18T13:49:00.023Z,2026-08-18,08:49,Tue,EMPTY_CLOSED,0,5,15,0,2,api,cloud,
2026-08-18T08:50:00,2026-08-18T13:50:00.028Z,2026-08-18,08:50,Tue,EMPTY_CLOSED,0,5,15,0,2,api,cloud,
2026-08-18T08:51:00,2026-08-18T13:51:00.028Z,2026-08-18,08:51,Tue,EMPTY_CLOSED,0,5,15,0,2,api,cloud,
2026-08-18T08:52:00,2026-08-18T13:52:00.028Z,2026-08-18,08:52,Tue,EMPTY_CLOSED,0,5,15,0,2,api,cloud,
2026-08-18T08:53:00,2026-08-18T13:53:00.028Z,2026-08-18,08:53,Tue,EMPTY_CLOSED,0,5,15,0,2,api,cloud,
2026-08-18T08:54:00,2026-08-18T13:54:00.029Z,2026-08-18,08:54,Tue,EMPTY_CLOSED,0,5,15,0,2,api,cloud,
2026-08-18T08:55:00,2026-08-18T13:55:00.029Z,2026-08-18,08:55,Tue,EMPTY_CLOSED,0,5,15,0,2,api,cloud,
2026-08-18T08:56:00,2026-08-18T13:56:00.028Z,2026-08-18,08:56,Tue,EMPTY_CLOSED,0,5,15,0,2,api,cloud,
2026-08-18T08:57:00,2026-08-18T13:57:00.006Z,2026-08-18,08:57,Tue,EMPTY_CLOSED,0,5,15,0,2,api,cloud,
2026-08-18T08:58:00,2026-08-18T13:58:00.029Z,2026-08-18,08:58,Tue,EMPTY_CLOSED,0,5,15,0,2,api,cloud,
2026-08-18T08:59:00,2026-08-18T13:59:00.029Z,2026-08-18,08:59,Tue,EMPTY_CLOSED,0,5,15,0,2,api,cloud,
2026-08-18T09:00:00,2026-08-18T14:00:00.015Z,2026-08-18,09:00,Tue,EMPTY_CLOSED,0,5,15,0,2,api,cloud,
2026-08-18T09:01:00,2026-08-18T14:01:00.028Z,2026-08-18,09:01,Tue,EMPTY_CLOSED,0,5,15,0,2,api,cloud,
2026-08-18T09:02:00,2026-08-18T14:02:00.025Z,2026-08-18,09:02,Tue,EMPTY_CLOSED,0,5,15,0,2,api,cloud,
2026-08-18T09:03:00,2026-08-18T14:03:00.028Z,2026-08-18,09:03,Tue,EMPTY_CLOSED,0,5,15,0,2,api,cloud,
2026-08-18T09:04:00,2026-08-18T14:04:00.027Z,2026-08-18,09:04,Tue,EMPTY_CLOSED,0,5,15,0,2,api,cloud,
2026-08-18T09:05:00,2026-08-18T14:05:00.028Z,2026-08-18,09:05,Tue,EMPTY_CLOSED,0,5,15,0,2,api,cloud,
2026-08-18T09:06:00,2026-08-18T14:06:00.002Z,2026-08-18,09:06,Tue,EMPTY_CLOSED,0,5,15,0,2,api,cloud,
2026-08-18T09:07:00,2026-08-18T14:07:00.029Z,2026-08-18,09:07,Tue,EMPTY_CLOSED,0,5,15,0,2,api,cloud,
2026-08-18T09:08:00,2026-08-18T14:08:00.029Z,2026-08-18,09:08,Tue,EMPTY_CLOSED,0,5,15,0,2,api,cloud,
2026-08-18T09:09:00,2026-08-18T14:09:00.029Z,2026-08-18,09:09,Tue,EMPTY_CLOSED,0,5,15,0,2,api,cloud,
2026-08-18T09:10:00,2026-08-18T14:10:00.029Z,2026-08-18,09:10,Tue,EMPTY_CLOSED,0,5,15,0,2,api,cloud,
2026-08-18T09:11:00,2026-08-18T14:11:00.029Z,2026-08-18,09:11,Tue,EMPTY_CLOSED,0,5,15,0,2,api,cloud,
2026-08-18T09:12:00,2026-08-18T14:12:00.015Z,2026-08-18,09:12,Tue,EMPTY_CLOSED,0,5,15,0,2,api,cloud,
2026-08-18T09:13:00,2026-08-18T14:13:00.029Z,2026-08-18,09:13,Tue,EMPTY_CLOSED,0,5,15,0,2,api,cloud,
2026-08-18T09:14:00,2026-08-18T14:14:00.029Z,2026-08-18,09:14,Tue,EMPTY_CLOSED,0,5,15,0,2,api,cloud,
2026-08-18T09:15:00,2026-08-18T14:15:00.015Z,2026-08-18,09:15,Tue,EMPTY_CLOSED,0,5,15,0,2,api,cloud,
2026-08-18T09:16:00,2026-08-18T14:16:00.029Z,2026-08-18,09:16,Tue,EMPTY_CLOSED,0,5,15,0,2,api,cloud,
2026-08-18T09:17:00,2026-08-18T14:17:00.027Z,2026-08-18,09:17,Tue,EMPTY_CLOSED,0,5,15,0,2,api,cloud,
2026-08-18T09:18:00,2026-08-18T14:18:00.029Z,2026-08-18,09:18,Tue,EMPTY_CLOSED,0,5,15,0,2,api,cloud,
2026-08-18T09:19:00,2026-08-18T14:19:00.024Z,2026-08-18,09:19,Tue,EMPTY_CLOSED,0,5,15,0,2,api,cloud,
2026-08-18T09:20:00,2026-08-18T14:20:00.015Z,2026-08-18,09:20,Tue,EMPTY_CLOSED,0,5,15,0,2,api,cloud,
2026-08-18T09:21:00,2026-08-18T14:21:00.028Z,2026-08-18,09:21,Tue,EMPTY_CLOSED,0,5,15,0,2,api,cloud,
2026-08-18T09:22:00,2026-08-18T14:22:00.015Z,2026-08-18,09:22,Tue,EMPTY_CLOSED,0,5,15,0,2,api,cloud,
2026-08-18T09:23:00,2026-08-18T14:23:00.028Z,2026-08-18,09:23,Tue,EMPTY_CLOSED,0,5,15,0,2,api,cloud,
2026-08-18T09:24:00,2026-08-18T14:24:00.028Z,2026-08-18,09:24,Tue,EMPTY_CLOSED,0,5,15,0,2,api,cloud,
2026-08-18T09:25:00,2026-08-18T14:25:00.028Z,2026-08-18,09:25,Tue,EMPTY_CLOSED,0,5,15,0,2,api,cloud,
2026-08-18T09:26:00,2026-08-18T14:26:00.028Z,2026-08-18,09:26,Tue,EMPTY_CLOSED,0,5,15,0,2,api,cloud,
2026-08-18T09:27:00,2026-08-18T14:27:00.029Z,2026-08-18,09:27,Tue,EMPTY_CLOSED,0,5,15,0,2,api,cloud,
2026-08-18T09:28:00,2026-08-18T14:28:00.029Z,2026-08-18,09:28,Tue,EMPTY_CLOSED,0,5,15,0,2,api,cloud,
2026-08-18T09:29:00,2026-08-18T14:29:00.009Z,2026-08-18,09:29,Tue,EMPTY_CLOSED,0,5,15,0,2,api,cloud,
2026-08-18T09:30:00,2026-08-18T14:30:00.014Z,2026-08-18,09:30,Tue,EMPTY_CLOSED,0,5,15,0,2,api,cloud,
2026-08-18T09:31:00,2026-08-18T14:31:00.020Z,2026-08-18,09:31,Tue,EMPTY_CLOSED,0,5,15,0,2,api,cloud,
2026-08-18T09:32:00,2026-08-18T14:32:00.015Z,2026-08-18,09:32,Tue,EMPTY_CLOSED,0,5,15,0,2,api,cloud,
2026-08-18T09:33:00,2026-08-18T14:33:00.019Z,2026-08-18,09:33,Tue,EMPTY_CLOSED,0,5,15,0,2,api,cloud,
2026-08-18T09:34:00,2026-08-18T14:34:00.028Z,2026-08-18,09:34,Tue,EMPTY_CLOSED,0,5,15,0,2,api,cloud,
2026-08-18T09:35:00,2026-08-18T14:35:00.028Z,2026-08-18,09:35,Tue,OPEN,1,5,15,10.0,2,api,cloud,
2026-08-18T09:36:00,2026-08-18T14:36:00.003Z,2026-08-18,09:36,Tue,EMPTY_CLOSED,0,5,15,0,2,api,cloud,
2026-08-18T09:37:00,2026-08-18T14:37:00.028Z,2026-08-18,09:37,Tue,EMPTY_CLOSED,0,5,15,0,2,api,cloud,
2026-08-18T09:38:00,2026-08-18T14:38:00.018Z,2026-08-18,09:38,Tue,EMPTY_CLOSED,0,5,15,0,2,api,cloud,
2026-08-18T09:39:00,2026-08-18T14:39:00.007Z,2026-08-18,09:39,Tue,EMPTY_CLOSED,0,5,15,0,2,api,cloud,
2026-08-18T09:40:00,2026-08-18T14:40:00.011Z,2026-08-18,09:40,Tue,EMPTY_CLOSED,0,5,15,0,2,api,cloud,
2026-08-18T09:41:00,2026-08-18T14:41:00.026Z,2026-08-18,09:41,Tue,EMPTY_CLOSED,0,5,15,0,2,api,cloud,
2026-08-18T09:42:00,2026-08-18T14:42:00.007Z,2026-08-18,09:42,Tue,EMPTY_CLOSED,0,5,15,0,2,api,cloud,
2026-08-18T09:43:00,2026-08-18T14:43:00.017Z,2026-08-18,09:43,Tue,EMPTY_CLOSED,0,5,15,0,2,api,cloud,
2026-08-18T09:44:00,2026-08-18T14:44:00.015Z,2026-08-18,09:44,Tue,EMPTY_CLOSED,0,5,15,0,2,api,cloud,
2026-08-18T09:45:00,2026-08-18T14:45:00.029Z,2026-08-18,09:45,Tue,EMPTY_CLOSED,0,5,15,0,2,api,cloud,
2026-08-18T09:46:00,2026-08-18T14:46:00.029Z,2026-08-18,09:46,Tue,EMPTY_CLOSED,0,5,15,0,2,api,cloud,
2026-08-18T09:47:00,2026-08-18T14:47:00.028Z,2026-08-18,09:47,Tue,EMPTY_CLOSED,0,5,15,0,2,api,cloud,
2026-08-18T09:48:00,2026-08-18T14:48:00.000Z,2026-08-18,09:48,Tue,EMPTY_CLOSED,0,5,15,0,2,api,cloud,
2026-08-18T09:49:00,2026-08-18T14:49:00.029Z,2026-08-18,09:49,Tue,EMPTY_CLOSED,0,5,15,0,2,api,cloud,
2026-08-18T09:50:00,2026-08-18T14:50:00.028Z,2026-08-18,09:50,Tue,EMPTY_CLOSED,0,5,15,0,2,api,cloud,
2026-08-18T09:51:00,2026-08-18T14:51:00.029Z,2026-08-18,09:51,Tue,EMPTY_CLOSED,0,5,15,0,2,api,cloud,
2026-08-18T09:52:00,2026-08-18T14:52:00.029Z,2026-08-18,09:52,Tue,EMPTY_CLOSED,0,5,15,0,2,api,cloud,
2026-08-18T09:53:00,2026-08-18T14:53:00.027Z,2026-08-18,09:53,Tue,EMPTY_CLOSED,0,5,15,0,2,api,cloud,
2026-08-18T09:54:00,2026-08-18T14:54:00.023Z,2026-08-18,09:54,Tue,EMPTY_CLOSED,0,5,15,0,2,api,cloud,
2026-08-18T09:55:00,2026-08-18T14:55:00.029Z,2026-08-18,09:55,Tue,EMPTY_CLOSED,0,5,15,0,2,api,cloud,
2026-08-18T09:56:00,2026-08-18T14:56:00.015Z,2026-08-18,09:56,Tue,EMPTY_CLOSED,0,5,15,0,2,api,cloud,
2026-08-18T09:57:00,2026-08-18T14:57:00.019Z,2026-08-18,09:57,Tue,EMPTY_CLOSED,0,5,15,0,2,api,cloud,
2026-08-18T09:58:00,2026-08-18T14:58:00.029Z,2026-08-18,09:58,Tue,EMPTY_CLOSED,0,5,15,0,2,api,cloud,
2026-08-18T09:59:00,2026-08-18T14:59:00.027Z,2026-08-18,09:59,Tue,EMPTY_CLOSED,0,5,15,0,2,api,cloud,
2026-08-18T10:00:00,2026-08-18T15:00:00.020Z,2026-08-18,10:00,Tue,EMPTY_CLOSED,0,5,15,0,2,api,cloud,
2026-08-18T10:01:00,2026-08-18T15:01:00.030Z,2026-08-18,10:01,Tue,EMPTY_CLOSED,0,5,15,0,2,api,cloud,
2026-08-18T10:02:00,2026-08-18T15:02:00.017Z,2026-08-18,10:02,Tue,EMPTY_CLOSED,0,5,15,0,2,api,cloud,
2026-08-18T10:03:00,2026-08-18T15:03:00.007Z,2026-08-18,10:03,Tue,EMPTY_CLOSED,0,5,15,0,2,api,cloud,
2026-08-18T10:04:00,2026-08-18T15:04:00.024Z,2026-08-18,10:04,Tue,EMPTY_CLOSED,0,5,15,0,2,api,cloud,
2026-08-18T10:05:00,2026-08-18T15:05:00.007Z,2026-08-18,10:05,Tue,EMPTY_CLOSED,0,5,15,0,2,api,cloud,
2026-08-18T10:06:00,2026-08-18T15:06:00.029Z,2026-08-18,10:06,Tue,EMPTY_CLOSED,0,5,15,0,2,api,cloud,
2026-08-18T10:07:00,2026-08-18T15:07:00.027Z,2026-08-18,10:07,Tue,EMPTY_CLOSED,0,5,15,0,2,api,cloud,
2026-08-18T10:08:00,2026-08-18T15:08:00.028Z,2026-08-18,10:08,Tue,EMPTY_CLOSED,0,5,15,0,2,api,cloud,
2026-08-18T10:09:00,2026-08-18T15:09:00.027Z,2026-08-18,10:09,Tue,EMPTY_CLOSED,0,5,15,0,2,api,cloud,
2026-08-18T10:10:00,2026-08-18T15:10:00.029Z,2026-08-18,10:10,Tue,EMPTY_CLOSED,0,5,15,0,2,api,cloud,
2026-08-18T10:11:00,2026-08-18T15:11:00.028Z,2026-08-18,10:11,Tue,EMPTY_CLOSED,0,5,15,0,2,api,cloud,
2026-08-18T10:12:00,2026-08-18T15:12:00.021Z,2026-08-18,10:12,Tue,EMPTY_CLOSED,0,5,15,0,2,api,cloud,
2026-08-18T10:13:00,2026-08-18T15:13:00.029Z,2026-08-18,10:13,Tue,EMPTY_CLOSED,0,5,15,0,2,api,cloud,
2026-08-18T10:14:00,2026-08-18T15:14:00.028Z,2026-08-18,10:14,Tue,EMPTY_CLOSED,0,5,15,0,2,api,cloud,
2026-08-18T10:15:00,2026-08-18T15:15:00.029Z,2026-08-18,10:15,Tue,EMPTY_CLOSED,0,5,15,0,2,api,cloud,
2026-08-18T10:16:00,2026-08-18T15:16:00.015Z,2026-08-18,10:16,Tue,EMPTY_CLOSED,0,5,15,0,2,api,cloud,
2026-08-18T10:17:00,2026-08-18T15:17:00.029Z,2026-08-18,10:17,Tue,EMPTY_CLOSED,0,5,15,0,2,api,cloud,
2026-08-18T10:18:00,2026-08-18T15:18:00.011Z,2026-08-18,10:18,Tue,EMPTY_CLOSED,0,5,15,0,2,api,cloud,
2026-08-18T10:19:00,2026-08-18T15:19:00.015Z,2026-08-18,10:19,Tue,EMPTY_CLOSED,0,5,15,0,2,api,cloud,
2026-08-18T10:20:00,2026-08-18T15:20:00.028Z,2026-08-18,10:20,Tue,EMPTY_CLOSED,0,5,15,0,2,api,cloud,
2026-08-18T10:21:00,2026-08-18T15:21:00.029Z,2026-08-18,10:21,Tue,EMPTY_CLOSED,0,5,15,0,2,api,cloud,
2026-08-18T10:22:00,2026-08-18T15:22:00.028Z,2026-08-18,10:22,Tue,EMPTY_CLOSED,0,5,15,0,2,api,cloud,
2026-08-18T10:23:00,2026-08-18T15:23:00.025Z,2026-08-18,10:23,Tue,EMPTY_CLOSED,0,5,15,0,2,api,cloud,
2026-08-18T10:24:00,2026-08-18T15:24:00.007Z,2026-08-18,10:24,Tue,EMPTY_CLOSED,0,5,15,0,2,api,cloud,
2026-08-18T10:25:00,2026-08-18T15:25:00.029Z,2026-08-18,10:25,Tue,EMPTY_CLOSED,0,5,15,0,2,api,cloud,
2026-08-18T10:26:00,2026-08-18T15:26:00.027Z,2026-08-18,10:26,Tue,EMPTY_CLOSED,0,5,15,0,2,api,cloud,
2026-08-18T10:27:00,2026-08-18T15:27:00.029Z,2026-08-18,10:27,Tue,EMPTY_CLOSED,0,5,15,0,2,api,cloud,
2026-08-18T10:28:00,2026-08-18T15:28:00.029Z,2026-08-18,10:28,Tue,EMPTY_CLOSED,0,5,15,0,2,api,cloud,
2026-08-18T10:29:00,2026-08-18T15:29:00.029Z,2026-08-18,10:29,Tue,EMPTY_CLOSED,0,5,15,0,2,api,cloud,
2026-08-18T10:48:12,2026-08-18T15:48:12.663Z,2026-08-18,10:48,Tue,EMPTY_CLOSED,0,5,15,0,2,api,cloud,
2026-08-18T10:49:00,2026-08-18T15:49:00.013Z,2026-08-18,10:49,Tue,EMPTY_CLOSED,0,5,15,0,2,api,cloud,
2026-08-18T10:50:00,2026-08-18T15:50:00.028Z,2026-08-18,10:50,Tue,EMPTY_CLOSED,0,5,15,0,2,api,cloud,
2026-08-18T10:51:00,2026-08-18T15:51:00.043Z,2026-08-18,10:51,Tue,EMPTY_CLOSED,0,5,15,0,2,api,cloud,
2026-08-18T10:52:00,2026-08-18T15:52:00.044Z,2026-08-18,10:52,Tue,EMPTY_CLOSED,0,5,15,0,2,api,cloud,
2026-08-18T10:53:00,2026-08-18T15:53:00.035Z,2026-08-18,10:53,Tue,EMPTY_CLOSED,0,5,15,0,2,api,cloud,
2026-08-18T10:54:00,2026-08-18T15:54:00.044Z,2026-08-18,10:54,Tue,EMPTY_CLOSED,0,5,15,0,2,api,cloud,
2026-08-18T10:55:00,2026-08-18T15:55:00.044Z,2026-08-18,10:55,Tue,EMPTY_CLOSED,0,5,15,0,2,api,cloud,
2026-08-18T10:56:00,2026-08-18T15:56:00.045Z,2026-08-18,10:56,Tue,EMPTY_CLOSED,0,5,15,0,2,api,cloud,
2026-08-18T10:57:00,2026-08-18T15:57:00.042Z,2026-08-18,10:57,Tue,EMPTY_CLOSED,0,5,15,0,2,api,cloud,
2026-08-18T10:58:00,2026-08-18T15:58:00.017Z,2026-08-18,10:58,Tue,EMPTY_CLOSED,0,5,15,0,2,api,cloud,
2026-08-18T10:59:00,2026-08-18T15:59:00.043Z,2026-08-18,10:59,Tue,EMPTY_CLOSED,0,5,15,0,2,api,cloud,
2026-08-18T11:00:00,2026-08-18T16:00:00.017Z,2026-08-18,11:00,Tue,EMPTY_CLOSED,0,5,15,0,2,api,cloud,
2026-08-18T11:01:00,2026-08-18T16:01:00.044Z,2026-08-18,11:01,Tue,EMPTY_CLOSED,0,5,15,0,2,api,cloud,
2026-08-18T11:02:00,2026-08-18T16:02:00.044Z,2026-08-18,11:02,Tue,EMPTY_CLOSED,0,5,15,0,2,api,cloud,
2026-08-18T11:03:00,2026-08-18T16:03:00.025Z,2026-08-18,11:03,Tue,EMPTY_CLOSED,0,5,15,0,2,api,cloud,
2026-08-18T11:04:00,2026-08-18T16:04:00.029Z,2026-08-18,11:04,Tue,EMPTY_CLOSED,0,5,15,0,2,api,cloud,
2026-08-18T11:05:00,2026-08-18T16:05:00.021Z,2026-08-18,11:05,Tue,EMPTY_CLOSED,0,5,15,0,2,api,cloud,
2026-08-18T11:06:00,2026-08-18T16:06:00.043Z,2026-08-18,11:06,Tue,EMPTY_CLOSED,0,5,15,0,2,api,cloud,
2026-08-18T11:07:00,2026-08-18T16:07:00.009Z,2026-08-18,11:07,Tue,EMPTY_CLOSED,0,5,15,0,2,api,cloud,
2026-08-18T11:08:00,2026-08-18T16:08:00.013Z,2026-08-18,11:08,Tue,EMPTY_CLOSED,0,5,15,0,2,api,cloud,
2026-08-18T11:09:00,2026-08-18T16:09:00.044Z,2026-08-18,11:09,Tue,EMPTY_CLOSED,0,5,15,0,2,api,cloud,
2026-08-18T11:10:00,2026-08-18T16:10:00.029Z,2026-08-18,11:10,Tue,EMPTY_CLOSED,0,5,15,0,2,api,cloud,
2026-08-18T11:11:00,2026-08-18T16:11:00.041Z,2026-08-18,11:11,Tue,EMPTY_CLOSED,0,5,15,0,2,api,cloud,
2026-08-18T11:12:00,2026-08-18T16:12:00.045Z,2026-08-18,11:12,Tue,EMPTY_CLOSED,0,5,15,0,2,api,cloud,
2026-08-18T11:13:00,2026-08-18T16:13:00.030Z,2026-08-18,11:13,Tue,EMPTY_CLOSED,0,5,15,0,2,api,cloud,
2026-08-18T11:14:00,2026-08-18T16:14:00.034Z,2026-08-18,11:14,Tue,EMPTY_CLOSED,0,5,15,0,2,api,cloud,
2026-08-18T11:15:00,2026-08-18T16:15:00.038Z,2026-08-18,11:15,Tue,OPEN,1,5,15,10.0,2,api,cloud,
2026-08-18T11:16:00,2026-08-18T16:16:00.045Z,2026-08-18,11:16,Tue,OPEN,3,10,20,15.0,2,api,cloud,
2026-08-18T11:17:00,2026-08-18T16:17:00.045Z,2026-08-18,11:17,Tue,OPEN,3,10,20,15.0,2,api,cloud,
2026-08-18T11:18:00,2026-08-18T16:18:00.017Z,2026-08-18,11:18,Tue,OPEN,3,10,20,15.0,2,api,cloud,
2026-08-18T11:19:00,2026-08-18T16:19:00.008Z,2026-08-18,11:19,Tue,OPEN,3,10,20,15.0,2,api,cloud,
2026-08-18T11:20:00,2026-08-18T16:20:00.011Z,2026-08-18,11:20,Tue,OPEN,2,10,20,15.0,2,api,cloud,
2026-08-18T11:21:00,2026-08-18T16:21:00.015Z,2026-08-18,11:21,Tue,OPEN,2,10,20,15.0,2,api,cloud,
2026-08-18T11:22:00,2026-08-18T16:22:00.044Z,2026-08-18,11:22,Tue,OPEN,2,10,20,15.0,2,api,cloud,
2026-08-18T11:23:00,2026-08-18T16:23:00.043Z,2026-08-18,11:23,Tue,OPEN,2,10,20,15.0,2,api,cloud,
2026-08-18T11:24:00,2026-08-18T16:24:00.009Z,2026-08-18,11:24,Tue,OPEN,1,5,15,10.0,2,api,cloud,
2026-08-18T11:25:00,2026-08-18T16:25:00.044Z,2026-08-18,11:25,Tue,OPEN,3,10,20,15.0,2,api,cloud,
2026-08-18T11:26:00,2026-08-18T16:26:00.025Z,2026-08-18,11:26,Tue,OPEN,2,10,20,15.0,2,api,cloud,
2026-08-18T11:27:00,2026-08-18T16:27:00.031Z,2026-08-18,11:27,Tue,OPEN,1,5,15,10.0,2,api,cloud,
2026-08-18T11:28:00,2026-08-18T16:28:00.044Z,2026-08-18,11:28,Tue,OPEN,1,5,15,10.0,2,api,cloud,
2026-08-18T11:29:00,2026-08-18T16:29:00.028Z,2026-08-18,11:29,Tue,EMPTY_CLOSED,0,5,15,0,2,api,cloud,
2026-08-18T11:30:00,2026-08-18T16:30:00.017Z,2026-08-18,11:30,Tue,EMPTY_CLOSED,0,5,15,0,2,api,cloud,
2026-08-18T11:31:00,2026-08-18T16:31:00.021Z,2026-08-18,11:31,Tue,EMPTY_CLOSED,0,5,15,0,2,api,cloud,
2026-08-18T11:32:00,2026-08-18T16:32:00.045Z,2026-08-18,11:32,Tue,EMPTY_CLOSED,0,5,15,0,2,api,cloud,
2026-08-18T11:33:00,2026-08-18T16:33:00.009Z,2026-08-18,11:33,Tue,EMPTY_CLOSED,0,5,15,0,2,api,cloud,
2026-08-18T11:34:00,2026-08-18T16:34:00.014Z,2026-08-18,11:34,Tue,EMPTY_CLOSED,0,5,15,0,2,api,cloud,
2026-08-18T11:35:00,2026-08-18T16:35:00.025Z,2026-08-18,11:35,Tue,EMPTY_CLOSED,0,5,15,0,2,api,cloud,
2026-08-18T11:36:00,2026-08-18T16:36:00.005Z,2026-08-18,11:36,Tue,EMPTY_CLOSED,0,5,15,0,2,api,cloud,
2026-08-18T11:37:00,2026-08-18T16:37:00.041Z,2026-08-18,11:37,Tue,EMPTY_CLOSED,0,5,15,0,2,api,cloud,
2026-08-18T11:38:00,2026-08-18T16:38:00.036Z,2026-08-18,11:38,Tue,EMPTY_CLOSED,0,5,15,0,2,api,cloud,
2026-08-18T11:39:00,2026-08-18T16:39:00.029Z,2026-08-18,11:39,Tue,EMPTY_CLOSED,0,5,15,0,2,api,cloud,
2026-08-18T11:40:00,2026-08-18T16:40:00.033Z,2026-08-18,11:40,Tue,EMPTY_CLOSED,0,5,15,0,2,api,cloud,
2026-08-18T11:41:00,2026-08-18T16:41:00.023Z,2026-08-18,11:41,Tue,EMPTY_CLOSED,0,5,15,0,2,api,cloud,
2026-08-18T11:42:00,2026-08-18T16:42:00.044Z,2026-08-18,11:42,Tue,EMPTY_CLOSED,0,5,15,0,2,api,cloud,
2026-08-18T11:43:00,2026-08-18T16:43:00.043Z,2026-08-18,11:43,Tue,EMPTY_CLOSED,0,5,15,0,2,api,cloud,
2026-08-18T11:44:00,2026-08-18T16:44:00.044Z,2026-08-18,11:44,Tue,EMPTY_CLOSED,0,5,15,0,2,api,cloud,
2026-08-18T11:45:00,2026-08-18T16:45:00.044Z,2026-08-18,11:45,Tue,EMPTY_CLOSED,0,5,15,0,2,api,cloud,
2026-08-18T11:46:00,2026-08-18T16:46:00.009Z,2026-08-18,11:46,Tue,EMPTY_CLOSED,0,5,15,0,2,api,cloud,
2026-08-18T11:47:00,2026-08-18T16:47:00.044Z,2026-08-18,11:47,Tue,EMPTY_CLOSED,0,5,15,0,2,api,cloud,
2026-08-18T11:48:00,2026-08-18T16:48:00.044Z,2026-08-18,11:48,Tue,EMPTY_CLOSED,0,5,15,0,2,api,cloud,
2026-08-18T11:49:00,2026-08-18T16:49:00.044Z,2026-08-18,11:49,Tue,EMPTY_CLOSED,0,5,15,0,2,api,cloud,
2026-08-18T11:50:00,2026-08-18T16:50:00.017Z,2026-08-18,11:50,Tue,EMPTY_CLOSED,0,5,15,0,2,api,cloud,
2026-08-18T11:51:00,2026-08-18T16:51:00.023Z,2026-08-18,11:51,Tue,EMPTY_CLOSED,0,5,15,0,2,api,cloud,
2026-08-18T11:52:00,2026-08-18T16:52:00.044Z,2026-08-18,11:52,Tue,EMPTY_CLOSED,0,5,15,0,2,api,cloud,
2026-08-18T11:53:00,2026-08-18T16:53:00.035Z,2026-08-18,11:53,Tue,EMPTY_CLOSED,0,5,15,0,2,api,cloud,
2026-08-18T11:54:00,2026-08-18T16:54:00.044Z,2026-08-18,11:54,Tue,EMPTY_CLOSED,0,5,15,0,2,api,cloud,
2026-08-18T11:55:00,2026-08-18T16:55:00.044Z,2026-08-18,11:55,Tue,EMPTY_CLOSED,0,5,15,0,2,api,cloud,
2026-08-18T11:56:00,2026-08-18T16:56:00.001Z,2026-08-18,11:56,Tue,EMPTY_CLOSED,0,5,15,0,2,api,cloud,
2026-08-18T11:57:00,2026-08-18T16:57:00.038Z,2026-08-18,11:57,Tue,EMPTY_CLOSED,0,5,15,0,2,api,cloud,
2026-08-18T11:58:00,2026-08-18T16:58:00.031Z,2026-08-18,11:58,Tue,EMPTY_CLOSED,0,5,15,0,2,api,cloud,
2026-08-18T11:59:00,2026-08-18T16:59:00.038Z,2026-08-18,11:59,Tue,EMPTY_CLOSED,0,5,15,0,2,api,cloud,
2026-08-18T12:00:00,2026-08-18T17:00:00.017Z,2026-08-18,12:00,Tue,EMPTY_CLOSED,0,5,15,0,2,api,cloud,
2026-08-18T12:01:00,2026-08-18T17:01:00.025Z,2026-08-18,12:01,Tue,EMPTY_CLOSED,0,5,15,0,2,api,cloud,
2026-08-18T12:02:00,2026-08-18T17:02:00.015Z,2026-08-18,12:02,Tue,EMPTY_CLOSED,0,5,15,0,2,api,cloud,
2026-08-18T12:03:00,2026-08-18T17:03:00.041Z,2026-08-18,12:03,Tue,EMPTY_CLOSED,0,5,15,0,2,api,cloud,
2026-08-18T12:04:00,2026-08-18T17:04:00.043Z,2026-08-18,12:04,Tue,EMPTY_CLOSED,0,5,15,0,2,api,cloud,
2026-08-18T12:05:00,2026-08-18T17:05:00.044Z,2026-08-18,12:05,Tue,EMPTY_CLOSED,0,5,15,0,2,api,cloud,
2026-08-18T12:06:00,2026-08-18T17:06:00.043Z,2026-08-18,12:06,Tue,EMPTY_CLOSED,0,5,15,0,2,api,cloud,
2026-08-18T12:07:00,2026-08-18T17:07:00.044Z,2026-08-18,12:07,Tue,EMPTY_CLOSED,0,5,15,0,2,api,cloud,
2026-08-18T12:08:00,2026-08-18T17:08:00.044Z,2026-08-18,12:08,Tue,EMPTY_CLOSED,0,5,15,0,2,api,cloud,
2026-08-18T12:09:00,2026-08-18T17:09:00.044Z,2026-08-18,12:09,Tue,EMPTY_CLOSED,0,5,15,0,2,api,cloud,
2026-08-18T12:10:00,2026-08-18T17:10:00.017Z,2026-08-18,12:10,Tue,EMPTY_CLOSED,0,5,15,0,2,api,cloud,
2026-08-18T12:11:00,2026-08-18T17:11:00.025Z,2026-08-18,12:11,Tue,EMPTY_CLOSED,0,5,15,0,2,api,cloud,
2026-08-18T12:12:00,2026-08-18T17:12:00.043Z,2026-08-18,12:12,Tue,EMPTY_CLOSED,0,5,15,0,2,api,cloud,
2026-08-18T12:13:00,2026-08-18T17:13:00.041Z,2026-08-18,12:13,Tue,EMPTY_CLOSED,0,5,15,0,2,api,cloud,
2026-08-18T12:14:00,2026-08-18T17:14:00.005Z,2026-08-18,12:14,Tue,EMPTY_CLOSED,0,5,15,0,2,api,cloud,
2026-08-18T12:15:00,2026-08-18T17:15:00.044Z,2026-08-18,12:15,Tue,EMPTY_CLOSED,0,5,15,0,2,api,cloud,
2026-08-18T12:16:00,2026-08-18T17:16:00.041Z,2026-08-18,12:16,Tue,EMPTY_CLOSED,0,5,15,0,2,api,cloud,
2026-08-18T12:17:00,2026-08-18T17:17:00.031Z,2026-08-18,12:17,Tue,EMPTY_CLOSED,0,5,15,0,2,api,cloud,
2026-08-18T12:18:00,2026-08-18T17:18:00.038Z,2026-08-18,12:18,Tue,EMPTY_CLOSED,0,5,15,0,2,api,cloud,
2026-08-18T12:19:00,2026-08-18T17:19:00.042Z,2026-08-18,12:19,Tue,EMPTY_CLOSED,0,5,15,0,2,api,cloud,
2026-08-18T12:20:00,2026-08-18T17:20:00.019Z,2026-08-18,12:20,Tue,EMPTY_CLOSED,0,5,15,0,2,api,cloud,
2026-08-18T12:21:00,2026-08-18T17:21:00.010Z,2026-08-18,12:21,Tue,EMPTY_CLOSED,0,5,15,0,2,api,cloud,
2026-08-18T12:22:00,2026-08-18T17:22:00.014Z,2026-08-18,12:22,Tue,EMPTY_CLOSED,0,5,15,0,2,api,cloud,
2026-08-18T12:23:00,2026-08-18T17:23:00.043Z,2026-08-18,12:23,Tue,EMPTY_CLOSED,0,5,15,0,2,api,cloud,
2026-08-18T12:24:00,2026-08-18T17:24:00.013Z,2026-08-18,12:24,Tue,EMPTY_CLOSED,0,5,15,0,2,api,cloud,
2026-08-18T12:25:00,2026-08-18T17:25:00.017Z,2026-08-18,12:25,Tue,EMPTY_CLOSED,0,5,15,0,2,api,cloud,
2026-08-18T12:26:00,2026-08-18T17:26:00.017Z,2026-08-18,12:26,Tue,EMPTY_CLOSED,0,5,15,0,2,api,cloud,
2026-08-18T12:27:00,2026-08-18T17:27:00.025Z,2026-08-18,12:27,Tue,EMPTY_CLOSED,0,5,15,0,2,api,cloud,
2026-08-18T12:28:00,2026-08-18T17:28:00.029Z,2026-08-18,12:28,Tue,EMPTY_CLOSED,0,5,15,0,2,api,cloud,
2026-08-18T12:29:00,2026-08-18T17:29:00.044Z,2026-08-18,12:29,Tue,EMPTY_CLOSED,0,5,15,0,2,api,cloud,
2026-08-18T12:30:00,2026-08-18T17:30:00.040Z,2026-08-18,12:30,Tue,EMPTY_CLOSED,0,5,15,0,2,api,cloud,
2026-08-18T12:31:00,2026-08-18T17:31:00.044Z,2026-08-18,12:31,Tue,EMPTY_CLOSED,0,5,15,0,2,api,cloud,
2026-08-18T12:32:00,2026-08-18T17:32:00.009Z,2026-08-18,12:32,Tue,EMPTY_CLOSED,0,5,15,0,2,api,cloud,
2026-08-18T12:33:00,2026-08-18T17:33:00.002Z,2026-08-18,12:33,Tue,EMPTY_CLOSED,0,5,15,0,2,api,cloud,
2026-08-18T12:34:00,2026-08-18T17:34:00.017Z,2026-08-18,12:34,Tue,EMPTY_CLOSED,0,5,15,0,2,api,cloud,
2026-08-18T12:35:00,2026-08-18T17:35:00.003Z,2026-08-18,12:35,Tue,EMPTY_CLOSED,0,5,15,0,2,api,cloud,
2026-08-18T12:36:00,2026-08-18T17:36:00.044Z,2026-08-18,12:36,Tue,EMPTY_CLOSED,0,5,15,0,2,api,cloud,
2026-08-18T12:37:00,2026-08-18T17:37:00.039Z,2026-08-18,12:37,Tue,EMPTY_CLOSED,0,5,15,0,2,api,cloud,
2026-08-18T12:38:00,2026-08-18T17:38:00.037Z,2026-08-18,12:38,Tue,EMPTY_CLOSED,0,5,15,0,2,api,cloud,
2026-08-18T12:39:00,2026-08-18T17:39:00.001Z,2026-08-18,12:39,Tue,EMPTY_CLOSED,0,5,15,0,2,api,cloud,
2026-08-18T12:40:00,2026-08-18T17:40:00.040Z,2026-08-18,12:40,Tue,EMPTY_CLOSED,0,5,15,0,2,api,cloud,
2026-08-18T12:41:00,2026-08-18T17:41:00.044Z,2026-08-18,12:41,Tue,EMPTY_CLOSED,0,5,15,0,2,api,cloud,
2026-08-18T12:42:00,2026-08-18T17:42:00.038Z,2026-08-18,12:42,Tue,EMPTY_CLOSED,0,5,15,0,2,api,cloud,
2026-08-18T12:43:00,2026-08-18T17:43:00.027Z,2026-08-18,12:43,Tue,EMPTY_CLOSED,0,5,15,0,2,api,cloud,
2026-08-18T12:44:00,2026-08-18T17:44:00.040Z,2026-08-18,12:44,Tue,EMPTY_CLOSED,0,5,15,0,2,api,cloud,
2026-08-18T12:45:00,2026-08-18T17:45:00.024Z,2026-08-18,12:45,Tue,EMPTY_CLOSED,0,5,15,0,2,api,cloud,
2026-08-18T12:46:00,2026-08-18T17:46:00.044Z,2026-08-18,12:46,Tue,EMPTY_CLOSED,0,5,15,0,2,api,cloud,
2026-08-18T12:47:00,2026-08-18T17:47:00.031Z,2026-08-18,12:47,Tue,EMPTY_CLOSED,0,5,15,0,2,api,cloud,
2026-08-18T12:48:00,2026-08-18T17:48:00.045Z,2026-08-18,12:48,Tue,EMPTY_CLOSED,0,5,15,0,2,api,cloud,
2026-08-18T12:49:00,2026-08-18T17:49:00.039Z,2026-08-18,12:49,Tue,EMPTY_CLOSED,0,5,15,0,2,api,cloud,
2026-08-18T12:50:00,2026-08-18T17:50:00.043Z,2026-08-18,12:50,Tue,EMPTY_CLOSED,0,5,15,0,2,api,cloud,
2026-08-18T12:51:00,2026-08-18T17:51:00.009Z,2026-08-18,12:51,Tue,EMPTY_CLOSED,0,5,15,0,2,api,cloud,
2026-08-18T12:52:00,2026-08-18T17:52:00.043Z,2026-08-18,12:52,Tue,EMPTY_CLOSED,0,5,15,0,2,api,cloud,
2026-08-18T12:53:00,2026-08-18T17:53:00.025Z,2026-08-18,12:53,Tue,EMPTY_CLOSED,0,5,15,0,2,api,cloud,
2026-08-18T12:54:00,2026-08-18T17:54:00.028Z,2026-08-18,12:54,Tue,EMPTY_CLOSED,0,5,15,0,2,api,cloud,
2026-08-18T12:55:00,2026-08-18T17:55:00.043Z,2026-08-18,12:55,Tue,EMPTY_CLOSED,0,5,15,0,2,api,cloud,
2026-08-18T12:56:00,2026-08-18T17:56:00.044Z,2026-08-18,12:56,Tue,EMPTY_CLOSED,0,5,15,0,2,api,cloud,
2026-08-18T12:57:00,2026-08-18T17:57:00.044Z,2026-08-18,12:57,Tue,EMPTY_CLOSED,0,5,15,0,2,api,cloud,
2026-08-18T12:58:00,2026-08-18T17:58:00.017Z,2026-08-18,12:58,Tue,EMPTY_CLOSED,0,5,15,0,2,api,cloud,
2026-08-18T12:59:00,2026-08-18T17:59:00.027Z,2026-08-18,12:59,Tue,EMPTY_CLOSED,0,5,15,0,2,api,cloud,
2026-08-18T13:00:00,2026-08-18T18:00:00.044Z,2026-08-18,13:00,Tue,EMPTY_CLOSED,0,5,15,0,2,api,cloud,
2026-08-18T13:01:00,2026-08-18T18:01:00.044Z,2026-08-18,13:01,Tue,EMPTY_CLOSED,0,5,15,0,2,api,cloud,
2026-08-18T13:02:00,2026-08-18T18:02:00.033Z,2026-08-18,13:02,Tue,EMPTY_CLOSED,0,5,15,0,2,api,cloud,
2026-08-18T13:03:00,2026-08-18T18:03:00.043Z,2026-08-18,13:03,Tue,EMPTY_CLOSED,0,5,15,0,2,api,cloud,
2026-08-18T13:04:00,2026-08-18T18:04:00.027Z,2026-08-18,13:04,Tue,EMPTY_CLOSED,0,5,15,0,2,api,cloud,
2026-08-18T13:05:00,2026-08-18T18:05:00.044Z,2026-08-18,13:05,Tue,EMPTY_CLOSED,0,5,15,0,2,api,cloud,
2026-08-18T13:06:00,2026-08-18T18:06:00.017Z,2026-08-18,13:06,Tue,EMPTY_CLOSED,0,5,15,0,2,api,cloud,
2026-08-18T13:07:00,2026-08-18T18:07:00.001Z,2026-08-18,13:07,Tue,EMPTY_CLOSED,0,5,15,0,2,api,cloud,
2026-08-18T13:08:00,2026-08-18T18:08:00.041Z,2026-08-18,13:08,Tue,EMPTY_CLOSED,0,5,15,0,2,api,cloud,
2026-08-18T13:09:00,2026-08-18T18:09:00.044Z,2026-08-18,13:09,Tue,EMPTY_CLOSED,0,5,15,0,2,api,cloud,
2026-08-18T13:10:00,2026-08-18T18:10:00.043Z,2026-08-18,13:10,Tue,EMPTY_CLOSED,0,5,15,0,2,api,cloud,
2026-08-18T13:11:00,2026-08-18T18:11:00.044Z,2026-08-18,13:11,Tue,EMPTY_CLOSED,0,5,15,0,2,api,cloud,
2026-08-18T13:12:00,2026-08-18T18:12:00.043Z,2026-08-18,13:12,Tue,EMPTY_CLOSED,0,5,15,0,2,api,cloud,
2026-08-18T13:13:00,2026-08-18T18:13:00.045Z,2026-08-18,13:13,Tue,EMPTY_CLOSED,0,5,15,0,2,api,cloud,
2026-08-18T13:14:00,2026-08-18T18:14:00.043Z,2026-08-18,13:14,Tue,EMPTY_CLOSED,0,5,15,0,2,api,cloud,
2026-08-18T13:15:00,2026-08-18T18:15:00.022Z,2026-08-18,13:15,Tue,EMPTY_CLOSED,0,5,15,0,2,api,cloud,
2026-08-18T13:16:00,2026-08-18T18:16:00.017Z,2026-08-18,13:16,Tue,EMPTY_CLOSED,0,5,15,0,2,api,cloud,
2026-08-18T13:17:00,2026-08-18T18:17:00.009Z,2026-08-18,13:17,Tue,EMPTY_CLOSED,0,5,15,0,2,api,cloud,
2026-08-18T13:18:00,2026-08-18T18:18:00.043Z,2026-08-18,13:18,Tue,EMPTY_CLOSED,0,5,15,0,2,api,cloud,
2026-08-18T13:19:00,2026-08-18T18:19:00.044Z,2026-08-18,13:19,Tue,EMPTY_CLOSED,0,5,15,0,2,api,cloud,
2026-08-18T13:20:00,2026-08-18T18:20:00.038Z,2026-08-18,13:20,Tue,EMPTY_CLOSED,0,5,15,0,2,api,cloud,
2026-08-18T13:21:00,2026-08-18T18:21:00.044Z,2026-08-18,13:21,Tue,EMPTY_CLOSED,0,5,15,0,2,api,cloud,
2026-08-18T13:22:00,2026-08-18T18:22:00.017Z,2026-08-18,13:22,Tue,EMPTY_CLOSED,0,5,15,0,2,api,cloud,
2026-08-18T13:23:00,2026-08-18T18:23:00.009Z,2026-08-18,13:23,Tue,EMPTY_CLOSED,0,5,15,0,2,api,cloud,
2026-08-18T13:24:00,2026-08-18T18:24:00.014Z,2026-08-18,13:24,Tue,EMPTY_CLOSED,0,5,15,0,2,api,cloud,
2026-08-18T13:25:00,2026-08-18T18:25:00.007Z,2026-08-18,13:25,Tue,EMPTY_CLOSED,0,5,15,0,2,api,cloud,
2026-08-18T13:26:00,2026-08-18T18:26:00.039Z,2026-08-18,13:26,Tue,EMPTY_CLOSED,0,5,15,0,2,api,cloud,
2026-08-18T13:27:00,2026-08-18T18:27:00.044Z,2026-08-18,13:27,Tue,EMPTY_CLOSED,0,5,15,0,2,api,cloud,
2026-08-18T13:28:00,2026-08-18T18:28:00.023Z,2026-08-18,13:28,Tue,EMPTY_CLOSED,0,5,15,0,2,api,cloud,
2026-08-18T13:29:00,2026-08-18T18:29:00.045Z,2026-08-18,13:29,Tue,EMPTY_CLOSED,0,5,15,0,2,api,cloud,
2026-08-18T13:30:00,2026-08-18T18:30:00.009Z,2026-08-18,13:30,Tue,EMPTY_CLOSED,0,5,15,0,2,api,cloud,
2026-08-18T13:31:00,2026-08-18T18:31:00.026Z,2026-08-18,13:31,Tue,EMPTY_CLOSED,0,5,15,0,2,api,cloud,
2026-08-18T13:32:00,2026-08-18T18:32:00.043Z,2026-08-18,13:32,Tue,EMPTY_CLOSED,0,5,15,0,2,api,cloud,
2026-08-18T13:33:00,2026-08-18T18:33:00.044Z,2026-08-18,13:33,Tue,EMPTY_CLOSED,0,5,15,0,2,api,cloud,
2026-08-18T13:34:00,2026-08-18T18:34:00.017Z,2026-08-18,13:34,Tue,EMPTY_CLOSED,0,5,15,0,2,api,cloud,
2026-08-18T13:35:00,2026-08-18T18:35:00.044Z,2026-08-18,13:35,Tue,EMPTY_CLOSED,0,5,15,0,2,api,cloud,
2026-08-18T13:36:00,2026-08-18T18:36:00.017Z,2026-08-18,13:36,Tue,EMPTY_CLOSED,0,5,15,0,2,api,cloud,
2026-08-18T13:37:00,2026-08-18T18:37:00.044Z,2026-08-18,13:37,Tue,EMPTY_CLOSED,0,5,15,0,2,api,cloud,
2026-08-18T13:38:00,2026-08-18T18:38:00.023Z,2026-08-18,13:38,Tue,EMPTY_CLOSED,0,5,15,0,2,api,cloud,
2026-08-18T13:39:00,2026-08-18T18:39:00.028Z,2026-08-18,13:39,Tue,EMPTY_CLOSED,0,5,15,0,2,api,cloud,
2026-08-18T13:40:00,2026-08-18T18:40:00.044Z,2026-08-18,13:40,Tue,EMPTY_CLOSED,0,5,15,0,2,api,cloud,
2026-08-18T13:41:00,2026-08-18T18:41:00.044Z,2026-08-18,13:41,Tue,EMPTY_CLOSED,0,5,15,0,2,api,cloud,
2026-08-18T13:42:00,2026-08-18T18:42:00.032Z,2026-08-18,13:42,Tue,EMPTY_CLOSED,0,5,15,0,2,api,cloud,
2026-08-18T13:43:00,2026-08-18T18:43:00.044Z,2026-08-18,13:43,Tue,EMPTY_CLOSED,0,5,15,0,2,api,cloud,
2026-08-18T13:44:00,2026-08-18T18:44:00.044Z,2026-08-18,13:44,Tue,EMPTY_CLOSED,0,5,15,0,2,api,cloud,
2026-08-18T13:45:00,2026-08-18T18:45:00.045Z,2026-08-18,13:45,Tue,EMPTY_CLOSED,0,5,15,0,2,api,cloud,
2026-08-18T13:46:00,2026-08-18T18:46:00.044Z,2026-08-18,13:46,Tue,EMPTY_CLOSED,0,5,15,0,2,api,cloud,
2026-08-18T13:47:00,2026-08-18T18:47:00.041Z,2026-08-18,13:47,Tue,EMPTY_CLOSED,0,5,15,0,2,api,cloud,
2026-08-18T13:48:00,2026-08-18T18:48:00.023Z,2026-08-18,13:48,Tue,EMPTY_CLOSED,0,5,15,0,2,api,cloud,
2026-08-18T13:49:00,2026-08-18T18:49:00.044Z,2026-08-18,13:49,Tue,EMPTY_CLOSED,0,5,15,0,2,api,cloud,
2026-08-18T13:50:00,2026-08-18T18:50:00.044Z,2026-08-18,13:50,Tue,EMPTY_CLOSED,0,5,15,0,2,api,cloud,
2026-08-18T13:51:00,2026-08-18T18:51:00.036Z,2026-08-18,13:51,Tue,EMPTY_CLOSED,0,5,15,0,2,api,cloud,
2026-08-18T13:52:00,2026-08-18T18:52:00.036Z,2026-08-18,13:52,Tue,EMPTY_CLOSED,0,5,15,0,2,api,cloud,
2026-08-18T13:53:00,2026-08-18T18:53:00.043Z,2026-08-18,13:53,Tue,EMPTY_CLOSED,0,5,15,0,2,api,cloud,
2026-08-18T13:54:00,2026-08-18T18:54:00.017Z,2026-08-18,13:54,Tue,EMPTY_CLOSED,0,5,15,0,2,api,cloud,
2026-08-18T13:55:00,2026-08-18T18:55:00.044Z,2026-08-18,13:55,Tue,EMPTY_CLOSED,0,5,15,0,2,api,cloud,
2026-08-18T13:56:00,2026-08-18T18:56:00.011Z,2026-08-18,13:56,Tue,EMPTY_CLOSED,0,5,15,0,2,api,cloud,
2026-08-18T13:57:00,2026-08-18T18:57:00.044Z,2026-08-18,13:57,Tue,EMPTY_CLOSED,0,5,15,0,2,api,cloud,
2026-08-18T13:58:00,2026-08-18T18:58:00.025Z,2026-08-18,13:58,Tue,EMPTY_CLOSED,0,5,15,0,2,api,cloud,
2026-08-18T13:59:00,2026-08-18T18:59:00.028Z,2026-08-18,13:59,Tue,EMPTY_CLOSED,0,5,15,0,2,api,cloud,
2026-08-18T14:00:00,2026-08-18T19:00:00.017Z,2026-08-18,14:00,Tue,EMPTY_CLOSED,0,5,15,0,2,api,cloud,
2026-08-18T14:01:00,2026-08-18T19:01:00.044Z,2026-08-18,14:01,Tue,EMPTY_CLOSED,0,5,15,0,2,api,cloud,
2026-08-18T14:02:00,2026-08-18T19:02:00.043Z,2026-08-18,14:02,Tue,EMPTY_CLOSED,0,5,15,0,2,api,cloud,
2026-08-18T14:03:00,2026-08-18T19:03:00.044Z,2026-08-18,14:03,Tue,EMPTY_CLOSED,0,5,15,0,2,api,cloud,
2026-08-18T14:04:00,2026-08-18T19:04:00.035Z,2026-08-18,14:04,Tue,EMPTY_CLOSED,0,5,15,0,2,api,cloud,
2026-08-18T14:05:00,2026-08-18T19:05:00.040Z,2026-08-18,14:05,Tue,EMPTY_CLOSED,0,5,15,0,2,api,cloud,
2026-08-18T14:06:00,2026-08-18T19:06:00.044Z,2026-08-18,14:06,Tue,EMPTY_CLOSED,0,5,15,0,2,api,cloud,
2026-08-18T14:07:00,2026-08-18T19:07:00.033Z,2026-08-18,14:07,Tue,EMPTY_CLOSED,0,5,15,0,2,api,cloud,
2026-08-18T14:08:00,2026-08-18T19:08:00.042Z,2026-08-18,14:08,Tue,EMPTY_CLOSED,0,5,15,0,2,api,cloud,
2026-08-18T14:09:00,2026-08-18T19:09:00.009Z,2026-08-18,14:09,Tue,EMPTY_CLOSED,0,5,15,0,2,api,cloud,
2026-08-18T14:10:00,2026-08-18T19:10:00.043Z,2026-08-18,14:10,Tue,EMPTY_CLOSED,0,5,15,0,2,api,cloud,
2026-08-18T14:11:00,2026-08-18T19:11:00.025Z,2026-08-18,14:11,Tue,EMPTY_CLOSED,0,5,15,0,2,api,cloud,
2026-08-18T14:12:00,2026-08-18T19:12:00.029Z,2026-08-18,14:12,Tue,EMPTY_CLOSED,0,5,15,0,2,api,cloud,
2026-08-18T14:13:00,2026-08-18T19:13:00.044Z,2026-08-18,14:13,Tue,EMPTY_CLOSED,0,5,15,0,2,api,cloud,
2026-08-18T14:14:00,2026-08-18T19:14:00.032Z,2026-08-18,14:14,Tue,EMPTY_CLOSED,0,5,15,0,2,api,cloud,
2026-08-18T14:15:00,2026-08-18T19:15:00.043Z,2026-08-18,14:15,Tue,EMPTY_CLOSED,0,5,15,0,2,api,cloud,
2026-08-18T14:16:00,2026-08-18T19:16:00.017Z,2026-08-18,14:16,Tue,EMPTY_CLOSED,0,5,15,0,2,api,cloud,
2026-08-18T14:17:00,2026-08-18T19:17:00.044Z,2026-08-18,14:17,Tue,EMPTY_CLOSED,0,5,15,0,2,api,cloud,
2026-08-18T14:18:00,2026-08-18T19:18:00.027Z,2026-08-18,14:18,Tue,EMPTY_CLOSED,0,5,15,0,2,api,cloud,
2026-08-18T14:19:00,2026-08-18T19:19:00.041Z,2026-08-18,14:19,Tue,EMPTY_CLOSED,0,5,15,0,2,api,cloud,
2026-08-18T14:20:00,2026-08-18T19:20:00.037Z,2026-08-18,14:20,Tue,EMPTY_CLOSED,0,5,15,0,2,api,cloud,
2026-08-18T14:21:00,2026-08-18T19:21:00.043Z,2026-08-18,14:21,Tue,EMPTY_CLOSED,0,5,15,0,2,api,cloud,
2026-08-18T14:22:00,2026-08-18T19:22:00.009Z,2026-08-18,14:22,Tue,EMPTY_CLOSED,0,5,15,0,2,api,cloud,
2026-08-18T14:23:00,2026-08-18T19:23:00.038Z,2026-08-18,14:23,Tue,EMPTY_CLOSED,0,5,15,0,2,api,cloud,
2026-08-18T14:24:00,2026-08-18T19:24:00.025Z,2026-08-18,14:24,Tue,EMPTY_CLOSED,0,5,15,0,2,api,cloud,
2026-08-18T14:25:00,2026-08-18T19:25:00.001Z,2026-08-18,14:25,Tue,EMPTY_CLOSED,0,5,15,0,2,api,cloud,
2026-08-18T14:26:00,2026-08-18T19:26:00.017Z,2026-08-18,14:26,Tue,EMPTY_CLOSED,0,5,15,0,2,api,cloud,
2026-08-18T14:27:00,2026-08-18T19:27:00.044Z,2026-08-18,14:27,Tue,EMPTY_CLOSED,0,5,15,0,2,api,cloud,
2026-08-18T14:28:00,2026-08-18T19:28:00.013Z,2026-08-18,14:28,Tue,EMPTY_CLOSED,0,5,15,0,2,api,cloud,
2026-08-18T14:29:00,2026-08-18T19:29:00.017Z,2026-08-18,14:29,Tue,EMPTY_CLOSED,0,5,15,0,2,api,cloud,
2026-08-18T14:30:00,2026-08-18T19:30:00.022Z,2026-08-18,14:30,Tue,EMPTY_CLOSED,0,5,15,0,2,api,cloud,
2026-08-18T14:31:00,2026-08-18T19:31:00.031Z,2026-08-18,14:31,Tue,EMPTY_CLOSED,0,5,15,0,2,api,cloud,
2026-08-18T14:32:00,2026-08-18T19:32:00.041Z,2026-08-18,14:32,Tue,EMPTY_CLOSED,0,5,15,0,2,api,cloud,
2026-08-18T14:33:00,2026-08-18T19:33:00.043Z,2026-08-18,14:33,Tue,EMPTY_CLOSED,0,5,15,0,2,api,cloud,
2026-08-18T14:34:00,2026-08-18T19:34:00.043Z,2026-08-18,14:34,Tue,EMPTY_CLOSED,0,5,15,0,2,api,cloud,
2026-08-18T14:35:00,2026-08-18T19:35:00.009Z,2026-08-18,14:35,Tue,EMPTY_CLOSED,0,5,15,0,2,api,cloud,
2026-08-18T14:36:00,2026-08-18T19:36:00.044Z,2026-08-18,14:36,Tue,EMPTY_CLOSED,0,5,15,0,2,api,cloud,
2026-08-18T14:37:00,2026-08-18T19:37:00.043Z,2026-08-18,14:37,Tue,EMPTY_CLOSED,0,5,15,0,2,api,cloud,
2026-08-18T14:38:00,2026-08-18T19:38:00.044Z,2026-08-18,14:38,Tue,EMPTY_CLOSED,0,5,15,0,2,api,cloud,
2026-08-18T14:39:00,2026-08-18T19:39:00.041Z,2026-08-18,14:39,Tue,EMPTY_CLOSED,0,5,15,0,2,api,cloud,
2026-08-18T14:40:00,2026-08-18T19:40:00.044Z,2026-08-18,14:40,Tue,EMPTY_CLOSED,0,5,15,0,2,api,cloud,
2026-08-18T14:41:00,2026-08-18T19:41:00.004Z,2026-08-18,14:41,Tue,NO_MODULE,,,,,,dom,cloud,waitlist module absent
2026-08-18T14:42:00,2026-08-18T19:42:00.006Z,2026-08-18,14:42,Tue,NO_MODULE,,,,,,dom,cloud,waitlist module absent
2026-08-18T14:43:00,2026-08-18T19:43:00.001Z,2026-08-18,14:43,Tue,NO_MODULE,,,,,,dom,cloud,waitlist module absent
2026-08-18T14:44:00,2026-08-18T19:44:00.004Z,2026-08-18,14:44,Tue,NO_MODULE,,,,,,dom,cloud,waitlist module absent
2026-08-18T14:45:00,2026-08-18T19:45:00.005Z,2026-08-18,14:45,Tue,EMPTY_CLOSED,0,5,15,0,2,api,cloud,
2026-08-18T14:46:00,2026-08-18T19:46:00.009Z,2026-08-18,14:46,Tue,NO_MODULE,,,,,,dom,cloud,waitlist module absent
2026-08-18T14:47:00,2026-08-18T19:47:00.002Z,2026-08-18,14:47,Tue,NO_MODULE,,,,,,dom,cloud,waitlist module absent
2026-08-18T14:48:00,2026-08-18T19:48:00.005Z,2026-08-18,14:48,Tue,EMPTY_CLOSED,0,5,15,0,2,api,cloud,
2026-08-18T14:49:00,2026-08-18T19:49:00.043Z,2026-08-18,14:49,Tue,NO_MODULE,,,,,,dom,cloud,waitlist module absent
2026-08-18T14:50:00,2026-08-18T19:50:00.004Z,2026-08-18,14:50,Tue,NO_MODULE,,,,,,dom,cloud,waitlist module absent
2026-08-18T14:51:00,2026-08-18T19:51:00.004Z,2026-08-18,14:51,Tue,EMPTY_CLOSED,0,5,15,0,2,api,cloud,
2026-08-18T14:52:00,2026-08-18T19:52:00.009Z,2026-08-18,14:52,Tue,EMPTY_CLOSED,0,5,15,0,2,api,cloud,
2026-08-18T14:53:00,2026-08-18T19:53:00.044Z,2026-08-18,14:53,Tue,NO_MODULE,,,,,,dom,cloud,waitlist module absent
2026-08-18T14:54:00,2026-08-18T19:54:00.004Z,2026-08-18,14:54,Tue,NO_MODULE,,,,,,dom,cloud,waitlist module absent
2026-08-18T14:55:00,2026-08-18T19:55:00.004Z,2026-08-18,14:55,Tue,NO_MODULE,,,,,,dom,cloud,waitlist module absent
2026-08-18T14:56:00,2026-08-18T19:56:00.004Z,2026-08-18,14:56,Tue,NO_MODULE,,,,,,dom,cloud,waitlist module absent
2026-08-18T14:57:00,2026-08-18T19:57:00.006Z,2026-08-18,14:57,Tue,NO_MODULE,,,,,,dom,cloud,waitlist module absent
2026-08-18T14:58:00,2026-08-18T19:58:00.004Z,2026-08-18,14:58,Tue,NO_MODULE,,,,,,dom,cloud,waitlist module absent
2026-08-18T14:59:00,2026-08-18T19:59:00.006Z,2026-08-18,14:59,Tue,NO_MODULE,,,,,,dom,cloud,waitlist module absent
2026-08-18T15:00:00,2026-08-18T20:00:00.005Z,2026-08-18,15:00,Tue,NO_MODULE,,,,,,dom,cloud,waitlist module absent
2026-08-18T15:01:00,2026-08-18T20:01:00.004Z,2026-08-18,15:01,Tue,NO_MODULE,,,,,,dom,cloud,waitlist module absent
2026-08-18T15:02:00,2026-08-18T20:02:00.004Z,2026-08-18,15:02,Tue,NO_MODULE,,,,,,dom,cloud,waitlist module absent
2026-08-18T15:03:00,2026-08-18T20:03:00.004Z,2026-08-18,15:03,Tue,NO_MODULE,,,,,,dom,cloud,waitlist module absent
2026-08-18T15:04:00,2026-08-18T20:04:00.005Z,2026-08-18,15:04,Tue,NO_MODULE,,,,,,dom,cloud,waitlist module absent
2026-08-18T15:05:00,2026-08-18T20:05:00.006Z,2026-08-18,15:05,Tue,NO_MODULE,,,,,,dom,cloud,waitlist module absent
2026-08-18T15:06:00,2026-08-18T20:06:00.006Z,2026-08-18,15:06,Tue,NO_MODULE,,,,,,dom,cloud,waitlist module absent
2026-08-18T15:07:00,2026-08-18T20:07:00.005Z,2026-08-18,15:07,Tue,NO_MODULE,,,,,,dom,cloud,waitlist module absent
2026-08-18T15:08:00,2026-08-18T20:08:00.006Z,2026-08-18,15:08,Tue,NO_MODULE,,,,,,dom,cloud,waitlist module absent
2026-08-18T15:09:00,2026-08-18T20:09:00.001Z,2026-08-18,15:09,Tue,NO_MODULE,,,,,,dom,cloud,waitlist module absent
2026-08-18T15:10:00,2026-08-18T20:10:00.005Z,2026-08-18,15:10,Tue,NO_MODULE,,,,,,dom,cloud,waitlist module absent
2026-08-18T15:11:00,2026-08-18T20:11:00.006Z,2026-08-18,15:11,Tue,NO_MODULE,,,,,,dom,cloud,waitlist module absent
2026-08-18T15:12:00,2026-08-18T20:12:00.005Z,2026-08-18,15:12,Tue,NO_MODULE,,,,,,dom,cloud,waitlist module absent
2026-08-18T15:13:00,2026-08-18T20:13:00.004Z,2026-08-18,15:13,Tue,NO_MODULE,,,,,,dom,cloud,waitlist module absent
2026-08-18T15:14:00,2026-08-18T20:14:00.006Z,2026-08-18,15:14,Tue,NO_MODULE,,,,,,dom,cloud,waitlist module absent
2026-08-18T15:15:00,2026-08-18T20:15:00.001Z,2026-08-18,15:15,Tue,NO_MODULE,,,,,,dom,cloud,waitlist module absent
2026-08-18T15:16:00,2026-08-18T20:16:00.005Z,2026-08-18,15:16,Tue,NO_MODULE,,,,,,dom,cloud,waitlist module absent
2026-08-18T15:17:00,2026-08-18T20:17:00.004Z,2026-08-18,15:17,Tue,NO_MODULE,,,,,,dom,cloud,waitlist module absent
2026-08-18T15:18:00,2026-08-18T20:18:00.004Z,2026-08-18,15:18,Tue,NO_MODULE,,,,,,dom,cloud,waitlist module absent
2026-08-18T15:19:00,2026-08-18T20:19:00.005Z,2026-08-18,15:19,Tue,NO_MODULE,,,,,,dom,cloud,waitlist module absent
2026-08-18T15:20:00,2026-08-18T20:20:00.004Z,2026-08-18,15:20,Tue,NO_MODULE,,,,,,dom,cloud,waitlist module absent
2026-08-18T15:21:00,2026-08-18T20:21:00.006Z,2026-08-18,15:21,Tue,NO_MODULE,,,,,,dom,cloud,waitlist module absent
2026-08-18T15:22:00,2026-08-18T20:22:00.004Z,2026-08-18,15:22,Tue,NO_MODULE,,,,,,dom,cloud,waitlist module absent
2026-08-18T15:23:00,2026-08-18T20:23:00.004Z,2026-08-18,15:23,Tue,NO_MODULE,,,,,,dom,cloud,waitlist module absent
2026-08-18T15:24:00,2026-08-18T20:24:00.005Z,2026-08-18,15:24,Tue,NO_MODULE,,,,,,dom,cloud,waitlist module absent
2026-08-18T15:25:00,2026-08-18T20:25:00.004Z,2026-08-18,15:25,Tue,NO_MODULE,,,,,,dom,cloud,waitlist module absent
2026-08-18T15:26:00,2026-08-18T20:26:00.006Z,2026-08-18,15:26,Tue,NO_MODULE,,,,,,dom,cloud,waitlist module absent
2026-08-18T15:27:00,2026-08-18T20:27:00.005Z,2026-08-18,15:27,Tue,NO_MODULE,,,,,,dom,cloud,waitlist module absent
2026-08-18T15:28:00,2026-08-18T20:28:00.004Z,2026-08-18,15:28,Tue,NO_MODULE,,,,,,dom,cloud,waitlist module absent
2026-08-18T15:29:00,2026-08-18T20:29:00.004Z,2026-08-18,15:29,Tue,NO_MODULE,,,,,,dom,cloud,waitlist module absent
2026-08-19T06:00:29,2026-08-19T11:00:29.778Z,2026-08-19,06:00,Wed,NO_MODULE,,,,,,dom,cloud,waitlist module absent
2026-08-19T06:02:00,2026-08-19T11:02:00.012Z,2026-08-19,06:02,Wed,NO_MODULE,,,,,,dom,cloud,waitlist module absent
2026-08-19T06:03:00,2026-08-19T11:03:00.005Z,2026-08-19,06:03,Wed,NO_MODULE,,,,,,dom,cloud,waitlist module absent
2026-08-19T06:04:00,2026-08-19T11:04:00.005Z,2026-08-19,06:04,Wed,NO_MODULE,,,,,,dom,cloud,waitlist module absent
2026-08-19T06:05:00,2026-08-19T11:05:00.005Z,2026-08-19,06:05,Wed,NO_MODULE,,,,,,dom,cloud,waitlist module absent
2026-08-19T06:06:00,2026-08-19T11:06:00.004Z,2026-08-19,06:06,Wed,NO_MODULE,,,,,,dom,cloud,waitlist module absent
2026-08-19T06:07:00,2026-08-19T11:07:00.005Z,2026-08-19,06:07,Wed,NO_MODULE,,,,,,dom,cloud,waitlist module absent
2026-08-19T06:08:00,2026-08-19T11:08:00.005Z,2026-08-19,06:08,Wed,NO_MODULE,,,,,,dom,cloud,waitlist module absent
2026-08-19T06:09:00,2026-08-19T11:09:00.004Z,2026-08-19,06:09,Wed,NO_MODULE,,,,,,dom,cloud,waitlist module absent
2026-08-19T06:10:00,2026-08-19T11:10:00.003Z,2026-08-19,06:10,Wed,NO_MODULE,,,,,,dom,cloud,waitlist module absent
2026-08-19T06:11:00,2026-08-19T11:11:00.005Z,2026-08-19,06:11,Wed,NO_MODULE,,,,,,dom,cloud,waitlist module absent
2026-08-19T06:12:00,2026-08-19T11:12:00.002Z,2026-08-19,06:12,Wed,NO_MODULE,,,,,,dom,cloud,waitlist module absent
2026-08-19T06:13:00,2026-08-19T11:13:00.004Z,2026-08-19,06:13,Wed,NO_MODULE,,,,,,dom,cloud,waitlist module absent
2026-08-19T06:14:00,2026-08-19T11:14:00.005Z,2026-08-19,06:14,Wed,NO_MODULE,,,,,,dom,cloud,waitlist module absent
2026-08-19T06:15:00,2026-08-19T11:15:00.005Z,2026-08-19,06:15,Wed,NO_MODULE,,,,,,dom,cloud,waitlist module absent
2026-08-19T06:16:00,2026-08-19T11:16:00.005Z,2026-08-19,06:16,Wed,NO_MODULE,,,,,,dom,cloud,waitlist module absent
2026-08-19T06:17:00,2026-08-19T11:17:00.002Z,2026-08-19,06:17,Wed,NO_MODULE,,,,,,dom,cloud,waitlist module absent
2026-08-19T06:18:00,2026-08-19T11:18:00.004Z,2026-08-19,06:18,Wed,NO_MODULE,,,,,,dom,cloud,waitlist module absent
2026-08-19T06:19:00,2026-08-19T11:19:00.005Z,2026-08-19,06:19,Wed,NO_MODULE,,,,,,dom,cloud,waitlist module absent
2026-08-19T06:20:00,2026-08-19T11:20:00.005Z,2026-08-19,06:20,Wed,NO_MODULE,,,,,,dom,cloud,waitlist module absent
2026-08-19T06:21:00,2026-08-19T11:21:00.005Z,2026-08-19,06:21,Wed,NO_MODULE,,,,,,dom,cloud,waitlist module absent
2026-08-19T06:22:00,2026-08-19T11:22:00.005Z,2026-08-19,06:22,Wed,NO_MODULE,,,,,,dom,cloud,waitlist module absent
2026-08-19T06:23:00,2026-08-19T11:23:00.002Z,2026-08-19,06:23,Wed,NO_MODULE,,,,,,dom,cloud,waitlist module absent
2026-08-19T06:24:00,2026-08-19T11:24:00.004Z,2026-08-19,06:24,Wed,NO_MODULE,,,,,,dom,cloud,waitlist module absent
2026-08-19T06:25:00,2026-08-19T11:25:00.002Z,2026-08-19,06:25,Wed,NO_MODULE,,,,,,dom,cloud,waitlist module absent
2026-08-19T06:26:00,2026-08-19T11:26:00.005Z,2026-08-19,06:26,Wed,NO_MODULE,,,,,,dom,cloud,waitlist module absent
2026-08-19T06:27:00,2026-08-19T11:27:00.004Z,2026-08-19,06:27,Wed,NO_MODULE,,,,,,dom,cloud,waitlist module absent
2026-08-19T06:28:00,2026-08-19T11:28:00.005Z,2026-08-19,06:28,Wed,NO_MODULE,,,,,,dom,cloud,waitlist module absent
2026-08-19T06:29:00,2026-08-19T11:29:00.004Z,2026-08-19,06:29,Wed,NO_MODULE,,,,,,dom,cloud,waitlist module absent
2026-08-19T06:30:00,2026-08-19T11:30:00.006Z,2026-08-19,06:30,Wed,NO_MODULE,,,,,,dom,cloud,waitlist module absent
2026-08-19T06:31:00,2026-08-19T11:31:00.004Z,2026-08-19,06:31,Wed,NO_MODULE,,,,,,dom,cloud,waitlist module absent
2026-08-19T06:32:00,2026-08-19T11:32:00.005Z,2026-08-19,06:32,Wed,NO_MODULE,,,,,,dom,cloud,waitlist module absent
2026-08-19T06:33:00,2026-08-19T11:33:00.005Z,2026-08-19,06:33,Wed,NO_MODULE,,,,,,dom,cloud,waitlist module absent
2026-08-19T06:34:00,2026-08-19T11:34:00.005Z,2026-08-19,06:34,Wed,NO_MODULE,,,,,,dom,cloud,waitlist module absent
2026-08-19T06:35:00,2026-08-19T11:35:00.004Z,2026-08-19,06:35,Wed,NO_MODULE,,,,,,dom,cloud,waitlist module absent
2026-08-19T06:36:00,2026-08-19T11:36:00.002Z,2026-08-19,06:36,Wed,NO_MODULE,,,,,,dom,cloud,waitlist module absent
2026-08-19T06:37:00,2026-08-19T11:37:00.005Z,2026-08-19,06:37,Wed,NO_MODULE,,,,,,dom,cloud,waitlist module absent
2026-08-19T06:38:00,2026-08-19T11:38:00.005Z,2026-08-19,06:38,Wed,EMPTY_CLOSED,0,5,15,0,2,api,cloud,
2026-08-19T06:39:00,2026-08-19T11:39:00.028Z,2026-08-19,06:39,Wed,NO_MODULE,,,,,,dom,cloud,waitlist module absent
2026-08-19T06:40:00,2026-08-19T11:40:00.004Z,2026-08-19,06:40,Wed,NO_MODULE,,,,,,dom,cloud,waitlist module absent
2026-08-19T06:41:00,2026-08-19T11:41:00.004Z,2026-08-19,06:41,Wed,EMPTY_CLOSED,0,5,15,0,2,api,cloud,
2026-08-19T06:42:00,2026-08-19T11:42:00.018Z,2026-08-19,06:42,Wed,EMPTY_CLOSED,0,5,15,0,2,api,cloud,
2026-08-19T06:43:00,2026-08-19T11:43:00.015Z,2026-08-19,06:43,Wed,EMPTY_CLOSED,0,5,15,0,2,api,cloud,
2026-08-19T06:44:00,2026-08-19T11:44:00.019Z,2026-08-19,06:44,Wed,EMPTY_CLOSED,0,5,15,0,2,api,cloud,
2026-08-19T06:45:00,2026-08-19T11:45:00.003Z,2026-08-19,06:45,Wed,EMPTY_CLOSED,0,5,15,0,2,api,cloud,
2026-08-19T06:46:00,2026-08-19T11:46:00.018Z,2026-08-19,06:46,Wed,EMPTY_CLOSED,0,5,15,0,2,api,cloud,
2026-08-19T06:47:00,2026-08-19T11:47:00.022Z,2026-08-19,06:47,Wed,EMPTY_CLOSED,0,5,15,0,2,api,cloud,
2026-08-19T06:48:00,2026-08-19T11:48:00.026Z,2026-08-19,06:48,Wed,EMPTY_CLOSED,0,5,15,0,2,api,cloud,
2026-08-19T06:49:00,2026-08-19T11:49:00.028Z,2026-08-19,06:49,Wed,NO_MODULE,,,,,,dom,cloud,waitlist module absent
2026-08-19T06:50:00,2026-08-19T11:50:00.005Z,2026-08-19,06:50,Wed,EMPTY_CLOSED,0,5,15,0,2,api,cloud,
2026-08-19T06:51:00,2026-08-19T11:51:00.018Z,2026-08-19,06:51,Wed,EMPTY_CLOSED,0,5,15,0,2,api,cloud,
2026-08-19T06:52:00,2026-08-19T11:52:00.018Z,2026-08-19,06:52,Wed,EMPTY_CLOSED,0,5,15,0,2,api,cloud,
2026-08-19T06:53:00,2026-08-19T11:53:00.022Z,2026-08-19,06:53,Wed,EMPTY_CLOSED,0,5,15,0,2,api,cloud,
2026-08-19T06:54:00,2026-08-19T11:54:00.028Z,2026-08-19,06:54,Wed,EMPTY_CLOSED,0,5,15,0,2,api,cloud,
2026-08-19T06:55:00,2026-08-19T11:55:00.024Z,2026-08-19,06:55,Wed,EMPTY_CLOSED,0,5,15,0,2,api,cloud,
2026-08-19T06:56:00,2026-08-19T11:56:00.018Z,2026-08-19,06:56,Wed,EMPTY_CLOSED,0,5,15,0,2,api,cloud,
2026-08-19T06:57:00,2026-08-19T11:57:00.022Z,2026-08-19,06:57,Wed,EMPTY_CLOSED,0,5,15,0,2,api,cloud,
2026-08-19T06:58:00,2026-08-19T11:58:00.026Z,2026-08-19,06:58,Wed,EMPTY_CLOSED,0,5,15,0,2,api,cloud,
2026-08-19T06:59:00,2026-08-19T11:59:00.029Z,2026-08-19,06:59,Wed,EMPTY_CLOSED,0,5,15,0,2,api,cloud,
2026-08-19T07:00:00,2026-08-19T12:00:00.004Z,2026-08-19,07:00,Wed,EMPTY_CLOSED,0,5,15,0,2,api,cloud,
2026-08-19T07:01:00,2026-08-19T12:01:00.029Z,2026-08-19,07:01,Wed,EMPTY_CLOSED,0,5,15,0,2,api,cloud,
2026-08-19T07:02:00,2026-08-19T12:02:00.029Z,2026-08-19,07:02,Wed,EMPTY_CLOSED,0,5,15,0,2,api,cloud,
2026-08-19T07:03:00,2026-08-19T12:03:00.008Z,2026-08-19,07:03,Wed,EMPTY_CLOSED,0,5,15,0,2,api,cloud,
2026-08-19T07:04:00,2026-08-19T12:04:00.023Z,2026-08-19,07:04,Wed,EMPTY_CLOSED,0,5,15,0,2,api,cloud,
2026-08-19T07:05:00,2026-08-19T12:05:00.027Z,2026-08-19,07:05,Wed,EMPTY_CLOSED,0,5,15,0,2,api,cloud,
2026-08-19T07:06:00,2026-08-19T12:06:00.018Z,2026-08-19,07:06,Wed,EMPTY_CLOSED,0,5,15,0,2,api,cloud,
2026-08-19T07:07:00,2026-08-19T12:07:00.027Z,2026-08-19,07:07,Wed,EMPTY_CLOSED,0,5,15,0,2,api,cloud,
2026-08-19T07:08:00,2026-08-19T12:08:00.018Z,2026-08-19,07:08,Wed,EMPTY_CLOSED,0,5,15,0,2,api,cloud,
2026-08-19T07:09:00,2026-08-19T12:09:00.028Z,2026-08-19,07:09,Wed,EMPTY_CLOSED,0,5,15,0,2,api,cloud,
2026-08-19T07:10:00,2026-08-19T12:10:00.028Z,2026-08-19,07:10,Wed,EMPTY_CLOSED,0,5,15,0,2,api,cloud,
2026-08-19T07:11:00,2026-08-19T12:11:00.023Z,2026-08-19,07:11,Wed,EMPTY_CLOSED,0,5,15,0,2,api,cloud,
2026-08-19T07:12:00,2026-08-19T12:12:00.027Z,2026-08-19,07:12,Wed,EMPTY_CLOSED,0,5,15,0,2,api,cloud,
2026-08-19T07:13:00,2026-08-19T12:13:00.011Z,2026-08-19,07:13,Wed,EMPTY_CLOSED,0,5,15,0,2,api,cloud,
2026-08-19T07:14:00,2026-08-19T12:14:00.028Z,2026-08-19,07:14,Wed,EMPTY_CLOSED,0,5,15,0,2,api,cloud,
2026-08-19T07:15:00,2026-08-19T12:15:00.002Z,2026-08-19,07:15,Wed,EMPTY_CLOSED,0,5,15,0,2,api,cloud,
2026-08-19T07:16:00,2026-08-19T12:16:00.028Z,2026-08-19,07:16,Wed,EMPTY_CLOSED,0,5,15,0,2,api,cloud,
2026-08-19T07:17:00,2026-08-19T12:17:00.018Z,2026-08-19,07:17,Wed,EMPTY_CLOSED,0,5,15,0,2,api,cloud,
2026-08-19T07:18:00,2026-08-19T12:18:00.026Z,2026-08-19,07:18,Wed,EMPTY_CLOSED,0,5,15,0,2,api,cloud,
2026-08-19T07:19:00,2026-08-19T12:19:00.014Z,2026-08-19,07:19,Wed,EMPTY_CLOSED,0,5,15,0,2,api,cloud,
2026-08-19T07:20:00,2026-08-19T12:20:00.028Z,2026-08-19,07:20,Wed,EMPTY_CLOSED,0,5,15,0,2,api,cloud,
2026-08-19T07:21:00,2026-08-19T12:21:00.018Z,2026-08-19,07:21,Wed,EMPTY_CLOSED,0,5,15,0,2,api,cloud,
2026-08-19T07:22:00,2026-08-19T12:22:00.029Z,2026-08-19,07:22,Wed,EMPTY_CLOSED,0,5,15,0,2,api,cloud,
2026-08-19T07:23:00,2026-08-19T12:23:00.028Z,2026-08-19,07:23,Wed,EMPTY_CLOSED,0,5,15,0,2,api,cloud,
2026-08-19T07:24:00,2026-08-19T12:24:00.028Z,2026-08-19,07:24,Wed,EMPTY_CLOSED,0,5,15,0,2,api,cloud,
2026-08-19T07:25:00,2026-08-19T12:25:00.029Z,2026-08-19,07:25,Wed,EMPTY_CLOSED,0,5,15,0,2,api,cloud,
2026-08-19T07:26:00,2026-08-19T12:26:00.004Z,2026-08-19,07:26,Wed,EMPTY_CLOSED,0,5,15,0,2,api,cloud,
2026-08-19T07:27:00,2026-08-19T12:27:00.010Z,2026-08-19,07:27,Wed,EMPTY_CLOSED,0,5,15,0,2,api,cloud,
2026-08-19T07:28:00,2026-08-19T12:28:00.002Z,2026-08-19,07:28,Wed,EMPTY_CLOSED,0,5,15,0,2,api,cloud,
2026-08-19T07:29:00,2026-08-19T12:29:00.006Z,2026-08-19,07:29,Wed,EMPTY_CLOSED,0,5,15,0,2,api,cloud,
2026-08-19T07:30:00,2026-08-19T12:30:00.018Z,2026-08-19,07:30,Wed,EMPTY_CLOSED,0,5,15,0,2,api,cloud,
2026-08-19T07:31:00,2026-08-19T12:31:00.028Z,2026-08-19,07:31,Wed,EMPTY_CLOSED,0,5,15,0,2,api,cloud,
2026-08-19T07:32:00,2026-08-19T12:32:00.029Z,2026-08-19,07:32,Wed,EMPTY_CLOSED,0,5,15,0,2,api,cloud,
2026-08-19T07:33:00,2026-08-19T12:33:00.029Z,2026-08-19,07:33,Wed,EMPTY_CLOSED,0,5,15,0,2,api,cloud,
2026-08-19T07:34:00,2026-08-19T12:34:00.029Z,2026-08-19,07:34,Wed,EMPTY_CLOSED,0,5,15,0,2,api,cloud,
2026-08-19T07:35:00,2026-08-19T12:35:00.028Z,2026-08-19,07:35,Wed,EMPTY_CLOSED,0,5,15,0,2,api,cloud,
2026-08-19T07:36:00,2026-08-19T12:36:00.018Z,2026-08-19,07:36,Wed,EMPTY_CLOSED,0,5,15,0,2,api,cloud,
2026-08-19T07:37:00,2026-08-19T12:37:00.029Z,2026-08-19,07:37,Wed,EMPTY_CLOSED,0,5,15,0,2,api,cloud,
2026-08-19T07:38:00,2026-08-19T12:38:00.028Z,2026-08-19,07:38,Wed,EMPTY_CLOSED,0,5,15,0,2,api,cloud,
2026-08-19T07:39:00,2026-08-19T12:39:00.025Z,2026-08-19,07:39,Wed,EMPTY_CLOSED,0,5,15,0,2,api,cloud,
2026-08-19T07:40:00,2026-08-19T12:40:00.024Z,2026-08-19,07:40,Wed,EMPTY_CLOSED,0,5,15,0,2,api,cloud,
2026-08-19T07:41:00,2026-08-19T12:41:00.029Z,2026-08-19,07:41,Wed,EMPTY_CLOSED,0,5,15,0,2,api,cloud,
2026-08-19T07:42:00,2026-08-19T12:42:00.014Z,2026-08-19,07:42,Wed,EMPTY_CLOSED,0,5,15,0,2,api,cloud,
2026-08-19T07:43:00,2026-08-19T12:43:00.018Z,2026-08-19,07:43,Wed,EMPTY_CLOSED,0,5,15,0,2,api,cloud,
2026-08-19T07:44:00,2026-08-19T12:44:00.018Z,2026-08-19,07:44,Wed,EMPTY_CLOSED,0,5,15,0,2,api,cloud,
2026-08-19T07:45:00,2026-08-19T12:45:00.028Z,2026-08-19,07:45,Wed,EMPTY_CLOSED,0,5,15,0,2,api,cloud,
2026-08-19T07:46:00,2026-08-19T12:46:00.027Z,2026-08-19,07:46,Wed,EMPTY_CLOSED,0,5,15,0,2,api,cloud,
2026-08-19T07:47:00,2026-08-19T12:47:00.029Z,2026-08-19,07:47,Wed,EMPTY_CLOSED,0,5,15,0,2,api,cloud,
2026-08-19T07:48:00,2026-08-19T12:48:00.018Z,2026-08-19,07:48,Wed,EMPTY_CLOSED,0,5,15,0,2,api,cloud,
2026-08-19T07:49:00,2026-08-19T12:49:00.022Z,2026-08-19,07:49,Wed,EMPTY_CLOSED,0,5,15,0,2,api,cloud,
2026-08-19T07:50:00,2026-08-19T12:50:00.027Z,2026-08-19,07:50,Wed,EMPTY_CLOSED,0,5,15,0,2,api,cloud,
2026-08-19T07:51:00,2026-08-19T12:51:00.027Z,2026-08-19,07:51,Wed,EMPTY_CLOSED,0,5,15,0,2,api,cloud,
2026-08-19T07:52:00,2026-08-19T12:52:00.029Z,2026-08-19,07:52,Wed,EMPTY_CLOSED,0,5,15,0,2,api,cloud,
2026-08-19T07:53:00,2026-08-19T12:53:00.029Z,2026-08-19,07:53,Wed,EMPTY_CLOSED,0,5,15,0,2,api,cloud,
2026-08-19T07:54:00,2026-08-19T12:54:00.028Z,2026-08-19,07:54,Wed,EMPTY_CLOSED,0,5,15,0,2,api,cloud,
2026-08-19T07:55:00,2026-08-19T12:55:00.017Z,2026-08-19,07:55,Wed,EMPTY_CLOSED,0,5,15,0,2,api,cloud,
2026-08-19T07:56:00,2026-08-19T12:56:00.022Z,2026-08-19,07:56,Wed,EMPTY_CLOSED,0,5,15,0,2,api,cloud,
2026-08-19T07:57:00,2026-08-19T12:57:00.018Z,2026-08-19,07:57,Wed,EMPTY_CLOSED,0,5,15,0,2,api,cloud,
2026-08-19T07:58:00,2026-08-19T12:58:00.022Z,2026-08-19,07:58,Wed,EMPTY_CLOSED,0,5,15,0,2,api,cloud,
2026-08-19T07:59:00,2026-08-19T12:59:00.026Z,2026-08-19,07:59,Wed,EMPTY_CLOSED,0,5,15,0,2,api,cloud,
2026-08-19T08:00:00,2026-08-19T13:00:00.018Z,2026-08-19,08:00,Wed,EMPTY_CLOSED,0,5,15,0,2,api,cloud,
2026-08-19T08:01:00,2026-08-19T13:01:00.029Z,2026-08-19,08:01,Wed,EMPTY_CLOSED,0,5,15,0,2,api,cloud,
2026-08-19T08:02:00,2026-08-19T13:02:00.028Z,2026-08-19,08:02,Wed,EMPTY_CLOSED,0,5,15,0,2,api,cloud,
2026-08-19T08:03:00,2026-08-19T13:03:00.028Z,2026-08-19,08:03,Wed,EMPTY_CLOSED,0,5,15,0,2,api,cloud,
2026-08-19T08:04:00,2026-08-19T13:04:00.003Z,2026-08-19,08:04,Wed,EMPTY_CLOSED,0,5,15,0,2,api,cloud,
2026-08-19T08:05:00,2026-08-19T13:05:00.008Z,2026-08-19,08:05,Wed,EMPTY_CLOSED,0,5,15,0,2,api,cloud,
2026-08-19T08:06:00,2026-08-19T13:06:00.028Z,2026-08-19,08:06,Wed,EMPTY_CLOSED,0,5,15,0,2,api,cloud,
2026-08-19T08:07:00,2026-08-19T13:07:00.002Z,2026-08-19,08:07,Wed,EMPTY_CLOSED,0,5,15,0,2,api,cloud,
2026-08-19T08:08:00,2026-08-19T13:08:00.018Z,2026-08-19,08:08,Wed,EMPTY_CLOSED,0,5,15,0,2,api,cloud,
2026-08-19T08:09:00,2026-08-19T13:09:00.001Z,2026-08-19,08:09,Wed,EMPTY_CLOSED,0,5,15,0,2,api,cloud,
2026-08-19T08:10:00,2026-08-19T13:10:00.018Z,2026-08-19,08:10,Wed,EMPTY_CLOSED,0,5,15,0,2,api,cloud,
2026-08-19T08:11:00,2026-08-19T13:11:00.026Z,2026-08-19,08:11,Wed,EMPTY_CLOSED,0,5,15,0,2,api,cloud,
2026-08-19T08:12:00,2026-08-19T13:12:00.028Z,2026-08-19,08:12,Wed,EMPTY_CLOSED,0,5,15,0,2,api,cloud,
2026-08-19T08:13:00,2026-08-19T13:13:00.000Z,2026-08-19,08:13,Wed,EMPTY_CLOSED,0,5,15,0,2,api,cloud,
2026-08-19T08:14:00,2026-08-19T13:14:00.027Z,2026-08-19,08:14,Wed,EMPTY_CLOSED,0,5,15,0,2,api,cloud,
2026-08-19T08:15:00,2026-08-19T13:15:00.008Z,2026-08-19,08:15,Wed,EMPTY_CLOSED,0,5,15,0,2,api,cloud,
2026-08-19T08:16:00,2026-08-19T13:16:00.013Z,2026-08-19,08:16,Wed,EMPTY_CLOSED,0,5,15,0,2,api,cloud,
2026-08-19T08:17:00,2026-08-19T13:17:00.017Z,2026-08-19,08:17,Wed,EMPTY_CLOSED,0,5,15,0,2,api,cloud,
2026-08-19T08:18:00,2026-08-19T13:18:00.022Z,2026-08-19,08:18,Wed,EMPTY_CLOSED,0,5,15,0,2,api,cloud,
2026-08-19T08:19:00,2026-08-19T13:19:00.025Z,2026-08-19,08:19,Wed,EMPTY_CLOSED,0,5,15,0,2,api,cloud,
2026-08-19T08:20:00,2026-08-19T13:20:00.021Z,2026-08-19,08:20,Wed,EMPTY_CLOSED,0,5,15,0,2,api,cloud,
2026-08-19T08:21:00,2026-08-19T13:21:00.002Z,2026-08-19,08:21,Wed,EMPTY_CLOSED,0,5,15,0,2,api,cloud,
2026-08-19T08:22:00,2026-08-19T13:22:00.018Z,2026-08-19,08:22,Wed,EMPTY_CLOSED,0,5,15,0,2,api,cloud,
2026-08-19T08:23:00,2026-08-19T13:23:00.028Z,2026-08-19,08:23,Wed,EMPTY_CLOSED,0,5,15,0,2,api,cloud,
2026-08-19T08:24:00,2026-08-19T13:24:00.028Z,2026-08-19,08:24,Wed,EMPTY_CLOSED,0,5,15,0,2,api,cloud,
2026-08-19T08:25:00,2026-08-19T13:25:00.018Z,2026-08-19,08:25,Wed,EMPTY_CLOSED,0,5,15,0,2,api,cloud,
2026-08-19T08:26:00,2026-08-19T13:26:00.018Z,2026-08-19,08:26,Wed,EMPTY_CLOSED,0,5,15,0,2,api,cloud,
2026-08-19T08:27:00,2026-08-19T13:27:00.028Z,2026-08-19,08:27,Wed,EMPTY_CLOSED,0,5,15,0,2,api,cloud,
2026-08-19T08:28:00,2026-08-19T13:28:00.018Z,2026-08-19,08:28,Wed,EMPTY_CLOSED,0,5,15,0,2,api,cloud,
2026-08-19T08:29:00,2026-08-19T13:29:00.029Z,2026-08-19,08:29,Wed,EMPTY_CLOSED,0,5,15,0,2,api,cloud,
2026-08-19T08:30:00,2026-08-19T13:30:00.029Z,2026-08-19,08:30,Wed,EMPTY_CLOSED,0,5,15,0,2,api,cloud,
2026-08-19T08:31:00,2026-08-19T13:31:00.028Z,2026-08-19,08:31,Wed,EMPTY_CLOSED,0,5,15,0,2,api,cloud,
2026-08-19T08:32:00,2026-08-19T13:32:00.028Z,2026-08-19,08:32,Wed,EMPTY_CLOSED,0,5,15,0,2,api,cloud,
2026-08-19T08:33:00,2026-08-19T13:33:00.002Z,2026-08-19,08:33,Wed,EMPTY_CLOSED,0,5,15,0,2,api,cloud,
2026-08-19T08:34:00,2026-08-19T13:34:00.029Z,2026-08-19,08:34,Wed,EMPTY_CLOSED,0,5,15,0,2,api,cloud,
2026-08-19T08:35:00,2026-08-19T13:35:00.028Z,2026-08-19,08:35,Wed,EMPTY_CLOSED,0,5,15,0,2,api,cloud,
2026-08-19T08:36:00,2026-08-19T13:36:00.028Z,2026-08-19,08:36,Wed,EMPTY_CLOSED,0,5,15,0,2,api,cloud,
2026-08-19T08:37:00,2026-08-19T13:37:00.029Z,2026-08-19,08:37,Wed,EMPTY_CLOSED,0,5,15,0,2,api,cloud,
2026-08-19T08:38:00,2026-08-19T13:38:00.024Z,2026-08-19,08:38,Wed,EMPTY_CLOSED,0,5,15,0,2,api,cloud,
2026-08-19T08:39:00,2026-08-19T13:39:00.028Z,2026-08-19,08:39,Wed,EMPTY_CLOSED,0,5,15,0,2,api,cloud,
2026-08-19T08:40:00,2026-08-19T13:40:00.028Z,2026-08-19,08:40,Wed,EMPTY_CLOSED,0,5,15,0,2,api,cloud,
2026-08-19T08:41:00,2026-08-19T13:41:00.029Z,2026-08-19,08:41,Wed,EMPTY_CLOSED,0,5,15,0,2,api,cloud,
2026-08-19T08:42:00,2026-08-19T13:42:00.029Z,2026-08-19,08:42,Wed,EMPTY_CLOSED,0,5,15,0,2,api,cloud,
2026-08-19T08:43:00,2026-08-19T13:43:00.026Z,2026-08-19,08:43,Wed,EMPTY_CLOSED,0,5,15,0,2,api,cloud,
2026-08-19T08:44:00,2026-08-19T13:44:00.027Z,2026-08-19,08:44,Wed,EMPTY_CLOSED,0,5,15,0,2,api,cloud,
2026-08-19T08:45:00,2026-08-19T13:45:00.029Z,2026-08-19,08:45,Wed,EMPTY_CLOSED,0,5,15,0,2,api,cloud,
2026-08-19T08:46:00,2026-08-19T13:46:00.021Z,2026-08-19,08:46,Wed,EMPTY_CLOSED,0,5,15,0,2,api,cloud,
2026-08-19T08:47:00,2026-08-19T13:47:00.006Z,2026-08-19,08:47,Wed,EMPTY_CLOSED,0,5,15,0,2,api,cloud,
2026-08-19T08:48:00,2026-08-19T13:48:00.028Z,2026-08-19,08:48,Wed,EMPTY_CLOSED,0,5,15,0,2,api,cloud,
2026-08-19T08:49:00,2026-08-19T13:49:00.029Z,2026-08-19,08:49,Wed,EMPTY_CLOSED,0,5,15,0,2,api,cloud,
2026-08-19T08:50:00,2026-08-19T13:50:00.013Z,2026-08-19,08:50,Wed,EMPTY_CLOSED,0,5,15,0,2,api,cloud,
2026-08-19T08:51:00,2026-08-19T13:51:00.017Z,2026-08-19,08:51,Wed,EMPTY_CLOSED,0,5,15,0,2,api,cloud,
2026-08-19T08:52:00,2026-08-19T13:52:00.021Z,2026-08-19,08:52,Wed,EMPTY_CLOSED,0,5,15,0,2,api,cloud,
2026-08-19T08:53:00,2026-08-19T13:53:00.027Z,2026-08-19,08:53,Wed,EMPTY_CLOSED,0,5,15,0,2,api,cloud,
2026-08-19T08:54:00,2026-08-19T13:54:00.027Z,2026-08-19,08:54,Wed,EMPTY_CLOSED,0,5,15,0,2,api,cloud,
2026-08-19T08:55:00,2026-08-19T13:55:00.029Z,2026-08-19,08:55,Wed,EMPTY_CLOSED,0,5,15,0,2,api,cloud,
2026-08-19T08:56:00,2026-08-19T13:56:00.028Z,2026-08-19,08:56,Wed,EMPTY_CLOSED,0,5,15,0,2,api,cloud,
2026-08-19T08:57:00,2026-08-19T13:57:00.008Z,2026-08-19,08:57,Wed,EMPTY_CLOSED,0,5,15,0,2,api,cloud,
2026-08-19T08:58:00,2026-08-19T13:58:00.018Z,2026-08-19,08:58,Wed,EMPTY_CLOSED,0,5,15,0,2,api,cloud,
2026-08-19T08:59:00,2026-08-19T13:59:00.002Z,2026-08-19,08:59,Wed,OPEN,1,5,15,10.0,2,api,cloud,
2026-08-19T09:00:00,2026-08-19T14:00:00.018Z,2026-08-19,09:00,Wed,EMPTY_CLOSED,0,5,15,0,2,api,cloud,
2026-08-19T09:01:00,2026-08-19T14:01:00.029Z,2026-08-19,09:01,Wed,EMPTY_CLOSED,0,5,15,0,2,api,cloud,
2026-08-19T09:02:00,2026-08-19T14:02:00.028Z,2026-08-19,09:02,Wed,EMPTY_CLOSED,0,5,15,0,2,api,cloud,
2026-08-19T09:03:00,2026-08-19T14:03:00.030Z,2026-08-19,09:03,Wed,EMPTY_CLOSED,0,5,15,0,2,api,cloud,
2026-08-19T09:04:00,2026-08-19T14:04:00.027Z,2026-08-19,09:04,Wed,EMPTY_CLOSED,0,5,15,0,2,api,cloud,
2026-08-19T09:05:00,2026-08-19T14:05:00.028Z,2026-08-19,09:05,Wed,EMPTY_CLOSED,0,5,15,0,2,api,cloud,
2026-08-19T09:06:00,2026-08-19T14:06:00.029Z,2026-08-19,09:06,Wed,EMPTY_CLOSED,0,5,15,0,2,api,cloud,
2026-08-19T09:07:00,2026-08-19T14:07:00.029Z,2026-08-19,09:07,Wed,EMPTY_CLOSED,0,5,15,0,2,api,cloud,
2026-08-19T09:08:00,2026-08-19T14:08:00.029Z,2026-08-19,09:08,Wed,EMPTY_CLOSED,0,5,15,0,2,api,cloud,
2026-08-19T09:09:00,2026-08-19T14:09:00.025Z,2026-08-19,09:09,Wed,EMPTY_CLOSED,0,5,15,0,2,api,cloud,
2026-08-19T09:10:00,2026-08-19T14:10:00.018Z,2026-08-19,09:10,Wed,EMPTY_CLOSED,0,5,15,0,2,api,cloud,
2026-08-19T09:11:00,2026-08-19T14:11:00.028Z,2026-08-19,09:11,Wed,EMPTY_CLOSED,0,5,15,0,2,api,cloud,
2026-08-19T09:12:00,2026-08-19T14:12:00.014Z,2026-08-19,09:12,Wed,EMPTY_CLOSED,0,5,15,0,2,api,cloud,
2026-08-19T09:13:00,2026-08-19T14:13:00.019Z,2026-08-19,09:13,Wed,EMPTY_CLOSED,0,5,15,0,2,api,cloud,
2026-08-19T09:14:00,2026-08-19T14:14:00.018Z,2026-08-19,09:14,Wed,EMPTY_CLOSED,0,5,15,0,2,api,cloud,
2026-08-19T09:15:00,2026-08-19T14:15:00.022Z,2026-08-19,09:15,Wed,EMPTY_CLOSED,0,5,15,0,2,api,cloud,
2026-08-19T09:16:00,2026-08-19T14:16:00.025Z,2026-08-19,09:16,Wed,EMPTY_CLOSED,0,5,15,0,2,api,cloud,
2026-08-19T09:17:00,2026-08-19T14:17:00.008Z,2026-08-19,09:17,Wed,EMPTY_CLOSED,0,5,15,0,2,api,cloud,
2026-08-19T09:18:00,2026-08-19T14:18:00.018Z,2026-08-19,09:18,Wed,EMPTY_CLOSED,0,5,15,0,2,api,cloud,
2026-08-19T09:19:00,2026-08-19T14:19:00.022Z,2026-08-19,09:19,Wed,EMPTY_CLOSED,0,5,15,0,2,api,cloud,
2026-08-19T09:20:00,2026-08-19T14:20:00.026Z,2026-08-19,09:20,Wed,EMPTY_CLOSED,0,5,15,0,2,api,cloud,
2026-08-19T09:21:00,2026-08-19T14:21:00.028Z,2026-08-19,09:21,Wed,OPEN,1,5,15,10.0,2,api,cloud,
2026-08-19T09:22:00,2026-08-19T14:22:00.027Z,2026-08-19,09:22,Wed,OPEN,2,10,20,15.0,2,api,cloud,
2026-08-19T09:23:00,2026-08-19T14:23:00.028Z,2026-08-19,09:23,Wed,OPEN,3,10,20,15.0,2,api,cloud,
2026-08-19T09:24:00,2026-08-19T14:24:00.014Z,2026-08-19,09:24,Wed,OPEN,2,10,20,15.0,2,api,cloud,
2026-08-19T09:25:00,2026-08-19T14:25:00.002Z,2026-08-19,09:25,Wed,OPEN,2,10,20,15.0,2,api,cloud,
2026-08-19T09:26:00,2026-08-19T14:26:00.028Z,2026-08-19,09:26,Wed,OPEN,2,10,20,15.0,2,api,cloud,
2026-08-19T09:27:00,2026-08-19T14:27:00.018Z,2026-08-19,09:27,Wed,OPEN,2,10,20,15.0,2,api,cloud,
2026-08-19T09:28:00,2026-08-19T14:28:00.027Z,2026-08-19,09:28,Wed,OPEN,3,10,20,15.0,2,api,cloud,
2026-08-19T09:29:00,2026-08-19T14:29:00.018Z,2026-08-19,09:29,Wed,OPEN,3,10,20,15.0,2,api,cloud,
2026-08-19T09:30:00,2026-08-19T14:30:00.002Z,2026-08-19,09:30,Wed,OPEN,2,10,20,15.0,2,api,cloud,
2026-08-19T09:31:00,2026-08-19T14:31:00.028Z,2026-08-19,09:31,Wed,OPEN,2,10,20,15.0,2,api,cloud,
2026-08-19T09:32:00,2026-08-19T14:32:00.028Z,2026-08-19,09:32,Wed,OPEN,3,10,20,15.0,2,api,cloud,
2026-08-19T09:33:00,2026-08-19T14:33:00.028Z,2026-08-19,09:33,Wed,OPEN,5,10,20,15.0,2,api,cloud,
2026-08-19T09:34:00,2026-08-19T14:34:00.026Z,2026-08-19,09:34,Wed,OPEN,6,15,25,20.0,2,api,cloud,
2026-08-19T09:35:00,2026-08-19T14:35:00.028Z,2026-08-19,09:35,Wed,OPEN,8,15,25,20.0,2,api,cloud,
2026-08-19T09:36:00,2026-08-19T14:36:00.028Z,2026-08-19,09:36,Wed,OPEN,7,15,25,20.0,2,api,cloud,
2026-08-19T09:37:00,2026-08-19T14:37:00.002Z,2026-08-19,09:37,Wed,OPEN,6,15,25,20.0,2,api,cloud,
2026-08-19T09:38:00,2026-08-19T14:38:00.011Z,2026-08-19,09:38,Wed,OPEN,6,15,25,20.0,2,api,cloud,
2026-08-19T09:39:00,2026-08-19T14:39:00.029Z,2026-08-19,09:39,Wed,OPEN,5,10,20,15.0,2,api,cloud,
2026-08-19T09:40:00,2026-08-19T14:40:00.018Z,2026-08-19,09:40,Wed,OPEN,5,10,20,15.0,2,api,cloud,
2026-08-19T09:41:00,2026-08-19T14:41:00.028Z,2026-08-19,09:41,Wed,OPEN,3,10,20,15.0,2,api,cloud,
2026-08-19T09:42:00,2026-08-19T14:42:00.018Z,2026-08-19,09:42,Wed,OPEN,3,10,20,15.0,2,api,cloud,
2026-08-19T09:43:00,2026-08-19T14:43:00.028Z,2026-08-19,09:43,Wed,OPEN,2,10,20,15.0,2,api,cloud,
2026-08-19T09:44:00,2026-08-19T14:44:00.028Z,2026-08-19,09:44,Wed,OPEN,3,10,20,15.0,2,api,cloud,
2026-08-19T09:45:00,2026-08-19T14:45:00.028Z,2026-08-19,09:45,Wed,OPEN,3,10,20,15.0,2,api,cloud,
2026-08-19T09:46:00,2026-08-19T14:46:00.028Z,2026-08-19,09:46,Wed,OPEN,3,10,20,15.0,2,api,cloud,
2026-08-19T09:47:00,2026-08-19T14:47:00.028Z,2026-08-19,09:47,Wed,OPEN,3,10,20,15.0,2,api,cloud,
2026-08-19T09:48:00,2026-08-19T14:48:00.028Z,2026-08-19,09:48,Wed,OPEN,2,10,20,15.0,2,api,cloud,
2026-08-19T09:49:00,2026-08-19T14:49:00.024Z,2026-08-19,09:49,Wed,OPEN,2,10,20,15.0,2,api,cloud,
2026-08-19T09:50:00,2026-08-19T14:50:00.008Z,2026-08-19,09:50,Wed,OPEN,2,10,20,15.0,2,api,cloud,
2026-08-19T09:51:00,2026-08-19T14:51:00.002Z,2026-08-19,09:51,Wed,OPEN,2,10,20,15.0,2,api,cloud,
2026-08-19T09:52:00,2026-08-19T14:52:00.023Z,2026-08-19,09:52,Wed,OPEN,2,10,20,15.0,2,api,cloud,
2026-08-19T09:53:00,2026-08-19T14:53:00.018Z,2026-08-19,09:53,Wed,OPEN,1,5,15,10.0,2,api,cloud,
2026-08-19T09:54:00,2026-08-19T14:54:00.022Z,2026-08-19,09:54,Wed,OPEN,2,10,20,15.0,2,api,cloud,
2026-08-19T09:55:00,2026-08-19T14:55:00.027Z,2026-08-19,09:55,Wed,OPEN,2,10,20,15.0,2,api,cloud,
2026-08-19T09:56:00,2026-08-19T14:56:00.025Z,2026-08-19,09:56,Wed,OPEN,2,10,20,15.0,2,api,cloud,
2026-08-19T09:57:00,2026-08-19T14:57:00.022Z,2026-08-19,09:57,Wed,OPEN,2,10,20,15.0,2,api,cloud,
2026-08-19T09:58:00,2026-08-19T14:58:00.028Z,2026-08-19,09:58,Wed,OPEN,2,10,20,15.0,2,api,cloud,
2026-08-19T09:59:00,2026-08-19T14:59:00.017Z,2026-08-19,09:59,Wed,OPEN,3,10,20,15.0,2,api,cloud,
2026-08-19T10:00:00,2026-08-19T15:00:00.003Z,2026-08-19,10:00,Wed,OPEN,1,5,15,10.0,2,api,cloud,
2026-08-19T10:01:00,2026-08-19T15:01:00.005Z,2026-08-19,10:01,Wed,OPEN,1,5,15,10.0,2,api,cloud,
2026-08-19T10:02:00,2026-08-19T15:02:00.010Z,2026-08-19,10:02,Wed,OPEN,1,5,15,10.0,2,api,cloud,
2026-08-19T10:03:00,2026-08-19T15:03:00.018Z,2026-08-19,10:03,Wed,OPEN,1,5,15,10.0,2,api,cloud,
2026-08-19T10:04:00,2026-08-19T15:04:00.022Z,2026-08-19,10:04,Wed,OPEN,1,5,15,10.0,2,api,cloud,
2026-08-19T10:05:00,2026-08-19T15:05:00.027Z,2026-08-19,10:05,Wed,OPEN,1,5,15,10.0,2,api,cloud,
2026-08-19T10:06:00,2026-08-19T15:06:00.018Z,2026-08-19,10:06,Wed,OPEN,1,5,15,10.0,2,api,cloud,
2026-08-19T10:07:00,2026-08-19T15:07:00.023Z,2026-08-19,10:07,Wed,OPEN,1,5,15,10.0,2,api,cloud,
2026-08-19T10:08:00,2026-08-19T15:08:00.024Z,2026-08-19,10:08,Wed,OPEN,1,5,15,10.0,2,api,cloud,
2026-08-19T10:09:00,2026-08-19T15:09:00.028Z,2026-08-19,10:09,Wed,OPEN,1,5,15,10.0,2,api,cloud,
2026-08-19T10:10:00,2026-08-19T15:10:00.029Z,2026-08-19,10:10,Wed,OPEN,1,5,15,10.0,2,api,cloud,
2026-08-19T10:11:00,2026-08-19T15:11:00.029Z,2026-08-19,10:11,Wed,OPEN,1,5,15,10.0,2,api,cloud,
2026-08-19T10:12:00,2026-08-19T15:12:00.025Z,2026-08-19,10:12,Wed,EMPTY_CLOSED,0,5,15,0,2,api,cloud,
2026-08-19T10:13:00,2026-08-19T15:13:00.028Z,2026-08-19,10:13,Wed,EMPTY_CLOSED,0,5,15,0,2,api,cloud,
2026-08-19T10:14:00,2026-08-19T15:14:00.013Z,2026-08-19,10:14,Wed,OPEN,1,5,15,10.0,2,api,cloud,
2026-08-19T10:15:00,2026-08-19T15:15:00.028Z,2026-08-19,10:15,Wed,EMPTY_CLOSED,0,5,15,0,2,api,cloud,
2026-08-19T10:16:00,2026-08-19T15:16:00.018Z,2026-08-19,10:16,Wed,EMPTY_CLOSED,0,5,15,0,2,api,cloud,
2026-08-19T10:17:00,2026-08-19T15:17:00.028Z,2026-08-19,10:17,Wed,EMPTY_CLOSED,0,5,15,0,2,api,cloud,
2026-08-19T10:18:00,2026-08-19T15:18:00.018Z,2026-08-19,10:18,Wed,OPEN,1,5,15,10.0,2,api,cloud,
2026-08-19T10:19:00,2026-08-19T15:19:00.026Z,2026-08-19,10:19,Wed,OPEN,2,10,20,15.0,2,api,cloud,
2026-08-19T10:20:00,2026-08-19T15:20:00.019Z,2026-08-19,10:20,Wed,OPEN,3,10,20,15.0,2,api,cloud,
2026-08-19T10:21:00,2026-08-19T15:21:00.028Z,2026-08-19,10:21,Wed,OPEN,4,10,20,15.0,2,api,cloud,
2026-08-19T10:22:00,2026-08-19T15:22:00.018Z,2026-08-19,10:22,Wed,OPEN,2,10,20,15.0,2,api,cloud,
2026-08-19T10:23:00,2026-08-19T15:23:00.004Z,2026-08-19,10:23,Wed,OPEN,3,10,20,15.0,2,api,cloud,
2026-08-19T10:24:00,2026-08-19T15:24:00.009Z,2026-08-19,10:24,Wed,OPEN,4,10,20,15.0,2,api,cloud,
2026-08-19T10:25:00,2026-08-19T15:25:00.013Z,2026-08-19,10:25,Wed,OPEN,4,10,20,15.0,2,api,cloud,
2026-08-19T10:26:00,2026-08-19T15:26:00.028Z,2026-08-19,10:26,Wed,OPEN,4,10,20,15.0,2,api,cloud,
2026-08-19T10:27:00,2026-08-19T15:27:00.023Z,2026-08-19,10:27,Wed,OPEN,4,10,20,15.0,2,api,cloud,
2026-08-19T10:28:00,2026-08-19T15:28:00.028Z,2026-08-19,10:28,Wed,OPEN,3,10,20,15.0,2,api,cloud,
2026-08-19T10:29:00,2026-08-19T15:29:00.028Z,2026-08-19,10:29,Wed,OPEN,3,10,20,15.0,2,api,cloud,
2026-08-19T10:48:05,2026-08-19T15:48:05.022Z,2026-08-19,10:48,Wed,OPEN,4,10,20,15.0,2,api,cloud,
2026-08-19T10:49:00,2026-08-19T15:49:00.022Z,2026-08-19,10:49,Wed,OPEN,3,10,20,15.0,2,api,cloud,
2026-08-19T10:50:00,2026-08-19T15:50:00.028Z,2026-08-19,10:50,Wed,OPEN,3,10,20,15.0,2,api,cloud,
2026-08-19T10:51:00,2026-08-19T15:51:00.021Z,2026-08-19,10:51,Wed,OPEN,3,10,20,15.0,2,api,cloud,
2026-08-19T10:52:00,2026-08-19T15:52:00.028Z,2026-08-19,10:52,Wed,OPEN,5,10,20,15.0,2,api,cloud,
2026-08-19T10:53:00,2026-08-19T15:53:00.028Z,2026-08-19,10:53,Wed,OPEN,7,15,25,20.0,2,api,cloud,
2026-08-19T10:54:00,2026-08-19T15:54:00.028Z,2026-08-19,10:54,Wed,OPEN,7,15,25,20.0,2,api,cloud,
2026-08-19T10:55:00,2026-08-19T15:55:00.028Z,2026-08-19,10:55,Wed,OPEN,10,20,30,25.0,2,api,cloud,
2026-08-19T10:56:00,2026-08-19T15:56:00.002Z,2026-08-19,10:56,Wed,OPEN,8,15,25,20.0,2,api,cloud,
2026-08-19T10:57:00,2026-08-19T15:57:00.007Z,2026-08-19,10:57,Wed,OPEN,8,15,25,20.0,2,api,cloud,
2026-08-19T10:58:00,2026-08-19T15:58:00.029Z,2026-08-19,10:58,Wed,OPEN,10,20,30,25.0,2,api,cloud,
2026-08-19T10:59:00,2026-08-19T15:59:00.017Z,2026-08-19,10:59,Wed,OPEN,12,20,30,25.0,2,api,cloud,
2026-08-19T11:00:00,2026-08-19T16:00:00.029Z,2026-08-19,11:00,Wed,OPEN,9,15,25,20.0,2,api,cloud,
2026-08-19T11:01:00,2026-08-19T16:01:00.028Z,2026-08-19,11:01,Wed,OPEN,9,15,25,20.0,2,api,cloud,
2026-08-19T11:02:00,2026-08-19T16:02:00.029Z,2026-08-19,11:02,Wed,OPEN,8,15,25,20.0,2,api,cloud,
2026-08-19T11:03:00,2026-08-19T16:03:00.024Z,2026-08-19,11:03,Wed,OPEN,8,15,25,20.0,2,api,cloud,
2026-08-19T11:04:00,2026-08-19T16:04:00.027Z,2026-08-19,11:04,Wed,OPEN,6,15,25,20.0,2,api,cloud,
2026-08-19T11:05:00,2026-08-19T16:05:00.021Z,2026-08-19,11:05,Wed,OPEN,4,10,20,15.0,2,api,cloud,
2026-08-19T11:06:00,2026-08-19T16:06:00.025Z,2026-08-19,11:06,Wed,OPEN,3,10,20,15.0,2,api,cloud,
2026-08-19T11:07:00,2026-08-19T16:07:00.028Z,2026-08-19,11:07,Wed,OPEN,3,10,20,15.0,2,api,cloud,
2026-08-19T11:08:00,2026-08-19T16:08:00.028Z,2026-08-19,11:08,Wed,OPEN,2,10,20,15.0,2,api,cloud,
2026-08-19T11:09:00,2026-08-19T16:09:00.005Z,2026-08-19,11:09,Wed,OPEN,2,10,20,15.0,2,api,cloud,
2026-08-19T11:10:00,2026-08-19T16:10:00.005Z,2026-08-19,11:10,Wed,OPEN,3,10,20,15.0,2,api,cloud,
2026-08-19T11:11:00,2026-08-19T16:11:00.021Z,2026-08-19,11:11,Wed,OPEN,3,10,20,15.0,2,api,cloud,
2026-08-19T11:12:00,2026-08-19T16:12:00.027Z,2026-08-19,11:12,Wed,OPEN,3,10,20,15.0,2,api,cloud,
2026-08-19T11:13:00,2026-08-19T16:13:00.013Z,2026-08-19,11:13,Wed,OPEN,3,10,20,15.0,2,api,cloud,
2026-08-19T11:14:00,2026-08-19T16:14:00.029Z,2026-08-19,11:14,Wed,OPEN,3,10,20,15.0,2,api,cloud,
2026-08-19T11:15:00,2026-08-19T16:15:00.028Z,2026-08-19,11:15,Wed,OPEN,3,10,20,15.0,2,api,cloud,
2026-08-19T11:16:00,2026-08-19T16:16:00.028Z,2026-08-19,11:16,Wed,OPEN,3,10,20,15.0,2,api,cloud,
2026-08-19T11:17:00,2026-08-19T16:17:00.021Z,2026-08-19,11:17,Wed,OPEN,3,10,20,15.0,2,api,cloud,
2026-08-19T11:18:00,2026-08-19T16:18:00.028Z,2026-08-19,11:18,Wed,OPEN,3,10,20,15.0,2,api,cloud,
2026-08-19T11:19:00,2026-08-19T16:19:00.030Z,2026-08-19,11:19,Wed,OPEN,2,10,20,15.0,2,api,cloud,
2026-08-19T11:20:00,2026-08-19T16:20:00.029Z,2026-08-19,11:20,Wed,OPEN,2,10,20,15.0,2,api,cloud,
2026-08-19T11:21:00,2026-08-19T16:21:00.021Z,2026-08-19,11:21,Wed,OPEN,2,10,20,15.0,2,api,cloud,
2026-08-19T11:22:00,2026-08-19T16:22:00.025Z,2026-08-19,11:22,Wed,OPEN,2,10,20,15.0,2,api,cloud,
2026-08-19T11:23:00,2026-08-19T16:23:00.026Z,2026-08-19,11:23,Wed,OPEN,2,10,20,15.0,2,api,cloud,
2026-08-19T11:24:00,2026-08-19T16:24:00.029Z,2026-08-19,11:24,Wed,OPEN,2,10,20,15.0,2,api,cloud,
2026-08-19T11:25:00,2026-08-19T16:25:00.021Z,2026-08-19,11:25,Wed,OPEN,2,10,20,15.0,2,api,cloud,
2026-08-19T11:26:00,2026-08-19T16:26:00.013Z,2026-08-19,11:26,Wed,OPEN,2,10,20,15.0,2,api,cloud,
2026-08-19T11:27:00,2026-08-19T16:27:00.017Z,2026-08-19,11:27,Wed,OPEN,3,10,20,15.0,2,api,cloud,
2026-08-19T11:28:00,2026-08-19T16:28:00.022Z,2026-08-19,11:28,Wed,OPEN,5,10,20,15.0,2,api,cloud,
2026-08-19T11:29:00,2026-08-19T16:29:00.021Z,2026-08-19,11:29,Wed,OPEN,4,10,20,15.0,2,api,cloud,
2026-08-19T11:30:00,2026-08-19T16:30:00.027Z,2026-08-19,11:30,Wed,OPEN,3,10,20,15.0,2,api,cloud,
2026-08-19T11:31:00,2026-08-19T16:31:00.021Z,2026-08-19,11:31,Wed,OPEN,3,10,20,15.0,2,api,cloud,
2026-08-19T11:32:00,2026-08-19T16:32:00.028Z,2026-08-19,11:32,Wed,OPEN,4,10,20,15.0,2,api,cloud,
2026-08-19T11:33:00,2026-08-19T16:33:00.028Z,2026-08-19,11:33,Wed,OPEN,3,10,20,15.0,2,api,cloud,
2026-08-19T11:34:00,2026-08-19T16:34:00.028Z,2026-08-19,11:34,Wed,OPEN,3,10,20,15.0,2,api,cloud,
2026-08-19T11:35:00,2026-08-19T16:35:00.025Z,2026-08-19,11:35,Wed,OPEN,2,10,20,15.0,2,api,cloud,
2026-08-19T11:36:00,2026-08-19T16:36:00.028Z,2026-08-19,11:36,Wed,OPEN,2,10,20,15.0,2,api,cloud,
2026-08-19T11:37:00,2026-08-19T16:37:00.028Z,2026-08-19,11:37,Wed,OPEN,3,10,20,15.0,2,api,cloud,
2026-08-19T11:38:00,2026-08-19T16:38:00.029Z,2026-08-19,11:38,Wed,OPEN,4,10,20,15.0,2,api,cloud,
2026-08-19T11:39:00,2026-08-19T16:39:00.028Z,2026-08-19,11:39,Wed,OPEN,3,10,20,15.0,2,api,cloud,
2026-08-19T11:40:00,2026-08-19T16:40:00.029Z,2026-08-19,11:40,Wed,OPEN,3,10,20,15.0,2,api,cloud,
2026-08-19T11:41:00,2026-08-19T16:41:00.021Z,2026-08-19,11:41,Wed,OPEN,3,10,20,15.0,2,api,cloud,
2026-08-19T11:42:00,2026-08-19T16:42:00.028Z,2026-08-19,11:42,Wed,OPEN,2,10,20,15.0,2,api,cloud,
2026-08-19T11:43:00,2026-08-19T16:43:00.028Z,2026-08-19,11:43,Wed,OPEN,3,10,20,15.0,2,api,cloud,
2026-08-19T11:44:00,2026-08-19T16:44:00.029Z,2026-08-19,11:44,Wed,OPEN,3,10,20,15.0,2,api,cloud,
2026-08-19T11:45:00,2026-08-19T16:45:00.028Z,2026-08-19,11:45,Wed,OPEN,3,10,20,15.0,2,api,cloud,
2026-08-19T11:46:00,2026-08-19T16:46:00.029Z,2026-08-19,11:46,Wed,OPEN,4,10,20,15.0,2,api,cloud,
2026-08-19T11:47:00,2026-08-19T16:47:00.021Z,2026-08-19,11:47,Wed,OPEN,4,10,20,15.0,2,api,cloud,
2026-08-19T11:48:00,2026-08-19T16:48:00.028Z,2026-08-19,11:48,Wed,OPEN,5,10,20,15.0,2,api,cloud,
2026-08-19T11:49:00,2026-08-19T16:49:00.028Z,2026-08-19,11:49,Wed,OPEN,4,10,20,15.0,2,api,cloud,
2026-08-19T11:50:00,2026-08-19T16:50:00.009Z,2026-08-19,11:50,Wed,OPEN,3,10,20,15.0,2,api,cloud,
2026-08-19T11:51:00,2026-08-19T16:51:00.021Z,2026-08-19,11:51,Wed,OPEN,3,10,20,15.0,2,api,cloud,
2026-08-19T11:52:00,2026-08-19T16:52:00.025Z,2026-08-19,11:52,Wed,OPEN,2,10,20,15.0,2,api,cloud,
2026-08-19T11:53:00,2026-08-19T16:53:00.022Z,2026-08-19,11:53,Wed,OPEN,2,10,20,15.0,2,api,cloud,
2026-08-19T11:54:00,2026-08-19T16:54:00.028Z,2026-08-19,11:54,Wed,OPEN,2,10,20,15.0,2,api,cloud,
2026-08-19T11:55:00,2026-08-19T16:55:00.029Z,2026-08-19,11:55,Wed,OPEN,2,10,20,15.0,2,api,cloud,
2026-08-19T11:56:00,2026-08-19T16:56:00.028Z,2026-08-19,11:56,Wed,OPEN,3,10,20,15.0,2,api,cloud,
2026-08-19T11:57:00,2026-08-19T16:57:00.029Z,2026-08-19,11:57,Wed,OPEN,3,10,20,15.0,2,api,cloud,
2026-08-19T11:58:00,2026-08-19T16:58:00.028Z,2026-08-19,11:58,Wed,OPEN,3,10,20,15.0,2,api,cloud,
2026-08-19T11:59:00,2026-08-19T16:59:00.029Z,2026-08-19,11:59,Wed,OPEN,2,10,20,15.0,2,api,cloud,
2026-08-19T12:00:00,2026-08-19T17:00:00.028Z,2026-08-19,12:00,Wed,OPEN,1,5,15,10.0,2,api,cloud,
2026-08-19T12:01:00,2026-08-19T17:01:00.021Z,2026-08-19,12:01,Wed,OPEN,1,5,15,10.0,2,api,cloud,
2026-08-19T12:02:00,2026-08-19T17:02:00.029Z,2026-08-19,12:02,Wed,OPEN,2,10,20,15.0,2,api,cloud,
2026-08-19T12:03:00,2026-08-19T17:03:00.021Z,2026-08-19,12:03,Wed,OPEN,2,10,20,15.0,2,api,cloud,
2026-08-19T12:04:00,2026-08-19T17:04:00.029Z,2026-08-19,12:04,Wed,OPEN,2,10,20,15.0,2,api,cloud,
2026-08-19T12:05:00,2026-08-19T17:05:00.028Z,2026-08-19,12:05,Wed,OPEN,2,10,20,15.0,2,api,cloud,
2026-08-19T12:06:00,2026-08-19T17:06:00.023Z,2026-08-19,12:06,Wed,OPEN,2,10,20,15.0,2,api,cloud,
2026-08-19T12:07:00,2026-08-19T17:07:00.021Z,2026-08-19,12:07,Wed,OPEN,2,10,20,15.0,2,api,cloud,
2026-08-19T12:08:00,2026-08-19T17:08:00.029Z,2026-08-19,12:08,Wed,OPEN,3,10,20,15.0,2,api,cloud,
2026-08-19T12:09:00,2026-08-19T17:09:00.021Z,2026-08-19,12:09,Wed,OPEN,3,10,20,15.0,2,api,cloud,
2026-08-19T12:10:00,2026-08-19T17:10:00.020Z,2026-08-19,12:10,Wed,OPEN,3,10,20,15.0,2,api,cloud,
2026-08-19T12:11:00,2026-08-19T17:11:00.025Z,2026-08-19,12:11,Wed,OPEN,2,10,20,15.0,2,api,cloud,
2026-08-19T12:12:00,2026-08-19T17:12:00.027Z,2026-08-19,12:12,Wed,OPEN,2,10,20,15.0,2,api,cloud,
2026-08-19T12:13:00,2026-08-19T17:13:00.028Z,2026-08-19,12:13,Wed,OPEN,2,10,20,15.0,2,api,cloud,
2026-08-19T12:14:00,2026-08-19T17:14:00.028Z,2026-08-19,12:14,Wed,OPEN,2,10,20,15.0,2,api,cloud,
2026-08-19T12:15:00,2026-08-19T17:15:00.028Z,2026-08-19,12:15,Wed,OPEN,2,10,20,15.0,2,api,cloud,
2026-08-19T12:16:00,2026-08-19T17:16:00.029Z,2026-08-19,12:16,Wed,OPEN,2,10,20,15.0,2,api,cloud,
2026-08-19T12:17:00,2026-08-19T17:17:00.021Z,2026-08-19,12:17,Wed,OPEN,2,10,20,15.0,2,api,cloud,
2026-08-19T12:18:00,2026-08-19T17:18:00.013Z,2026-08-19,12:18,Wed,OPEN,2,10,20,15.0,2,api,cloud,
2026-08-19T12:19:00,2026-08-19T17:19:00.017Z,2026-08-19,12:19,Wed,OPEN,2,10,20,15.0,2,api,cloud,
2026-08-19T12:20:00,2026-08-19T17:20:00.021Z,2026-08-19,12:20,Wed,OPEN,2,10,20,15.0,2,api,cloud,
2026-08-19T12:21:00,2026-08-19T17:21:00.021Z,2026-08-19,12:21,Wed,OPEN,1,5,15,10.0,2,api,cloud,
2026-08-19T12:22:00,2026-08-19T17:22:00.025Z,2026-08-19,12:22,Wed,OPEN,1,5,15,10.0,2,api,cloud,
2026-08-19T12:23:00,2026-08-19T17:23:00.028Z,2026-08-19,12:23,Wed,OPEN,1,5,15,10.0,2,api,cloud,
2026-08-19T12:24:00,2026-08-19T17:24:00.028Z,2026-08-19,12:24,Wed,OPEN,1,5,15,10.0,2,api,cloud,
2026-08-19T12:25:00,2026-08-19T17:25:00.008Z,2026-08-19,12:25,Wed,OPEN,1,5,15,10.0,2,api,cloud,
2026-08-19T12:26:00,2026-08-19T17:26:00.026Z,2026-08-19,12:26,Wed,OPEN,1,5,15,10.0,2,api,cloud,
2026-08-19T12:27:00,2026-08-19T17:27:00.028Z,2026-08-19,12:27,Wed,OPEN,1,5,15,10.0,2,api,cloud,
2026-08-19T12:28:00,2026-08-19T17:28:00.027Z,2026-08-19,12:28,Wed,OPEN,1,5,15,10.0,2,api,cloud,
2026-08-19T12:29:00,2026-08-19T17:29:00.029Z,2026-08-19,12:29,Wed,OPEN,1,5,15,10.0,2,api,cloud,
2026-08-19T12:30:00,2026-08-19T17:30:00.028Z,2026-08-19,12:30,Wed,OPEN,1,5,15,10.0,2,api,cloud,
2026-08-19T12:31:00,2026-08-19T17:31:00.030Z,2026-08-19,12:31,Wed,OPEN,1,5,15,10.0,2,api,cloud,
2026-08-19T12:32:00,2026-08-19T17:32:00.028Z,2026-08-19,12:32,Wed,OPEN,1,5,15,10.0,2,api,cloud,
2026-08-19T12:33:00,2026-08-19T17:33:00.028Z,2026-08-19,12:33,Wed,OPEN,1,5,15,10.0,2,api,cloud,
2026-08-19T12:34:00,2026-08-19T17:34:00.028Z,2026-08-19,12:34,Wed,OPEN,1,5,15,10.0,2,api,cloud,
2026-08-19T12:35:00,2026-08-19T17:35:00.028Z,2026-08-19,12:35,Wed,OPEN,1,5,15,10.0,2,api,cloud,
2026-08-19T12:36:00,2026-08-19T17:36:00.029Z,2026-08-19,12:36,Wed,OPEN,1,5,15,10.0,2,api,cloud,
2026-08-19T12:37:00,2026-08-19T17:37:00.029Z,2026-08-19,12:37,Wed,OPEN,1,5,15,10.0,2,api,cloud,
2026-08-19T12:38:00,2026-08-19T17:38:00.009Z,2026-08-19,12:38,Wed,OPEN,1,5,15,10.0,2,api,cloud,
2026-08-19T12:39:00,2026-08-19T17:39:00.029Z,2026-08-19,12:39,Wed,OPEN,1,5,15,10.0,2,api,cloud,
2026-08-19T12:40:00,2026-08-19T17:40:00.028Z,2026-08-19,12:40,Wed,OPEN,1,5,15,10.0,2,api,cloud,
2026-08-19T12:41:00,2026-08-19T17:41:00.002Z,2026-08-19,12:41,Wed,OPEN,1,5,15,10.0,2,api,cloud,
2026-08-19T12:42:00,2026-08-19T17:42:00.006Z,2026-08-19,12:42,Wed,OPEN,1,5,15,10.0,2,api,cloud,
2026-08-19T12:43:00,2026-08-19T17:43:00.028Z,2026-08-19,12:43,Wed,OPEN,1,5,15,10.0,2,api,cloud,
2026-08-19T12:44:00,2026-08-19T17:44:00.015Z,2026-08-19,12:44,Wed,OPEN,1,5,15,10.0,2,api,cloud,
2026-08-19T12:45:00,2026-08-19T17:45:00.021Z,2026-08-19,12:45,Wed,OPEN,2,10,20,15.0,2,api,cloud,
2026-08-19T12:46:00,2026-08-19T17:46:00.028Z,2026-08-19,12:46,Wed,OPEN,2,10,20,15.0,2,api,cloud,
2026-08-19T12:47:00,2026-08-19T17:47:00.028Z,2026-08-19,12:47,Wed,OPEN,1,5,15,10.0,2,api,cloud,
2026-08-19T12:48:00,2026-08-19T17:48:00.028Z,2026-08-19,12:48,Wed,OPEN,1,5,15,10.0,2,api,cloud,
2026-08-19T12:49:00,2026-08-19T17:49:00.030Z,2026-08-19,12:49,Wed,OPEN,1,5,15,10.0,2,api,cloud,
2026-08-19T12:50:00,2026-08-19T17:50:00.028Z,2026-08-19,12:50,Wed,OPEN,1,5,15,10.0,2,api,cloud,
2026-08-19T12:51:00,2026-08-19T17:51:00.029Z,2026-08-19,12:51,Wed,OPEN,1,5,15,10.0,2,api,cloud,
2026-08-19T12:52:00,2026-08-19T17:52:00.007Z,2026-08-19,12:52,Wed,OPEN,1,5,15,10.0,2,api,cloud,
2026-08-19T12:53:00,2026-08-19T17:53:00.013Z,2026-08-19,12:53,Wed,OPEN,1,5,15,10.0,2,api,cloud,
2026-08-19T12:54:00,2026-08-19T17:54:00.028Z,2026-08-19,12:54,Wed,OPEN,1,5,15,10.0,2,api,cloud,
2026-08-19T12:55:00,2026-08-19T17:55:00.005Z,2026-08-19,12:55,Wed,OPEN,1,5,15,10.0,2,api,cloud,
2026-08-19T12:56:00,2026-08-19T17:56:00.009Z,2026-08-19,12:56,Wed,OPEN,1,5,15,10.0,2,api,cloud,
2026-08-19T12:57:00,2026-08-19T17:57:00.013Z,2026-08-19,12:57,Wed,OPEN,1,5,15,10.0,2,api,cloud,
2026-08-19T12:58:00,2026-08-19T17:58:00.028Z,2026-08-19,12:58,Wed,OPEN,1,5,15,10.0,2,api,cloud,
2026-08-19T12:59:00,2026-08-19T17:59:00.028Z,2026-08-19,12:59,Wed,OPEN,1,5,15,10.0,2,api,cloud,
2026-08-19T13:00:00,2026-08-19T18:00:00.027Z,2026-08-19,13:00,Wed,OPEN,1,5,15,10.0,2,api,cloud,
2026-08-19T13:01:00,2026-08-19T18:01:00.020Z,2026-08-19,13:01,Wed,OPEN,1,5,15,10.0,2,api,cloud,
2026-08-19T13:02:00,2026-08-19T18:02:00.029Z,2026-08-19,13:02,Wed,OPEN,1,5,15,10.0,2,api,cloud,
2026-08-19T13:03:00,2026-08-19T18:03:00.029Z,2026-08-19,13:03,Wed,OPEN,2,10,20,15.0,2,api,cloud,
2026-08-19T13:04:00,2026-08-19T18:04:00.000Z,2026-08-19,13:04,Wed,OPEN,4,10,20,15.0,2,api,cloud,
2026-08-19T13:05:00,2026-08-19T18:05:00.005Z,2026-08-19,13:05,Wed,OPEN,4,10,20,15.0,2,api,cloud,
2026-08-19T13:06:00,2026-08-19T18:06:00.009Z,2026-08-19,13:06,Wed,OPEN,4,10,20,15.0,2,api,cloud,
2026-08-19T13:07:00,2026-08-19T18:07:00.021Z,2026-08-19,13:07,Wed,OPEN,4,10,20,15.0,2,api,cloud,
2026-08-19T13:08:00,2026-08-19T18:08:00.028Z,2026-08-19,13:08,Wed,OPEN,4,10,20,15.0,2,api,cloud,
2026-08-19T13:09:00,2026-08-19T18:09:00.021Z,2026-08-19,13:09,Wed,OPEN,5,10,20,15.0,2,api,cloud,
2026-08-19T13:10:00,2026-08-19T18:10:00.025Z,2026-08-19,13:10,Wed,OPEN,2,10,20,15.0,2,api,cloud,
2026-08-19T13:11:00,2026-08-19T18:11:00.027Z,2026-08-19,13:11,Wed,OPEN,2,10,20,15.0,2,api,cloud,
2026-08-19T13:12:00,2026-08-19T18:12:00.029Z,2026-08-19,13:12,Wed,OPEN,2,10,20,15.0,2,api,cloud,
2026-08-19T13:13:00,2026-08-19T18:13:00.028Z,2026-08-19,13:13,Wed,OPEN,3,10,20,15.0,2,api,cloud,
2026-08-19T13:14:00,2026-08-19T18:14:00.028Z,2026-08-19,13:14,Wed,OPEN,3,10,20,15.0,2,api,cloud,
2026-08-19T13:15:00,2026-08-19T18:15:00.029Z,2026-08-19,13:15,Wed,OPEN,2,10,20,15.0,2,api,cloud,
2026-08-19T13:16:00,2026-08-19T18:16:00.028Z,2026-08-19,13:16,Wed,OPEN,1,5,15,10.0,2,api,cloud,
2026-08-19T13:17:00,2026-08-19T18:17:00.028Z,2026-08-19,13:17,Wed,OPEN,1,5,15,10.0,2,api,cloud,
2026-08-19T13:18:00,2026-08-19T18:18:00.028Z,2026-08-19,13:18,Wed,OPEN,1,5,15,10.0,2,api,cloud,
2026-08-19T13:19:00,2026-08-19T18:19:00.028Z,2026-08-19,13:19,Wed,OPEN,1,5,15,10.0,2,api,cloud,
2026-08-19T13:20:00,2026-08-19T18:20:00.028Z,2026-08-19,13:20,Wed,OPEN,1,5,15,10.0,2,api,cloud,
2026-08-19T13:21:00,2026-08-19T18:21:00.021Z,2026-08-19,13:21,Wed,OPEN,1,5,15,10.0,2,api,cloud,
2026-08-19T13:22:00,2026-08-19T18:22:00.028Z,2026-08-19,13:22,Wed,OPEN,1,5,15,10.0,2,api,cloud,
2026-08-19T13:23:00,2026-08-19T18:23:00.013Z,2026-08-19,13:23,Wed,OPEN,1,5,15,10.0,2,api,cloud,
2026-08-19T13:24:00,2026-08-19T18:24:00.029Z,2026-08-19,13:24,Wed,OPEN,1,5,15,10.0,2,api,cloud,
2026-08-19T13:25:00,2026-08-19T18:25:00.029Z,2026-08-19,13:25,Wed,OPEN,1,5,15,10.0,2,api,cloud,
2026-08-19T13:26:00,2026-08-19T18:26:00.028Z,2026-08-19,13:26,Wed,OPEN,1,5,15,10.0,2,api,cloud,
2026-08-19T13:27:00,2026-08-19T18:27:00.028Z,2026-08-19,13:27,Wed,OPEN,1,5,15,10.0,2,api,cloud,
2026-08-19T13:28:00,2026-08-19T18:28:00.028Z,2026-08-19,13:28,Wed,OPEN,1,5,15,10.0,2,api,cloud,
2026-08-19T13:29:00,2026-08-19T18:29:00.007Z,2026-08-19,13:29,Wed,OPEN,1,5,15,10.0,2,api,cloud,
2026-08-19T13:30:00,2026-08-19T18:30:00.028Z,2026-08-19,13:30,Wed,OPEN,1,5,15,10.0,2,api,cloud,
2026-08-19T13:31:00,2026-08-19T18:31:00.028Z,2026-08-19,13:31,Wed,OPEN,1,5,15,10.0,2,api,cloud,
2026-08-19T13:32:00,2026-08-19T18:32:00.028Z,2026-08-19,13:32,Wed,OPEN,1,5,15,10.0,2,api,cloud,
2026-08-19T13:33:00,2026-08-19T18:33:00.028Z,2026-08-19,13:33,Wed,OPEN,1,5,15,10.0,2,api,cloud,
2026-08-19T13:34:00,2026-08-19T18:34:00.016Z,2026-08-19,13:34,Wed,OPEN,1,5,15,10.0,2,api,cloud,
2026-08-19T13:35:00,2026-08-19T18:35:00.028Z,2026-08-19,13:35,Wed,OPEN,1,5,15,10.0,2,api,cloud,
2026-08-19T13:36:00,2026-08-19T18:36:00.029Z,2026-08-19,13:36,Wed,OPEN,1,5,15,10.0,2,api,cloud,
2026-08-19T13:37:00,2026-08-19T18:37:00.010Z,2026-08-19,13:37,Wed,OPEN,1,5,15,10.0,2,api,cloud,
2026-08-19T13:38:00,2026-08-19T18:38:00.028Z,2026-08-19,13:38,Wed,OPEN,1,5,15,10.0,2,api,cloud,
2026-08-19T13:39:00,2026-08-19T18:39:00.021Z,2026-08-19,13:39,Wed,OPEN,1,5,15,10.0,2,api,cloud,
2026-08-19T13:40:00,2026-08-19T18:40:00.025Z,2026-08-19,13:40,Wed,OPEN,1,5,15,10.0,2,api,cloud,
2026-08-19T13:41:00,2026-08-19T18:41:00.028Z,2026-08-19,13:41,Wed,OPEN,1,5,15,10.0,2,api,cloud,
2026-08-19T13:42:00,2026-08-19T18:42:00.029Z,2026-08-19,13:42,Wed,OPEN,1,5,15,10.0,2,api,cloud,
2026-08-19T13:43:00,2026-08-19T18:43:00.021Z,2026-08-19,13:43,Wed,OPEN,1,5,15,10.0,2,api,cloud,
2026-08-19T13:44:00,2026-08-19T18:44:00.025Z,2026-08-19,13:44,Wed,OPEN,1,5,15,10.0,2,api,cloud,
2026-08-19T13:45:00,2026-08-19T18:45:00.029Z,2026-08-19,13:45,Wed,OPEN,1,5,15,10.0,2,api,cloud,
2026-08-19T13:46:00,2026-08-19T18:46:00.029Z,2026-08-19,13:46,Wed,OPEN,1,5,15,10.0,2,api,cloud,
2026-08-19T13:47:00,2026-08-19T18:47:00.021Z,2026-08-19,13:47,Wed,OPEN,1,5,15,10.0,2,api,cloud,
2026-08-19T13:48:00,2026-08-19T18:48:00.028Z,2026-08-19,13:48,Wed,OPEN,1,5,15,10.0,2,api,cloud,
2026-08-19T13:49:00,2026-08-19T18:49:00.028Z,2026-08-19,13:49,Wed,OPEN,1,5,15,10.0,2,api,cloud,
2026-08-19T13:50:00,2026-08-19T18:50:00.029Z,2026-08-19,13:50,Wed,OPEN,1,5,15,10.0,2,api,cloud,
2026-08-19T13:51:00,2026-08-19T18:51:00.029Z,2026-08-19,13:51,Wed,OPEN,1,5,15,10.0,2,api,cloud,
2026-08-19T13:52:00,2026-08-19T18:52:00.029Z,2026-08-19,13:52,Wed,OPEN,1,5,15,10.0,2,api,cloud,
2026-08-19T13:53:00,2026-08-19T18:53:00.028Z,2026-08-19,13:53,Wed,OPEN,1,5,15,10.0,2,api,cloud,
2026-08-19T13:54:00,2026-08-19T18:54:00.028Z,2026-08-19,13:54,Wed,OPEN,1,5,15,10.0,2,api,cloud,
2026-08-19T13:55:00,2026-08-19T18:55:00.026Z,2026-08-19,13:55,Wed,OPEN,1,5,15,10.0,2,api,cloud,
2026-08-19T13:56:00,2026-08-19T18:56:00.030Z,2026-08-19,13:56,Wed,OPEN,1,5,15,10.0,2,api,cloud,
2026-08-19T13:57:00,2026-08-19T18:57:00.028Z,2026-08-19,13:57,Wed,OPEN,1,5,15,10.0,2,api,cloud,
2026-08-19T13:58:00,2026-08-19T18:58:00.021Z,2026-08-19,13:58,Wed,OPEN,1,5,15,10.0,2,api,cloud,
2026-08-19T13:59:00,2026-08-19T18:59:00.027Z,2026-08-19,13:59,Wed,OPEN,1,5,15,10.0,2,api,cloud,
2026-08-19T14:00:00,2026-08-19T19:00:00.029Z,2026-08-19,14:00,Wed,OPEN,1,5,15,10.0,2,api,cloud,
2026-08-19T14:01:00,2026-08-19T19:01:00.028Z,2026-08-19,14:01,Wed,OPEN,1,5,15,10.0,2,api,cloud,
2026-08-19T14:02:00,2026-08-19T19:02:00.029Z,2026-08-19,14:02,Wed,OPEN,1,5,15,10.0,2,api,cloud,
2026-08-19T14:03:00,2026-08-19T19:03:00.023Z,2026-08-19,14:03,Wed,OPEN,1,5,15,10.0,2,api,cloud,
2026-08-19T14:04:00,2026-08-19T19:04:00.027Z,2026-08-19,14:04,Wed,OPEN,1,5,15,10.0,2,api,cloud,
2026-08-19T14:05:00,2026-08-19T19:05:00.028Z,2026-08-19,14:05,Wed,OPEN,1,5,15,10.0,2,api,cloud,
2026-08-19T14:06:00,2026-08-19T19:06:00.009Z,2026-08-19,14:06,Wed,OPEN,1,5,15,10.0,2,api,cloud,
2026-08-19T14:07:00,2026-08-19T19:07:00.013Z,2026-08-19,14:07,Wed,OPEN,1,5,15,10.0,2,api,cloud,
2026-08-19T14:08:00,2026-08-19T19:08:00.029Z,2026-08-19,14:08,Wed,OPEN,1,5,15,10.0,2,api,cloud,
2026-08-19T14:09:00,2026-08-19T19:09:00.028Z,2026-08-19,14:09,Wed,OPEN,1,5,15,10.0,2,api,cloud,
2026-08-19T14:10:00,2026-08-19T19:10:00.029Z,2026-08-19,14:10,Wed,OPEN,1,5,15,10.0,2,api,cloud,
2026-08-19T14:11:00,2026-08-19T19:11:00.028Z,2026-08-19,14:11,Wed,OPEN,1,5,15,10.0,2,api,cloud,
2026-08-19T14:12:00,2026-08-19T19:12:00.029Z,2026-08-19,14:12,Wed,OPEN,1,5,15,10.0,2,api,cloud,
2026-08-19T14:13:00,2026-08-19T19:13:00.029Z,2026-08-19,14:13,Wed,OPEN,1,5,15,10.0,2,api,cloud,
2026-08-19T14:14:00,2026-08-19T19:14:00.028Z,2026-08-19,14:14,Wed,OPEN,1,5,15,10.0,2,api,cloud,
2026-08-19T14:15:00,2026-08-19T19:15:00.013Z,2026-08-19,14:15,Wed,OPEN,1,5,15,10.0,2,api,cloud,
2026-08-19T14:16:00,2026-08-19T19:16:00.028Z,2026-08-19,14:16,Wed,OPEN,1,5,15,10.0,2,api,cloud,
2026-08-19T14:17:00,2026-08-19T19:17:00.010Z,2026-08-19,14:17,Wed,OPEN,1,5,15,10.0,2,api,cloud,
2026-08-19T14:18:00,2026-08-19T19:18:00.014Z,2026-08-19,14:18,Wed,OPEN,1,5,15,10.0,2,api,cloud,
2026-08-19T14:19:00,2026-08-19T19:19:00.030Z,2026-08-19,14:19,Wed,OPEN,1,5,15,10.0,2,api,cloud,
2026-08-19T14:20:00,2026-08-19T19:20:00.028Z,2026-08-19,14:20,Wed,OPEN,1,5,15,10.0,2,api,cloud,
2026-08-19T14:21:00,2026-08-19T19:21:00.021Z,2026-08-19,14:21,Wed,OPEN,1,5,15,10.0,2,api,cloud,
2026-08-19T14:22:00,2026-08-19T19:22:00.012Z,2026-08-19,14:22,Wed,OPEN,1,5,15,10.0,2,api,cloud,
2026-08-19T14:23:00,2026-08-19T19:23:00.016Z,2026-08-19,14:23,Wed,OPEN,1,5,15,10.0,2,api,cloud,
2026-08-19T14:24:00,2026-08-19T19:24:00.028Z,2026-08-19,14:24,Wed,OPEN,1,5,15,10.0,2,api,cloud,
2026-08-19T14:25:00,2026-08-19T19:25:00.028Z,2026-08-19,14:25,Wed,OPEN,1,5,15,10.0,2,api,cloud,
2026-08-19T14:26:00,2026-08-19T19:26:00.028Z,2026-08-19,14:26,Wed,OPEN,1,5,15,10.0,2,api,cloud,
2026-08-19T14:27:00,2026-08-19T19:27:00.021Z,2026-08-19,14:27,Wed,OPEN,1,5,15,10.0,2,api,cloud,
2026-08-19T14:28:00,2026-08-19T19:28:00.013Z,2026-08-19,14:28,Wed,OPEN,1,5,15,10.0,2,api,cloud,
2026-08-19T14:29:00,2026-08-19T19:29:00.028Z,2026-08-19,14:29,Wed,OPEN,1,5,15,10.0,2,api,cloud,
2026-08-19T14:30:00,2026-08-19T19:30:00.025Z,2026-08-19,14:30,Wed,OPEN,1,5,15,10.0,2,api,cloud,
2026-08-19T14:31:00,2026-08-19T19:31:00.021Z,2026-08-19,14:31,Wed,OPEN,1,5,15,10.0,2,api,cloud,
2026-08-19T14:32:00,2026-08-19T19:32:00.000Z,2026-08-19,14:32,Wed,OPEN,1,5,15,10.0,2,api,cloud,
2026-08-19T14:33:00,2026-08-19T19:33:00.027Z,2026-08-19,14:33,Wed,OPEN,1,5,15,10.0,2,api,cloud,
2026-08-19T14:34:00,2026-08-19T19:34:00.028Z,2026-08-19,14:34,Wed,OPEN,1,5,15,10.0,2,api,cloud,
2026-08-19T14:35:00,2026-08-19T19:35:00.017Z,2026-08-19,14:35,Wed,OPEN,1,5,15,10.0,2,api,cloud,
2026-08-19T14:36:00,2026-08-19T19:36:00.002Z,2026-08-19,14:36,Wed,OPEN,1,5,15,10.0,2,api,cloud,
2026-08-19T14:37:00,2026-08-19T19:37:00.028Z,2026-08-19,14:37,Wed,OPEN,1,5,15,10.0,2,api,cloud,
2026-08-19T14:38:00,2026-08-19T19:38:00.006Z,2026-08-19,14:38,Wed,OPEN,1,5,15,10.0,2,api,cloud,
2026-08-19T14:39:00,2026-08-19T19:39:00.009Z,2026-08-19,14:39,Wed,NO_MODULE,,,,,,dom,cloud,waitlist module absent
2026-08-19T14:40:00,2026-08-19T19:40:00.005Z,2026-08-19,14:40,Wed,OPEN,1,5,15,10.0,2,api,cloud,
2026-08-19T14:41:00,2026-08-19T19:41:00.028Z,2026-08-19,14:41,Wed,OPEN,1,5,15,10.0,2,api,cloud,
2026-08-19T14:42:00,2026-08-19T19:42:00.002Z,2026-08-19,14:42,Wed,OPEN,1,5,15,10.0,2,api,cloud,
2026-08-19T14:43:00,2026-08-19T19:43:00.017Z,2026-08-19,14:43,Wed,OPEN,1,5,15,10.0,2,api,cloud,
2026-08-19T14:44:00,2026-08-19T19:44:00.028Z,2026-08-19,14:44,Wed,OPEN,1,5,15,10.0,2,api,cloud,
2026-08-19T14:45:00,2026-08-19T19:45:00.021Z,2026-08-19,14:45,Wed,NO_MODULE,,,,,,dom,cloud,waitlist module absent
2026-08-19T14:46:00,2026-08-19T19:46:00.005Z,2026-08-19,14:46,Wed,OPEN,1,5,15,10.0,2,api,cloud,
2026-08-19T14:47:00,2026-08-19T19:47:00.025Z,2026-08-19,14:47,Wed,OPEN,1,5,15,10.0,2,api,cloud,
2026-08-19T14:48:00,2026-08-19T19:48:00.028Z,2026-08-19,14:48,Wed,NO_MODULE,,,,,,dom,cloud,waitlist module absent
2026-08-19T14:49:00,2026-08-19T19:49:00.005Z,2026-08-19,14:49,Wed,NO_MODULE,,,,,,dom,cloud,waitlist module absent
2026-08-19T14:50:00,2026-08-19T19:50:00.005Z,2026-08-19,14:50,Wed,NO_MODULE,,,,,,dom,cloud,waitlist module absent
2026-08-19T14:51:00,2026-08-19T19:51:00.006Z,2026-08-19,14:51,Wed,OPEN,1,5,15,10.0,2,api,cloud,
2026-08-19T14:52:00,2026-08-19T19:52:00.010Z,2026-08-19,14:52,Wed,NO_MODULE,,,,,,dom,cloud,waitlist module absent
2026-08-19T14:53:00,2026-08-19T19:53:00.004Z,2026-08-19,14:53,Wed,NO_MODULE,,,,,,dom,cloud,waitlist module absent
2026-08-19T14:54:00,2026-08-19T19:54:00.005Z,2026-08-19,14:54,Wed,NO_MODULE,,,,,,dom,cloud,waitlist module absent
2026-08-19T14:55:00,2026-08-19T19:55:00.003Z,2026-08-19,14:55,Wed,NO_MODULE,,,,,,dom,cloud,waitlist module absent
2026-08-19T14:56:00,2026-08-19T19:56:00.004Z,2026-08-19,14:56,Wed,NO_MODULE,,,,,,dom,cloud,waitlist module absent
2026-08-19T14:57:00,2026-08-19T19:57:00.006Z,2026-08-19,14:57,Wed,NO_MODULE,,,,,,dom,cloud,waitlist module absent
2026-08-19T14:58:00,2026-08-19T19:58:00.004Z,2026-08-19,14:58,Wed,NO_MODULE,,,,,,dom,cloud,waitlist module absent
2026-08-19T14:59:00,2026-08-19T19:59:00.005Z,2026-08-19,14:59,Wed,NO_MODULE,,,,,,dom,cloud,waitlist module absent
2026-08-19T15:00:00,2026-08-19T20:00:00.005Z,2026-08-19,15:00,Wed,NO_MODULE,,,,,,dom,cloud,waitlist module absent
2026-08-19T15:01:00,2026-08-19T20:01:00.005Z,2026-08-19,15:01,Wed,NO_MODULE,,,,,,dom,cloud,waitlist module absent
2026-08-19T15:02:00,2026-08-19T20:02:00.004Z,2026-08-19,15:02,Wed,NO_MODULE,,,,,,dom,cloud,waitlist module absent
2026-08-19T15:03:00,2026-08-19T20:03:00.005Z,2026-08-19,15:03,Wed,NO_MODULE,,,,,,dom,cloud,waitlist module absent
2026-08-19T15:04:00,2026-08-19T20:04:00.003Z,2026-08-19,15:04,Wed,NO_MODULE,,,,,,dom,cloud,waitlist module absent
2026-08-19T15:05:00,2026-08-19T20:05:00.005Z,2026-08-19,15:05,Wed,NO_MODULE,,,,,,dom,cloud,waitlist module absent
2026-08-19T15:06:00,2026-08-19T20:06:00.005Z,2026-08-19,15:06,Wed,NO_MODULE,,,,,,dom,cloud,waitlist module absent
2026-08-19T15:07:00,2026-08-19T20:07:00.005Z,2026-08-19,15:07,Wed,NO_MODULE,,,,,,dom,cloud,waitlist module absent
2026-08-19T15:08:00,2026-08-19T20:08:00.005Z,2026-08-19,15:08,Wed,NO_MODULE,,,,,,dom,cloud,waitlist module absent
2026-08-19T15:09:00,2026-08-19T20:09:00.005Z,2026-08-19,15:09,Wed,NO_MODULE,,,,,,dom,cloud,waitlist module absent
2026-08-19T15:10:00,2026-08-19T20:10:00.006Z,2026-08-19,15:10,Wed,NO_MODULE,,,,,,dom,cloud,waitlist module absent
2026-08-19T15:11:00,2026-08-19T20:11:00.005Z,2026-08-19,15:11,Wed,NO_MODULE,,,,,,dom,cloud,waitlist module absent
2026-08-19T15:12:00,2026-08-19T20:12:00.005Z,2026-08-19,15:12,Wed,NO_MODULE,,,,,,dom,cloud,waitlist module absent
2026-08-19T15:13:00,2026-08-19T20:13:00.004Z,2026-08-19,15:13,Wed,NO_MODULE,,,,,,dom,cloud,waitlist module absent
2026-08-19T15:14:00,2026-08-19T20:14:00.005Z,2026-08-19,15:14,Wed,NO_MODULE,,,,,,dom,cloud,waitlist module absent
2026-08-19T15:15:00,2026-08-19T20:15:00.001Z,2026-08-19,15:15,Wed,NO_MODULE,,,,,,dom,cloud,waitlist module absent
2026-08-19T15:16:00,2026-08-19T20:16:00.005Z,2026-08-19,15:16,Wed,NO_MODULE,,,,,,dom,cloud,waitlist module absent
2026-08-19T15:17:00,2026-08-19T20:17:00.005Z,2026-08-19,15:17,Wed,NO_MODULE,,,,,,dom,cloud,waitlist module absent
2026-08-19T15:18:00,2026-08-19T20:18:00.005Z,2026-08-19,15:18,Wed,NO_MODULE,,,,,,dom,cloud,waitlist module absent
2026-08-19T15:19:00,2026-08-19T20:19:00.005Z,2026-08-19,15:19,Wed,NO_MODULE,,,,,,dom,cloud,waitlist module absent
2026-08-19T15:20:00,2026-08-19T20:20:00.005Z,2026-08-19,15:20,Wed,NO_MODULE,,,,,,dom,cloud,waitlist module absent
2026-08-19T15:21:00,2026-08-19T20:21:00.005Z,2026-08-19,15:21,Wed,NO_MODULE,,,,,,dom,cloud,waitlist module absent
2026-08-19T15:22:00,2026-08-19T20:22:00.005Z,2026-08-19,15:22,Wed,NO_MODULE,,,,,,dom,cloud,waitlist module absent
2026-08-19T15:23:00,2026-08-19T20:23:00.005Z,2026-08-19,15:23,Wed,NO_MODULE,,,,,,dom,cloud,waitlist module absent
2026-08-19T15:24:00,2026-08-19T20:24:00.004Z,2026-08-19,15:24,Wed,NO_MODULE,,,,,,dom,cloud,waitlist module absent
2026-08-19T15:25:00,2026-08-19T20:25:00.005Z,2026-08-19,15:25,Wed,NO_MODULE,,,,,,dom,cloud,waitlist module absent
2026-08-19T15:26:00,2026-08-19T20:26:00.005Z,2026-08-19,15:26,Wed,NO_MODULE,,,,,,dom,cloud,waitlist module absent
2026-08-19T15:27:00,2026-08-19T20:27:00.005Z,2026-08-19,15:27,Wed,NO_MODULE,,,,,,dom,cloud,waitlist module absent
2026-08-19T15:28:00,2026-08-19T20:28:00.004Z,2026-08-19,15:28,Wed,NO_MODULE,,,,,,dom,cloud,waitlist module absent
2026-08-19T15:29:00,2026-08-19T20:29:00.005Z,2026-08-19,15:29,Wed,NO_MODULE,,,,,,dom,cloud,waitlist module absent
2026-08-20T06:00:43,2026-08-20T11:00:43.106Z,2026-08-20,06:00,Thu,NO_MODULE,,,,,,dom,cloud,waitlist module absent
2026-08-20T06:02:00,2026-08-20T11:02:00.010Z,2026-08-20,06:02,Thu,NO_MODULE,,,,,,dom,cloud,waitlist module absent
2026-08-20T06:03:00,2026-08-20T11:03:00.005Z,2026-08-20,06:03,Thu,NO_MODULE,,,,,,dom,cloud,waitlist module absent
2026-08-20T06:04:00,2026-08-20T11:04:00.005Z,2026-08-20,06:04,Thu,NO_MODULE,,,,,,dom,cloud,waitlist module absent
2026-08-20T06:05:00,2026-08-20T11:05:00.005Z,2026-08-20,06:05,Thu,NO_MODULE,,,,,,dom,cloud,waitlist module absent
2026-08-20T06:06:00,2026-08-20T11:06:00.005Z,2026-08-20,06:06,Thu,NO_MODULE,,,,,,dom,cloud,waitlist module absent
2026-08-20T06:07:00,2026-08-20T11:07:00.005Z,2026-08-20,06:07,Thu,NO_MODULE,,,,,,dom,cloud,waitlist module absent
2026-08-20T06:08:00,2026-08-20T11:08:00.005Z,2026-08-20,06:08,Thu,NO_MODULE,,,,,,dom,cloud,waitlist module absent
2026-08-20T06:09:00,2026-08-20T11:09:00.005Z,2026-08-20,06:09,Thu,NO_MODULE,,,,,,dom,cloud,waitlist module absent
2026-08-20T06:10:00,2026-08-20T11:10:00.004Z,2026-08-20,06:10,Thu,NO_MODULE,,,,,,dom,cloud,waitlist module absent
2026-08-20T06:11:00,2026-08-20T11:11:00.006Z,2026-08-20,06:11,Thu,NO_MODULE,,,,,,dom,cloud,waitlist module absent
2026-08-20T06:12:00,2026-08-20T11:12:00.005Z,2026-08-20,06:12,Thu,NO_MODULE,,,,,,dom,cloud,waitlist module absent
2026-08-20T06:13:00,2026-08-20T11:13:00.004Z,2026-08-20,06:13,Thu,NO_MODULE,,,,,,dom,cloud,waitlist module absent
2026-08-20T06:14:00,2026-08-20T11:14:00.005Z,2026-08-20,06:14,Thu,NO_MODULE,,,,,,dom,cloud,waitlist module absent
2026-08-20T06:15:00,2026-08-20T11:15:00.005Z,2026-08-20,06:15,Thu,NO_MODULE,,,,,,dom,cloud,waitlist module absent
2026-08-20T06:16:00,2026-08-20T11:16:00.006Z,2026-08-20,06:16,Thu,NO_MODULE,,,,,,dom,cloud,waitlist module absent
2026-08-20T06:17:00,2026-08-20T11:17:00.004Z,2026-08-20,06:17,Thu,NO_MODULE,,,,,,dom,cloud,waitlist module absent
2026-08-20T06:18:00,2026-08-20T11:18:00.005Z,2026-08-20,06:18,Thu,NO_MODULE,,,,,,dom,cloud,waitlist module absent
2026-08-20T06:19:00,2026-08-20T11:19:00.005Z,2026-08-20,06:19,Thu,NO_MODULE,,,,,,dom,cloud,waitlist module absent
2026-08-20T06:20:00,2026-08-20T11:20:00.005Z,2026-08-20,06:20,Thu,NO_MODULE,,,,,,dom,cloud,waitlist module absent
2026-08-20T06:21:00,2026-08-20T11:21:00.004Z,2026-08-20,06:21,Thu,NO_MODULE,,,,,,dom,cloud,waitlist module absent
2026-08-20T06:22:00,2026-08-20T11:22:00.005Z,2026-08-20,06:22,Thu,NO_MODULE,,,,,,dom,cloud,waitlist module absent
2026-08-20T06:23:00,2026-08-20T11:23:00.004Z,2026-08-20,06:23,Thu,NO_MODULE,,,,,,dom,cloud,waitlist module absent
2026-08-20T06:24:00,2026-08-20T11:24:00.004Z,2026-08-20,06:24,Thu,NO_MODULE,,,,,,dom,cloud,waitlist module absent
2026-08-20T06:25:00,2026-08-20T11:25:00.005Z,2026-08-20,06:25,Thu,NO_MODULE,,,,,,dom,cloud,waitlist module absent
2026-08-20T06:26:00,2026-08-20T11:26:00.005Z,2026-08-20,06:26,Thu,NO_MODULE,,,,,,dom,cloud,waitlist module absent
2026-08-20T06:27:00,2026-08-20T11:27:00.005Z,2026-08-20,06:27,Thu,NO_MODULE,,,,,,dom,cloud,waitlist module absent
2026-08-20T06:28:00,2026-08-20T11:28:00.005Z,2026-08-20,06:28,Thu,NO_MODULE,,,,,,dom,cloud,waitlist module absent
2026-08-20T06:29:00,2026-08-20T11:29:00.002Z,2026-08-20,06:29,Thu,NO_MODULE,,,,,,dom,cloud,waitlist module absent
2026-08-20T06:30:00,2026-08-20T11:30:00.004Z,2026-08-20,06:30,Thu,NO_MODULE,,,,,,dom,cloud,waitlist module absent
2026-08-20T06:31:00,2026-08-20T11:31:00.005Z,2026-08-20,06:31,Thu,NO_MODULE,,,,,,dom,cloud,waitlist module absent
2026-08-20T06:32:00,2026-08-20T11:32:00.006Z,2026-08-20,06:32,Thu,NO_MODULE,,,,,,dom,cloud,waitlist module absent
2026-08-20T06:33:00,2026-08-20T11:33:00.006Z,2026-08-20,06:33,Thu,NO_MODULE,,,,,,dom,cloud,waitlist module absent
2026-08-20T06:34:00,2026-08-20T11:34:00.004Z,2026-08-20,06:34,Thu,EMPTY_CLOSED,0,5,15,0,2,api,cloud,
2026-08-20T06:35:00,2026-08-20T11:35:00.013Z,2026-08-20,06:35,Thu,EMPTY_CLOSED,0,5,15,0,2,api,cloud,
2026-08-20T06:36:00,2026-08-20T11:36:00.017Z,2026-08-20,06:36,Thu,NO_MODULE,,,,,,dom,cloud,waitlist module absent
2026-08-20T06:37:00,2026-08-20T11:37:00.004Z,2026-08-20,06:37,Thu,NO_MODULE,,,,,,dom,cloud,waitlist module absent
2026-08-20T06:38:00,2026-08-20T11:38:00.005Z,2026-08-20,06:38,Thu,EMPTY_CLOSED,0,5,15,0,2,api,cloud,
2026-08-20T06:39:00,2026-08-20T11:39:00.028Z,2026-08-20,06:39,Thu,EMPTY_CLOSED,0,5,15,0,2,api,cloud,
2026-08-20T06:40:00,2026-08-20T11:40:00.028Z,2026-08-20,06:40,Thu,NO_MODULE,,,,,,dom,cloud,waitlist module absent
2026-08-20T06:41:00,2026-08-20T11:41:00.005Z,2026-08-20,06:41,Thu,NO_MODULE,,,,,,dom,cloud,waitlist module absent
2026-08-20T06:42:00,2026-08-20T11:42:00.004Z,2026-08-20,06:42,Thu,EMPTY_CLOSED,0,5,15,0,2,api,cloud,
2026-08-20T06:43:00,2026-08-20T11:43:00.029Z,2026-08-20,06:43,Thu,EMPTY_CLOSED,0,5,15,0,2,api,cloud,
2026-08-20T06:44:00,2026-08-20T11:44:00.028Z,2026-08-20,06:44,Thu,EMPTY_CLOSED,0,5,15,0,2,api,cloud,
2026-08-20T06:45:00,2026-08-20T11:45:00.028Z,2026-08-20,06:45,Thu,EMPTY_CLOSED,0,5,15,0,2,api,cloud,
2026-08-20T06:46:00,2026-08-20T11:46:00.028Z,2026-08-20,06:46,Thu,EMPTY_CLOSED,0,5,15,0,2,api,cloud,
2026-08-20T06:47:00,2026-08-20T11:47:00.029Z,2026-08-20,06:47,Thu,EMPTY_CLOSED,0,5,15,0,2,api,cloud,
2026-08-20T06:48:00,2026-08-20T11:48:00.028Z,2026-08-20,06:48,Thu,EMPTY_CLOSED,0,5,15,0,2,api,cloud,
2026-08-20T06:49:00,2026-08-20T11:49:00.024Z,2026-08-20,06:49,Thu,EMPTY_CLOSED,0,5,15,0,2,api,cloud,
2026-08-20T06:50:00,2026-08-20T11:50:00.003Z,2026-08-20,06:50,Thu,EMPTY_CLOSED,0,5,15,0,2,api,cloud,
2026-08-20T06:51:00,2026-08-20T11:51:00.028Z,2026-08-20,06:51,Thu,EMPTY_CLOSED,0,5,15,0,2,api,cloud,
2026-08-20T06:52:00,2026-08-20T11:52:00.029Z,2026-08-20,06:52,Thu,EMPTY_CLOSED,0,5,15,0,2,api,cloud,
2026-08-20T06:53:00,2026-08-20T11:53:00.028Z,2026-08-20,06:53,Thu,EMPTY_CLOSED,0,5,15,0,2,api,cloud,
2026-08-20T06:54:00,2026-08-20T11:54:00.028Z,2026-08-20,06:54,Thu,EMPTY_CLOSED,0,5,15,0,2,api,cloud,
2026-08-20T06:55:00,2026-08-20T11:55:00.010Z,2026-08-20,06:55,Thu,EMPTY_CLOSED,0,5,15,0,2,api,cloud,
2026-08-20T06:56:00,2026-08-20T11:56:00.029Z,2026-08-20,06:56,Thu,EMPTY_CLOSED,0,5,15,0,2,api,cloud,
2026-08-20T06:57:00,2026-08-20T11:57:00.028Z,2026-08-20,06:57,Thu,EMPTY_CLOSED,0,5,15,0,2,api,cloud,
2026-08-20T06:58:00,2026-08-20T11:58:00.028Z,2026-08-20,06:58,Thu,EMPTY_CLOSED,0,5,15,0,2,api,cloud,
2026-08-20T06:59:00,2026-08-20T11:59:00.029Z,2026-08-20,06:59,Thu,EMPTY_CLOSED,0,5,15,0,2,api,cloud,
2026-08-20T07:00:00,2026-08-20T12:00:00.027Z,2026-08-20,07:00,Thu,EMPTY_CLOSED,0,5,15,0,2,api,cloud,
2026-08-20T07:01:00,2026-08-20T12:01:00.028Z,2026-08-20,07:01,Thu,EMPTY_CLOSED,0,5,15,0,2,api,cloud,
2026-08-20T07:02:00,2026-08-20T12:02:00.028Z,2026-08-20,07:02,Thu,EMPTY_CLOSED,0,5,15,0,2,api,cloud,
2026-08-20T07:03:00,2026-08-20T12:03:00.027Z,2026-08-20,07:03,Thu,EMPTY_CLOSED,0,5,15,0,2,api,cloud,
2026-08-20T07:04:00,2026-08-20T12:04:00.029Z,2026-08-20,07:04,Thu,EMPTY_CLOSED,0,5,15,0,2,api,cloud,
2026-08-20T07:05:00,2026-08-20T12:05:00.028Z,2026-08-20,07:05,Thu,EMPTY_CLOSED,0,5,15,0,2,api,cloud,
2026-08-20T07:06:00,2026-08-20T12:06:00.028Z,2026-08-20,07:06,Thu,EMPTY_CLOSED,0,5,15,0,2,api,cloud,
2026-08-20T07:07:00,2026-08-20T12:07:00.028Z,2026-08-20,07:07,Thu,EMPTY_CLOSED,0,5,15,0,2,api,cloud,
2026-08-20T07:08:00,2026-08-20T12:08:00.029Z,2026-08-20,07:08,Thu,EMPTY_CLOSED,0,5,15,0,2,api,cloud,
2026-08-20T07:09:00,2026-08-20T12:09:00.029Z,2026-08-20,07:09,Thu,EMPTY_CLOSED,0,5,15,0,2,api,cloud,
2026-08-20T07:10:00,2026-08-20T12:10:00.002Z,2026-08-20,07:10,Thu,EMPTY_CLOSED,0,5,15,0,2,api,cloud,
2026-08-20T07:11:00,2026-08-20T12:11:00.015Z,2026-08-20,07:11,Thu,EMPTY_CLOSED,0,5,15,0,2,api,cloud,
2026-08-20T07:12:00,2026-08-20T12:12:00.029Z,2026-08-20,07:12,Thu,EMPTY_CLOSED,0,5,15,0,2,api,cloud,
2026-08-20T07:13:00,2026-08-20T12:13:00.021Z,2026-08-20,07:13,Thu,EMPTY_CLOSED,0,5,15,0,2,api,cloud,
2026-08-20T07:14:00,2026-08-20T12:14:00.028Z,2026-08-20,07:14,Thu,EMPTY_CLOSED,0,5,15,0,2,api,cloud,
2026-08-20T07:15:00,2026-08-20T12:15:00.027Z,2026-08-20,07:15,Thu,EMPTY_CLOSED,0,5,15,0,2,api,cloud,
2026-08-20T07:16:00,2026-08-20T12:16:00.029Z,2026-08-20,07:16,Thu,EMPTY_CLOSED,0,5,15,0,2,api,cloud,
2026-08-20T07:17:00,2026-08-20T12:17:00.029Z,2026-08-20,07:17,Thu,EMPTY_CLOSED,0,5,15,0,2,api,cloud,
2026-08-20T07:18:00,2026-08-20T12:18:00.028Z,2026-08-20,07:18,Thu,EMPTY_CLOSED,0,5,15,0,2,api,cloud,
2026-08-20T07:19:00,2026-08-20T12:19:00.028Z,2026-08-20,07:19,Thu,EMPTY_CLOSED,0,5,15,0,2,api,cloud,
2026-08-20T07:20:00,2026-08-20T12:20:00.029Z,2026-08-20,07:20,Thu,EMPTY_CLOSED,0,5,15,0,2,api,cloud,
2026-08-20T07:21:00,2026-08-20T12:21:00.014Z,2026-08-20,07:21,Thu,EMPTY_CLOSED,0,5,15,0,2,api,cloud,
2026-08-20T07:22:00,2026-08-20T12:22:00.026Z,2026-08-20,07:22,Thu,EMPTY_CLOSED,0,5,15,0,2,api,cloud,
2026-08-20T07:23:00,2026-08-20T12:23:00.028Z,2026-08-20,07:23,Thu,EMPTY_CLOSED,0,5,15,0,2,api,cloud,
2026-08-20T07:24:00,2026-08-20T12:24:00.029Z,2026-08-20,07:24,Thu,EMPTY_CLOSED,0,5,15,0,2,api,cloud,
2026-08-20T07:25:00,2026-08-20T12:25:00.028Z,2026-08-20,07:25,Thu,EMPTY_CLOSED,0,5,15,0,2,api,cloud,
2026-08-20T07:26:00,2026-08-20T12:26:00.028Z,2026-08-20,07:26,Thu,EMPTY_CLOSED,0,5,15,0,2,api,cloud,
2026-08-20T07:27:00,2026-08-20T12:27:00.013Z,2026-08-20,07:27,Thu,EMPTY_CLOSED,0,5,15,0,2,api,cloud,
2026-08-20T07:28:00,2026-08-20T12:28:00.029Z,2026-08-20,07:28,Thu,EMPTY_CLOSED,0,5,15,0,2,api,cloud,
2026-08-20T07:29:00,2026-08-20T12:29:00.028Z,2026-08-20,07:29,Thu,EMPTY_CLOSED,0,5,15,0,2,api,cloud,
2026-08-20T07:30:00,2026-08-20T12:30:00.029Z,2026-08-20,07:30,Thu,EMPTY_CLOSED,0,5,15,0,2,api,cloud,
2026-08-20T07:31:00,2026-08-20T12:31:00.028Z,2026-08-20,07:31,Thu,EMPTY_CLOSED,0,5,15,0,2,api,cloud,
2026-08-20T07:32:00,2026-08-20T12:32:00.019Z,2026-08-20,07:32,Thu,EMPTY_CLOSED,0,5,15,0,2,api,cloud,
2026-08-20T07:33:00,2026-08-20T12:33:00.013Z,2026-08-20,07:33,Thu,EMPTY_CLOSED,0,5,15,0,2,api,cloud,
2026-08-20T07:34:00,2026-08-20T12:34:00.005Z,2026-08-20,07:34,Thu,EMPTY_CLOSED,0,5,15,0,2,api,cloud,
2026-08-20T07:35:00,2026-08-20T12:35:00.029Z,2026-08-20,07:35,Thu,EMPTY_CLOSED,0,5,15,0,2,api,cloud,
2026-08-20T07:36:00,2026-08-20T12:36:00.028Z,2026-08-20,07:36,Thu,EMPTY_CLOSED,0,5,15,0,2,api,cloud,
2026-08-20T07:37:00,2026-08-20T12:37:00.028Z,2026-08-20,07:37,Thu,EMPTY_CLOSED,0,5,15,0,2,api,cloud,
2026-08-20T07:38:00,2026-08-20T12:38:00.027Z,2026-08-20,07:38,Thu,EMPTY_CLOSED,0,5,15,0,2,api,cloud,
2026-08-20T07:39:00,2026-08-20T12:39:00.029Z,2026-08-20,07:39,Thu,EMPTY_CLOSED,0,5,15,0,2,api,cloud,
2026-08-20T07:40:00,2026-08-20T12:40:00.013Z,2026-08-20,07:40,Thu,EMPTY_CLOSED,0,5,15,0,2,api,cloud,
2026-08-20T07:41:00,2026-08-20T12:41:00.028Z,2026-08-20,07:41,Thu,EMPTY_CLOSED,0,5,15,0,2,api,cloud,
2026-08-20T07:42:00,2026-08-20T12:42:00.029Z,2026-08-20,07:42,Thu,EMPTY_CLOSED,0,5,15,0,2,api,cloud,
2026-08-20T07:43:00,2026-08-20T12:43:00.029Z,2026-08-20,07:43,Thu,EMPTY_CLOSED,0,5,15,0,2,api,cloud,
2026-08-20T07:44:00,2026-08-20T12:44:00.029Z,2026-08-20,07:44,Thu,EMPTY_CLOSED,0,5,15,0,2,api,cloud,
2026-08-20T07:45:00,2026-08-20T12:45:00.029Z,2026-08-20,07:45,Thu,EMPTY_CLOSED,0,5,15,0,2,api,cloud,
2026-08-20T07:46:00,2026-08-20T12:46:00.028Z,2026-08-20,07:46,Thu,EMPTY_CLOSED,0,5,15,0,2,api,cloud,
2026-08-20T07:47:00,2026-08-20T12:47:00.029Z,2026-08-20,07:47,Thu,EMPTY_CLOSED,0,5,15,0,2,api,cloud,
2026-08-20T07:48:00,2026-08-20T12:48:00.028Z,2026-08-20,07:48,Thu,EMPTY_CLOSED,0,5,15,0,2,api,cloud,
2026-08-20T07:49:00,2026-08-20T12:49:00.028Z,2026-08-20,07:49,Thu,EMPTY_CLOSED,0,5,15,0,2,api,cloud,
2026-08-20T07:50:00,2026-08-20T12:50:00.028Z,2026-08-20,07:50,Thu,EMPTY_CLOSED,0,5,15,0,2,api,cloud,
2026-08-20T07:51:00,2026-08-20T12:51:00.003Z,2026-08-20,07:51,Thu,EMPTY_CLOSED,0,5,15,0,2,api,cloud,
2026-08-20T07:52:00,2026-08-20T12:52:00.027Z,2026-08-20,07:52,Thu,EMPTY_CLOSED,0,5,15,0,2,api,cloud,
2026-08-20T07:53:00,2026-08-20T12:53:00.013Z,2026-08-20,07:53,Thu,EMPTY_CLOSED,0,5,15,0,2,api,cloud,
2026-08-20T07:54:00,2026-08-20T12:54:00.029Z,2026-08-20,07:54,Thu,EMPTY_CLOSED,0,5,15,0,2,api,cloud,
2026-08-20T07:55:00,2026-08-20T12:55:00.005Z,2026-08-20,07:55,Thu,EMPTY_CLOSED,0,5,15,0,2,api,cloud,
2026-08-20T07:56:00,2026-08-20T12:56:00.028Z,2026-08-20,07:56,Thu,EMPTY_CLOSED,0,5,15,0,2,api,cloud,
2026-08-20T07:57:00,2026-08-20T12:57:00.027Z,2026-08-20,07:57,Thu,EMPTY_CLOSED,0,5,15,0,2,api,cloud,
2026-08-20T07:58:00,2026-08-20T12:58:00.028Z,2026-08-20,07:58,Thu,EMPTY_CLOSED,0,5,15,0,2,api,cloud,
2026-08-20T07:59:00,2026-08-20T12:59:00.017Z,2026-08-20,07:59,Thu,EMPTY_CLOSED,0,5,15,0,2,api,cloud,
2026-08-20T08:00:00,2026-08-20T13:00:00.021Z,2026-08-20,08:00,Thu,EMPTY_CLOSED,0,5,15,0,2,api,cloud,
2026-08-20T08:01:00,2026-08-20T13:01:00.026Z,2026-08-20,08:01,Thu,EMPTY_CLOSED,0,5,15,0,2,api,cloud,
2026-08-20T08:02:00,2026-08-20T13:02:00.020Z,2026-08-20,08:02,Thu,EMPTY_CLOSED,0,5,15,0,2,api,cloud,
2026-08-20T08:03:00,2026-08-20T13:03:00.024Z,2026-08-20,08:03,Thu,EMPTY_CLOSED,0,5,15,0,2,api,cloud,
2026-08-20T08:04:00,2026-08-20T13:04:00.028Z,2026-08-20,08:04,Thu,EMPTY_CLOSED,0,5,15,0,2,api,cloud,
2026-08-20T08:05:00,2026-08-20T13:05:00.029Z,2026-08-20,08:05,Thu,EMPTY_CLOSED,0,5,15,0,2,api,cloud,
2026-08-20T08:06:00,2026-08-20T13:06:00.020Z,2026-08-20,08:06,Thu,EMPTY_CLOSED,0,5,15,0,2,api,cloud,
2026-08-20T08:07:00,2026-08-20T13:07:00.024Z,2026-08-20,08:07,Thu,EMPTY_CLOSED,0,5,15,0,2,api,cloud,
2026-08-20T08:08:00,2026-08-20T13:08:00.028Z,2026-08-20,08:08,Thu,EMPTY_CLOSED,0,5,15,0,2,api,cloud,
2026-08-20T08:09:00,2026-08-20T13:09:00.028Z,2026-08-20,08:09,Thu,EMPTY_CLOSED,0,5,15,0,2,api,cloud,
2026-08-20T08:10:00,2026-08-20T13:10:00.028Z,2026-08-20,08:10,Thu,EMPTY_CLOSED,0,5,15,0,2,api,cloud,
2026-08-20T08:11:00,2026-08-20T13:11:00.028Z,2026-08-20,08:11,Thu,EMPTY_CLOSED,0,5,15,0,2,api,cloud,
2026-08-20T08:12:00,2026-08-20T13:12:00.028Z,2026-08-20,08:12,Thu,EMPTY_CLOSED,0,5,15,0,2,api,cloud,
2026-08-20T08:13:00,2026-08-20T13:13:00.029Z,2026-08-20,08:13,Thu,EMPTY_CLOSED,0,5,15,0,2,api,cloud,
2026-08-20T08:14:00,2026-08-20T13:14:00.013Z,2026-08-20,08:14,Thu,EMPTY_CLOSED,0,5,15,0,2,api,cloud,
2026-08-20T08:15:00,2026-08-20T13:15:00.028Z,2026-08-20,08:15,Thu,EMPTY_CLOSED,0,5,15,0,2,api,cloud,
2026-08-20T08:16:00,2026-08-20T13:16:00.005Z,2026-08-20,08:16,Thu,EMPTY_CLOSED,0,5,15,0,2,api,cloud,
2026-08-20T08:17:00,2026-08-20T13:17:00.009Z,2026-08-20,08:17,Thu,EMPTY_CLOSED,0,5,15,0,2,api,cloud,
2026-08-20T08:18:00,2026-08-20T13:18:00.030Z,2026-08-20,08:18,Thu,EMPTY_CLOSED,0,5,15,0,2,api,cloud,
2026-08-20T08:19:00,2026-08-20T13:19:00.029Z,2026-08-20,08:19,Thu,EMPTY_CLOSED,0,5,15,0,2,api,cloud,
2026-08-20T08:20:00,2026-08-20T13:20:00.029Z,2026-08-20,08:20,Thu,EMPTY_CLOSED,0,5,15,0,2,api,cloud,
2026-08-20T08:21:00,2026-08-20T13:21:00.028Z,2026-08-20,08:21,Thu,EMPTY_CLOSED,0,5,15,0,2,api,cloud,
2026-08-20T08:22:00,2026-08-20T13:22:00.028Z,2026-08-20,08:22,Thu,EMPTY_CLOSED,0,5,15,0,2,api,cloud,
2026-08-20T08:23:00,2026-08-20T13:23:00.028Z,2026-08-20,08:23,Thu,EMPTY_CLOSED,0,5,15,0,2,api,cloud,
2026-08-20T08:24:00,2026-08-20T13:24:00.003Z,2026-08-20,08:24,Thu,EMPTY_CLOSED,0,5,15,0,2,api,cloud,
2026-08-20T08:25:00,2026-08-20T13:25:00.007Z,2026-08-20,08:25,Thu,EMPTY_CLOSED,0,5,15,0,2,api,cloud,
2026-08-20T08:26:00,2026-08-20T13:26:00.028Z,2026-08-20,08:26,Thu,EMPTY_CLOSED,0,5,15,0,2,api,cloud,
2026-08-20T08:27:00,2026-08-20T13:27:00.029Z,2026-08-20,08:27,Thu,EMPTY_CLOSED,0,5,15,0,2,api,cloud,
2026-08-20T08:28:00,2026-08-20T13:28:00.028Z,2026-08-20,08:28,Thu,EMPTY_CLOSED,0,5,15,0,2,api,cloud,
2026-08-20T08:29:00,2026-08-20T13:29:00.028Z,2026-08-20,08:29,Thu,EMPTY_CLOSED,0,5,15,0,2,api,cloud,
2026-08-20T08:30:00,2026-08-20T13:30:00.028Z,2026-08-20,08:30,Thu,EMPTY_CLOSED,0,5,15,0,2,api,cloud,
2026-08-20T08:31:00,2026-08-20T13:31:00.030Z,2026-08-20,08:31,Thu,EMPTY_CLOSED,0,5,15,0,2,api,cloud,
2026-08-20T08:32:00,2026-08-20T13:32:00.029Z,2026-08-20,08:32,Thu,EMPTY_CLOSED,0,5,15,0,2,api,cloud,
2026-08-20T08:33:00,2026-08-20T13:33:00.029Z,2026-08-20,08:33,Thu,EMPTY_CLOSED,0,5,15,0,2,api,cloud,
2026-08-20T08:34:00,2026-08-20T13:34:00.029Z,2026-08-20,08:34,Thu,EMPTY_CLOSED,0,5,15,0,2,api,cloud,
2026-08-20T08:35:00,2026-08-20T13:35:00.029Z,2026-08-20,08:35,Thu,EMPTY_CLOSED,0,5,15,0,2,api,cloud,
2026-08-20T08:36:00,2026-08-20T13:36:00.028Z,2026-08-20,08:36,Thu,EMPTY_CLOSED,0,5,15,0,2,api,cloud,
2026-08-20T08:37:00,2026-08-20T13:37:00.028Z,2026-08-20,08:37,Thu,EMPTY_CLOSED,0,5,15,0,2,api,cloud,
2026-08-20T08:38:00,2026-08-20T13:38:00.029Z,2026-08-20,08:38,Thu,EMPTY_CLOSED,0,5,15,0,2,api,cloud,
2026-08-20T08:39:00,2026-08-20T13:39:00.028Z,2026-08-20,08:39,Thu,EMPTY_CLOSED,0,5,15,0,2,api,cloud,
2026-08-20T08:40:00,2026-08-20T13:40:00.028Z,2026-08-20,08:40,Thu,EMPTY_CLOSED,0,5,15,0,2,api,cloud,
2026-08-20T08:41:00,2026-08-20T13:41:00.028Z,2026-08-20,08:41,Thu,EMPTY_CLOSED,0,5,15,0,2,api,cloud,
2026-08-20T08:42:00,2026-08-20T13:42:00.029Z,2026-08-20,08:42,Thu,EMPTY_CLOSED,0,5,15,0,2,api,cloud,
2026-08-20T08:43:00,2026-08-20T13:43:00.028Z,2026-08-20,08:43,Thu,EMPTY_CLOSED,0,5,15,0,2,api,cloud,
2026-08-20T08:44:00,2026-08-20T13:44:00.028Z,2026-08-20,08:44,Thu,EMPTY_CLOSED,0,5,15,0,2,api,cloud,
2026-08-20T08:45:00,2026-08-20T13:45:00.028Z,2026-08-20,08:45,Thu,EMPTY_CLOSED,0,5,15,0,2,api,cloud,
2026-08-20T08:46:00,2026-08-20T13:46:00.028Z,2026-08-20,08:46,Thu,EMPTY_CLOSED,0,5,15,0,2,api,cloud,
2026-08-20T08:47:00,2026-08-20T13:47:00.028Z,2026-08-20,08:47,Thu,EMPTY_CLOSED,0,5,15,0,2,api,cloud,
2026-08-20T08:48:00,2026-08-20T13:48:00.029Z,2026-08-20,08:48,Thu,EMPTY_CLOSED,0,5,15,0,2,api,cloud,
2026-08-20T08:49:00,2026-08-20T13:49:00.029Z,2026-08-20,08:49,Thu,EMPTY_CLOSED,0,5,15,0,2,api,cloud,
2026-08-20T08:50:00,2026-08-20T13:50:00.029Z,2026-08-20,08:50,Thu,EMPTY_CLOSED,0,5,15,0,2,api,cloud,
2026-08-20T08:51:00,2026-08-20T13:51:00.000Z,2026-08-20,08:51,Thu,ERROR,,,,,,none,cloud,no waitlist data in response or DOM | https://toast.app/r/oph-edina
2026-08-20T08:52:00,2026-08-20T13:52:00.004Z,2026-08-20,08:52,Thu,EMPTY_CLOSED,0,5,15,0,2,api,cloud,
2026-08-20T08:53:00,2026-08-20T13:53:00.028Z,2026-08-20,08:53,Thu,ERROR,,,,,,none,cloud,no waitlist data in response or DOM | https://toast.app/r/oph-edina
2026-08-20T08:54:00,2026-08-20T13:54:00.004Z,2026-08-20,08:54,Thu,EMPTY_CLOSED,0,5,15,0,2,api,cloud,
2026-08-20T08:55:00,2026-08-20T13:55:00.025Z,2026-08-20,08:55,Thu,EMPTY_CLOSED,0,5,15,0,2,api,cloud,
2026-08-20T08:56:00,2026-08-20T13:56:00.029Z,2026-08-20,08:56,Thu,EMPTY_CLOSED,0,5,15,0,2,api,cloud,
2026-08-20T08:57:00,2026-08-20T13:57:00.028Z,2026-08-20,08:57,Thu,EMPTY_CLOSED,0,5,15,0,2,api,cloud,
2026-08-20T08:58:00,2026-08-20T13:58:00.022Z,2026-08-20,08:58,Thu,EMPTY_CLOSED,0,5,15,0,2,api,cloud,
2026-08-20T08:59:00,2026-08-20T13:59:00.005Z,2026-08-20,08:59,Thu,EMPTY_CLOSED,0,5,15,0,2,api,cloud,
2026-08-20T09:00:00,2026-08-20T14:00:00.029Z,2026-08-20,09:00,Thu,EMPTY_CLOSED,0,5,15,0,2,api,cloud,
2026-08-20T09:01:00,2026-08-20T14:01:00.027Z,2026-08-20,09:01,Thu,EMPTY_CLOSED,0,5,15,0,2,api,cloud,
2026-08-20T09:02:00,2026-08-20T14:02:00.027Z,2026-08-20,09:02,Thu,EMPTY_CLOSED,0,5,15,0,2,api,cloud,
2026-08-20T09:03:00,2026-08-20T14:03:00.029Z,2026-08-20,09:03,Thu,EMPTY_CLOSED,0,5,15,0,2,api,cloud,
2026-08-20T09:04:00,2026-08-20T14:04:00.028Z,2026-08-20,09:04,Thu,EMPTY_CLOSED,0,5,15,0,2,api,cloud,
2026-08-20T09:05:00,2026-08-20T14:05:00.028Z,2026-08-20,09:05,Thu,EMPTY_CLOSED,0,5,15,0,2,api,cloud,
2026-08-20T09:06:00,2026-08-20T14:06:00.030Z,2026-08-20,09:06,Thu,EMPTY_CLOSED,0,5,15,0,2,api,cloud,
2026-08-20T09:07:00,2026-08-20T14:07:00.029Z,2026-08-20,09:07,Thu,EMPTY_CLOSED,0,5,15,0,2,api,cloud,
2026-08-20T09:08:00,2026-08-20T14:08:00.029Z,2026-08-20,09:08,Thu,EMPTY_CLOSED,0,5,15,0,2,api,cloud,
2026-08-20T09:09:00,2026-08-20T14:09:00.028Z,2026-08-20,09:09,Thu,EMPTY_CLOSED,0,5,15,0,2,api,cloud,
2026-08-20T09:10:00,2026-08-20T14:10:00.029Z,2026-08-20,09:10,Thu,EMPTY_CLOSED,0,5,15,0,2,api,cloud,
2026-08-20T09:11:00,2026-08-20T14:11:00.013Z,2026-08-20,09:11,Thu,EMPTY_CLOSED,0,5,15,0,2,api,cloud,
2026-08-20T09:12:00,2026-08-20T14:12:00.028Z,2026-08-20,09:12,Thu,EMPTY_CLOSED,0,5,15,0,2,api,cloud,
2026-08-20T09:13:00,2026-08-20T14:13:00.029Z,2026-08-20,09:13,Thu,EMPTY_CLOSED,0,5,15,0,2,api,cloud,
2026-08-20T09:14:00,2026-08-20T14:14:00.029Z,2026-08-20,09:14,Thu,EMPTY_CLOSED,0,5,15,0,2,api,cloud,
2026-08-20T09:15:00,2026-08-20T14:15:00.029Z,2026-08-20,09:15,Thu,EMPTY_CLOSED,0,5,15,0,2,api,cloud,
2026-08-20T09:16:00,2026-08-20T14:16:00.028Z,2026-08-20,09:16,Thu,EMPTY_CLOSED,0,5,15,0,2,api,cloud,
2026-08-20T09:17:00,2026-08-20T14:17:00.029Z,2026-08-20,09:17,Thu,EMPTY_CLOSED,0,5,15,0,2,api,cloud,
2026-08-20T09:18:00,2026-08-20T14:18:00.030Z,2026-08-20,09:18,Thu,EMPTY_CLOSED,0,5,15,0,2,api,cloud,
2026-08-20T09:19:00,2026-08-20T14:19:00.011Z,2026-08-20,09:19,Thu,EMPTY_CLOSED,0,5,15,0,2,api,cloud,
2026-08-20T09:20:00,2026-08-20T14:20:00.028Z,2026-08-20,09:20,Thu,EMPTY_CLOSED,0,5,15,0,2,api,cloud,
2026-08-20T09:21:00,2026-08-20T14:21:00.028Z,2026-08-20,09:21,Thu,EMPTY_CLOSED,0,5,15,0,2,api,cloud,
2026-08-20T09:22:00,2026-08-20T14:22:00.027Z,2026-08-20,09:22,Thu,EMPTY_CLOSED,0,5,15,0,2,api,cloud,
2026-08-20T09:23:00,2026-08-20T14:23:00.001Z,2026-08-20,09:23,Thu,EMPTY_CLOSED,0,5,15,0,2,api,cloud,
2026-08-20T09:24:00,2026-08-20T14:24:00.017Z,2026-08-20,09:24,Thu,EMPTY_CLOSED,0,5,15,0,2,api,cloud,
2026-08-20T09:25:00,2026-08-20T14:25:00.028Z,2026-08-20,09:25,Thu,EMPTY_CLOSED,0,5,15,0,2,api,cloud,
2026-08-20T09:26:00,2026-08-20T14:26:00.028Z,2026-08-20,09:26,Thu,EMPTY_CLOSED,0,5,15,0,2,api,cloud,
2026-08-20T09:27:00,2026-08-20T14:27:00.028Z,2026-08-20,09:27,Thu,EMPTY_CLOSED,0,5,15,0,2,api,cloud,
2026-08-20T09:28:00,2026-08-20T14:28:00.029Z,2026-08-20,09:28,Thu,EMPTY_CLOSED,0,5,15,0,2,api,cloud,
2026-08-20T09:29:00,2026-08-20T14:29:00.029Z,2026-08-20,09:29,Thu,EMPTY_CLOSED,0,5,15,0,2,api,cloud,
2026-08-20T09:30:00,2026-08-20T14:30:00.028Z,2026-08-20,09:30,Thu,EMPTY_CLOSED,0,5,15,0,2,api,cloud,
2026-08-20T09:31:00,2026-08-20T14:31:00.027Z,2026-08-20,09:31,Thu,EMPTY_CLOSED,0,5,15,0,2,api,cloud,
2026-08-20T09:32:00,2026-08-20T14:32:00.023Z,2026-08-20,09:32,Thu,EMPTY_CLOSED,0,5,15,0,2,api,cloud,
2026-08-20T09:33:00,2026-08-20T14:33:00.029Z,2026-08-20,09:33,Thu,EMPTY_CLOSED,0,5,15,0,2,api,cloud,
2026-08-20T09:34:00,2026-08-20T14:34:00.029Z,2026-08-20,09:34,Thu,EMPTY_CLOSED,0,5,15,0,2,api,cloud,
2026-08-20T09:35:00,2026-08-20T14:35:00.028Z,2026-08-20,09:35,Thu,EMPTY_CLOSED,0,5,15,0,2,api,cloud,
2026-08-20T09:36:00,2026-08-20T14:36:00.028Z,2026-08-20,09:36,Thu,EMPTY_CLOSED,0,5,15,0,2,api,cloud,
2026-08-20T09:37:00,2026-08-20T14:37:00.027Z,2026-08-20,09:37,Thu,EMPTY_CLOSED,0,5,15,0,2,api,cloud,
2026-08-20T09:38:00,2026-08-20T14:38:00.028Z,2026-08-20,09:38,Thu,EMPTY_CLOSED,0,5,15,0,2,api,cloud,
2026-08-20T09:39:00,2026-08-20T14:39:00.030Z,2026-08-20,09:39,Thu,EMPTY_CLOSED,0,5,15,0,2,api,cloud,
2026-08-20T09:40:00,2026-08-20T14:40:00.005Z,2026-08-20,09:40,Thu,EMPTY_CLOSED,0,5,15,0,2,api,cloud,
2026-08-20T09:41:00,2026-08-20T14:41:00.027Z,2026-08-20,09:41,Thu,EMPTY_CLOSED,0,5,15,0,2,api,cloud,
2026-08-20T09:42:00,2026-08-20T14:42:00.028Z,2026-08-20,09:42,Thu,EMPTY_CLOSED,0,5,15,0,2,api,cloud,
2026-08-20T09:43:00,2026-08-20T14:43:00.028Z,2026-08-20,09:43,Thu,EMPTY_CLOSED,0,5,15,0,2,api,cloud,
2026-08-20T09:44:00,2026-08-20T14:44:00.028Z,2026-08-20,09:44,Thu,EMPTY_CLOSED,0,5,15,0,2,api,cloud,
2026-08-20T09:45:00,2026-08-20T14:45:00.028Z,2026-08-20,09:45,Thu,EMPTY_CLOSED,0,5,15,0,2,api,cloud,
2026-08-20T09:46:00,2026-08-20T14:46:00.030Z,2026-08-20,09:46,Thu,EMPTY_CLOSED,0,5,15,0,2,api,cloud,
2026-08-20T09:47:00,2026-08-20T14:47:00.018Z,2026-08-20,09:47,Thu,EMPTY_CLOSED,0,5,15,0,2,api,cloud,
2026-08-20T09:48:00,2026-08-20T14:48:00.028Z,2026-08-20,09:48,Thu,OPEN,1,5,15,10.0,2,api,cloud,
2026-08-20T09:49:00,2026-08-20T14:49:00.028Z,2026-08-20,09:49,Thu,OPEN,1,5,15,10.0,2,api,cloud,
2026-08-20T09:50:00,2026-08-20T14:50:00.027Z,2026-08-20,09:50,Thu,OPEN,1,5,15,10.0,2,api,cloud,
2026-08-20T09:51:00,2026-08-20T14:51:00.001Z,2026-08-20,09:51,Thu,OPEN,1,5,15,10.0,2,api,cloud,
2026-08-20T09:52:00,2026-08-20T14:52:00.028Z,2026-08-20,09:52,Thu,OPEN,1,5,15,10.0,2,api,cloud,
2026-08-20T09:53:00,2026-08-20T14:53:00.006Z,2026-08-20,09:53,Thu,OPEN,1,5,15,10.0,2,api,cloud,
2026-08-20T09:54:00,2026-08-20T14:54:00.025Z,2026-08-20,09:54,Thu,OPEN,1,5,15,10.0,2,api,cloud,
2026-08-20T09:55:00,2026-08-20T14:55:00.027Z,2026-08-20,09:55,Thu,OPEN,1,5,15,10.0,2,api,cloud,
2026-08-20T09:56:00,2026-08-20T14:56:00.027Z,2026-08-20,09:56,Thu,OPEN,1,5,15,10.0,2,api,cloud,
2026-08-20T09:57:00,2026-08-20T14:57:00.028Z,2026-08-20,09:57,Thu,OPEN,1,5,15,10.0,2,api,cloud,
2026-08-20T09:58:00,2026-08-20T14:58:00.027Z,2026-08-20,09:58,Thu,EMPTY_CLOSED,0,5,15,0,2,api,cloud,
2026-08-20T09:59:00,2026-08-20T14:59:00.028Z,2026-08-20,09:59,Thu,EMPTY_CLOSED,0,5,15,0,2,api,cloud,
2026-08-20T10:00:00,2026-08-20T15:00:00.027Z,2026-08-20,10:00,Thu,EMPTY_CLOSED,0,5,15,0,2,api,cloud,
2026-08-20T10:01:00,2026-08-20T15:01:00.002Z,2026-08-20,10:01,Thu,EMPTY_CLOSED,0,5,15,0,2,api,cloud,
2026-08-20T10:02:00,2026-08-20T15:02:00.029Z,2026-08-20,10:02,Thu,EMPTY_CLOSED,0,5,15,0,2,api,cloud,
2026-08-20T10:03:00,2026-08-20T15:03:00.029Z,2026-08-20,10:03,Thu,EMPTY_CLOSED,0,5,15,0,2,api,cloud,
2026-08-20T10:04:00,2026-08-20T15:04:00.028Z,2026-08-20,10:04,Thu,EMPTY_CLOSED,0,5,15,0,2,api,cloud,
2026-08-20T10:05:00,2026-08-20T15:05:00.028Z,2026-08-20,10:05,Thu,EMPTY_CLOSED,0,5,15,0,2,api,cloud,
2026-08-20T10:06:00,2026-08-20T15:06:00.028Z,2026-08-20,10:06,Thu,EMPTY_CLOSED,0,5,15,0,2,api,cloud,
2026-08-20T10:07:00,2026-08-20T15:07:00.028Z,2026-08-20,10:07,Thu,EMPTY_CLOSED,0,5,15,0,2,api,cloud,
2026-08-20T10:08:00,2026-08-20T15:08:00.028Z,2026-08-20,10:08,Thu,EMPTY_CLOSED,0,5,15,0,2,api,cloud,
2026-08-20T10:09:00,2026-08-20T15:09:00.028Z,2026-08-20,10:09,Thu,EMPTY_CLOSED,0,5,15,0,2,api,cloud,
2026-08-20T10:10:00,2026-08-20T15:10:00.029Z,2026-08-20,10:10,Thu,EMPTY_CLOSED,0,5,15,0,2,api,cloud,
2026-08-20T10:11:00,2026-08-20T15:11:00.028Z,2026-08-20,10:11,Thu,EMPTY_CLOSED,0,5,15,0,2,api,cloud,
2026-08-20T10:12:00,2026-08-20T15:12:00.006Z,2026-08-20,10:12,Thu,EMPTY_CLOSED,0,5,15,0,2,api,cloud,
2026-08-20T10:13:00,2026-08-20T15:13:00.024Z,2026-08-20,10:13,Thu,EMPTY_CLOSED,0,5,15,0,2,api,cloud,
2026-08-20T10:14:00,2026-08-20T15:14:00.027Z,2026-08-20,10:14,Thu,EMPTY_CLOSED,0,5,15,0,2,api,cloud,
2026-08-20T10:15:00,2026-08-20T15:15:00.028Z,2026-08-20,10:15,Thu,EMPTY_CLOSED,0,5,15,0,2,api,cloud,
2026-08-20T10:16:00,2026-08-20T15:16:00.028Z,2026-08-20,10:16,Thu,EMPTY_CLOSED,0,5,15,0,2,api,cloud,
2026-08-20T10:17:00,2026-08-20T15:17:00.017Z,2026-08-20,10:17,Thu,EMPTY_CLOSED,0,5,15,0,2,api,cloud,
2026-08-20T10:18:00,2026-08-20T15:18:00.029Z,2026-08-20,10:18,Thu,EMPTY_CLOSED,0,5,15,0,2,api,cloud,
2026-08-20T10:19:00,2026-08-20T15:19:00.030Z,2026-08-20,10:19,Thu,EMPTY_CLOSED,0,5,15,0,2,api,cloud,
2026-08-20T10:20:00,2026-08-20T15:20:00.023Z,2026-08-20,10:20,Thu,EMPTY_CLOSED,0,5,15,0,2,api,cloud,
2026-08-20T10:21:00,2026-08-20T15:21:00.029Z,2026-08-20,10:21,Thu,EMPTY_CLOSED,0,5,15,0,2,api,cloud,
2026-08-20T10:22:00,2026-08-20T15:22:00.010Z,2026-08-20,10:22,Thu,EMPTY_CLOSED,0,5,15,0,2,api,cloud,
2026-08-20T10:23:00,2026-08-20T15:23:00.014Z,2026-08-20,10:23,Thu,EMPTY_CLOSED,0,5,15,0,2,api,cloud,
2026-08-20T10:24:00,2026-08-20T15:24:00.027Z,2026-08-20,10:24,Thu,EMPTY_CLOSED,0,5,15,0,2,api,cloud,
2026-08-20T10:25:00,2026-08-20T15:25:00.028Z,2026-08-20,10:25,Thu,EMPTY_CLOSED,0,5,15,0,2,api,cloud,
2026-08-20T10:26:00,2026-08-20T15:26:00.008Z,2026-08-20,10:26,Thu,EMPTY_CLOSED,0,5,15,0,2,api,cloud,
2026-08-20T10:27:00,2026-08-20T15:27:00.029Z,2026-08-20,10:27,Thu,EMPTY_CLOSED,0,5,15,0,2,api,cloud,
2026-08-20T10:28:00,2026-08-20T15:28:00.027Z,2026-08-20,10:28,Thu,EMPTY_CLOSED,0,5,15,0,2,api,cloud,
2026-08-20T10:29:00,2026-08-20T15:29:00.013Z,2026-08-20,10:29,Thu,EMPTY_CLOSED,0,5,15,0,2,api,cloud,
2026-08-20T10:50:43,2026-08-20T15:50:43.274Z,2026-08-20,10:50,Thu,EMPTY_CLOSED,0,5,15,0,2,api,cloud,
2026-08-20T10:51:00,2026-08-20T15:51:00.000Z,2026-08-20,10:51,Thu,EMPTY_CLOSED,0,5,15,0,2,api,cloud,
2026-08-20T10:52:00,2026-08-20T15:52:00.043Z,2026-08-20,10:52,Thu,EMPTY_CLOSED,0,5,15,0,2,api,cloud,
2026-08-20T10:53:00,2026-08-20T15:53:00.002Z,2026-08-20,10:53,Thu,EMPTY_CLOSED,0,5,15,0,2,api,cloud,
2026-08-20T10:54:00,2026-08-20T15:54:00.042Z,2026-08-20,10:54,Thu,EMPTY_CLOSED,0,5,15,0,2,api,cloud,
2026-08-20T10:55:00,2026-08-20T15:55:00.030Z,2026-08-20,10:55,Thu,OPEN,4,10,20,15.0,2,api,cloud,
2026-08-20T10:56:00,2026-08-20T15:56:00.044Z,2026-08-20,10:56,Thu,OPEN,7,15,25,20.0,2,api,cloud,
2026-08-20T10:57:00,2026-08-20T15:57:00.028Z,2026-08-20,10:57,Thu,OPEN,8,15,25,20.0,2,api,cloud,
2026-08-20T10:58:00,2026-08-20T15:58:00.032Z,2026-08-20,10:58,Thu,OPEN,8,15,25,20.0,2,api,cloud,
2026-08-20T10:59:00,2026-08-20T15:59:00.037Z,2026-08-20,10:59,Thu,OPEN,5,10,20,15.0,2,api,cloud,
2026-08-20T11:00:00,2026-08-20T16:00:00.041Z,2026-08-20,11:00,Thu,OPEN,7,15,25,20.0,2,api,cloud,
2026-08-20T11:01:00,2026-08-20T16:01:00.013Z,2026-08-20,11:01,Thu,OPEN,7,15,25,20.0,2,api,cloud,
2026-08-20T11:02:00,2026-08-20T16:02:00.043Z,2026-08-20,11:02,Thu,OPEN,7,15,25,20.0,2,api,cloud,
2026-08-20T11:03:00,2026-08-20T16:03:00.036Z,2026-08-20,11:03,Thu,OPEN,8,15,25,20.0,2,api,cloud,
2026-08-20T11:04:00,2026-08-20T16:04:00.036Z,2026-08-20,11:04,Thu,OPEN,9,15,25,20.0,2,api,cloud,
2026-08-20T11:05:00,2026-08-20T16:05:00.020Z,2026-08-20,11:05,Thu,OPEN,6,15,25,20.0,2,api,cloud,
2026-08-20T11:06:00,2026-08-20T16:06:00.045Z,2026-08-20,11:06,Thu,OPEN,5,10,20,15.0,2,api,cloud,
2026-08-20T11:07:00,2026-08-20T16:07:00.019Z,2026-08-20,11:07,Thu,OPEN,5,10,20,15.0,2,api,cloud,
2026-08-20T11:08:00,2026-08-20T16:08:00.007Z,2026-08-20,11:08,Thu,OPEN,5,10,20,15.0,2,api,cloud,
2026-08-20T11:09:00,2026-08-20T16:09:00.034Z,2026-08-20,11:09,Thu,OPEN,5,10,20,15.0,2,api,cloud,
2026-08-20T11:10:00,2026-08-20T16:10:00.041Z,2026-08-20,11:10,Thu,OPEN,6,15,25,20.0,2,api,cloud,
2026-08-20T11:11:00,2026-08-20T16:11:00.044Z,2026-08-20,11:11,Thu,OPEN,6,15,25,20.0,2,api,cloud,
2026-08-20T11:12:00,2026-08-20T16:12:00.031Z,2026-08-20,11:12,Thu,OPEN,3,10,20,15.0,2,api,cloud,
2026-08-20T11:13:00,2026-08-20T16:13:00.044Z,2026-08-20,11:13,Thu,OPEN,3,10,20,15.0,2,api,cloud,
2026-08-20T11:14:00,2026-08-20T16:14:00.044Z,2026-08-20,11:14,Thu,OPEN,3,10,20,15.0,2,api,cloud,
2026-08-20T11:15:00,2026-08-20T16:15:00.020Z,2026-08-20,11:15,Thu,OPEN,3,10,20,15.0,2,api,cloud,
2026-08-20T11:16:00,2026-08-20T16:16:00.030Z,2026-08-20,11:16,Thu,OPEN,4,10,20,15.0,2,api,cloud,
2026-08-20T11:17:00,2026-08-20T16:17:00.034Z,2026-08-20,11:17,Thu,OPEN,4,10,20,15.0,2,api,cloud,
2026-08-20T11:18:00,2026-08-20T16:18:00.044Z,2026-08-20,11:18,Thu,OPEN,3,10,20,15.0,2,api,cloud,
2026-08-20T11:19:00,2026-08-20T16:19:00.009Z,2026-08-20,11:19,Thu,OPEN,4,10,20,15.0,2,api,cloud,
2026-08-20T11:20:00,2026-08-20T16:20:00.013Z,2026-08-20,11:20,Thu,OPEN,3,10,20,15.0,2,api,cloud,
2026-08-20T11:21:00,2026-08-20T16:21:00.044Z,2026-08-20,11:21,Thu,OPEN,2,10,20,15.0,2,api,cloud,
2026-08-20T11:22:00,2026-08-20T16:22:00.044Z,2026-08-20,11:22,Thu,OPEN,2,10,20,15.0,2,api,cloud,
2026-08-20T11:23:00,2026-08-20T16:23:00.010Z,2026-08-20,11:23,Thu,OPEN,3,10,20,15.0,2,api,cloud,
2026-08-20T11:24:00,2026-08-20T16:24:00.044Z,2026-08-20,11:24,Thu,OPEN,3,10,20,15.0,2,api,cloud,
2026-08-20T11:25:00,2026-08-20T16:25:00.025Z,2026-08-20,11:25,Thu,OPEN,3,10,20,15.0,2,api,cloud,
2026-08-20T11:26:00,2026-08-20T16:26:00.023Z,2026-08-20,11:26,Thu,OPEN,5,10,20,15.0,2,api,cloud,
2026-08-20T11:27:00,2026-08-20T16:27:00.027Z,2026-08-20,11:27,Thu,OPEN,6,15,25,20.0,2,api,cloud,
2026-08-20T11:28:00,2026-08-20T16:28:00.020Z,2026-08-20,11:28,Thu,OPEN,5,10,20,15.0,2,api,cloud,
2026-08-20T11:29:00,2026-08-20T16:29:00.044Z,2026-08-20,11:29,Thu,OPEN,7,15,25,20.0,2,api,cloud,
2026-08-20T11:30:00,2026-08-20T16:30:00.036Z,2026-08-20,11:30,Thu,OPEN,8,15,25,20.0,2,api,cloud,
2026-08-20T11:31:00,2026-08-20T16:31:00.044Z,2026-08-20,11:31,Thu,OPEN,9,15,25,20.0,2,api,cloud,
2026-08-20T11:32:00,2026-08-20T16:32:00.044Z,2026-08-20,11:32,Thu,OPEN,10,20,30,25.0,2,api,cloud,
2026-08-20T11:33:00,2026-08-20T16:33:00.044Z,2026-08-20,11:33,Thu,OPEN,11,20,30,25.0,2,api,cloud,
2026-08-20T11:34:00,2026-08-20T16:34:00.043Z,2026-08-20,11:34,Thu,OPEN,11,20,30,25.0,2,api,cloud,
2026-08-20T11:35:00,2026-08-20T16:35:00.044Z,2026-08-20,11:35,Thu,OPEN,13,25,35,30.0,2,api,cloud,
2026-08-20T11:36:00,2026-08-20T16:36:00.039Z,2026-08-20,11:36,Thu,OPEN,13,25,35,30.0,2,api,cloud,
2026-08-20T11:37:00,2026-08-20T16:37:00.043Z,2026-08-20,11:37,Thu,OPEN,12,20,30,25.0,2,api,cloud,
2026-08-20T11:38:00,2026-08-20T16:38:00.044Z,2026-08-20,11:38,Thu,OPEN,11,20,30,25.0,2,api,cloud,
2026-08-20T11:39:00,2026-08-20T16:39:00.004Z,2026-08-20,11:39,Thu,OPEN,12,20,30,25.0,2,api,cloud,
2026-08-20T11:40:00,2026-08-20T16:40:00.044Z,2026-08-20,11:40,Thu,OPEN,11,20,30,25.0,2,api,cloud,
2026-08-20T11:41:00,2026-08-20T16:41:00.020Z,2026-08-20,11:41,Thu,OPEN,11,20,30,25.0,2,api,cloud,
2026-08-20T11:42:00,2026-08-20T16:42:00.044Z,2026-08-20,11:42,Thu,OPEN,10,20,30,25.0,2,api,cloud,
2026-08-20T11:43:00,2026-08-20T16:43:00.036Z,2026-08-20,11:43,Thu,OPEN,12,20,30,25.0,2,api,cloud,
2026-08-20T11:44:00,2026-08-20T16:44:00.027Z,2026-08-20,11:44,Thu,OPEN,15,25,35,30.0,2,api,cloud,
2026-08-20T11:45:00,2026-08-20T16:45:00.032Z,2026-08-20,11:45,Thu,OPEN,14,25,35,30.0,2,api,cloud,
2026-08-20T11:46:00,2026-08-20T16:46:00.044Z,2026-08-20,11:46,Thu,OPEN,14,25,35,30.0,2,api,cloud,
2026-08-20T11:47:00,2026-08-20T16:47:00.020Z,2026-08-20,11:47,Thu,OPEN,15,25,35,30.0,2,api,cloud,
2026-08-20T11:48:00,2026-08-20T16:48:00.024Z,2026-08-20,11:48,Thu,OPEN,14,25,35,30.0,2,api,cloud,
2026-08-20T11:49:00,2026-08-20T16:49:00.044Z,2026-08-20,11:49,Thu,OPEN,13,25,35,30.0,2,api,cloud,
2026-08-20T11:50:00,2026-08-20T16:50:00.044Z,2026-08-20,11:50,Thu,OPEN,13,25,35,30.0,2,api,cloud,
2026-08-20T11:51:00,2026-08-20T16:51:00.020Z,2026-08-20,11:51,Thu,OPEN,12,20,30,25.0,2,api,cloud,
2026-08-20T11:52:00,2026-08-20T16:52:00.045Z,2026-08-20,11:52,Thu,OPEN,12,20,30,25.0,2,api,cloud,
2026-08-20T11:53:00,2026-08-20T16:53:00.020Z,2026-08-20,11:53,Thu,OPEN,11,20,30,25.0,2,api,cloud,
2026-08-20T11:54:00,2026-08-20T16:54:00.020Z,2026-08-20,11:54,Thu,OPEN,10,20,30,25.0,2,api,cloud,
2026-08-20T11:55:00,2026-08-20T16:55:00.044Z,2026-08-20,11:55,Thu,OPEN,9,15,25,20.0,2,api,cloud,
2026-08-20T11:56:00,2026-08-20T16:56:00.036Z,2026-08-20,11:56,Thu,OPEN,8,15,25,20.0,2,api,cloud,
2026-08-20T11:57:00,2026-08-20T16:57:00.039Z,2026-08-20,11:57,Thu,OPEN,6,15,25,20.0,2,api,cloud,
2026-08-20T11:58:00,2026-08-20T16:58:00.037Z,2026-08-20,11:58,Thu,OPEN,7,15,25,20.0,2,api,cloud,
2026-08-20T11:59:00,2026-08-20T16:59:00.000Z,2026-08-20,11:59,Thu,OPEN,8,15,25,20.0,2,api,cloud,
2026-08-20T12:00:00,2026-08-20T17:00:00.039Z,2026-08-20,12:00,Thu,OPEN,8,15,25,20.0,2,api,cloud,
2026-08-20T12:01:00,2026-08-20T17:01:00.043Z,2026-08-20,12:01,Thu,OPEN,8,15,25,20.0,2,api,cloud,
2026-08-20T12:02:00,2026-08-20T17:02:00.017Z,2026-08-20,12:02,Thu,OPEN,7,15,25,20.0,2,api,cloud,
2026-08-20T12:03:00,2026-08-20T17:03:00.030Z,2026-08-20,12:03,Thu,OPEN,10,20,30,25.0,2,api,cloud,
2026-08-20T12:04:00,2026-08-20T17:04:00.044Z,2026-08-20,12:04,Thu,OPEN,9,15,25,20.0,2,api,cloud,
2026-08-20T12:05:00,2026-08-20T17:05:00.038Z,2026-08-20,12:05,Thu,OPEN,9,15,25,20.0,2,api,cloud,
2026-08-20T12:06:00,2026-08-20T17:06:00.005Z,2026-08-20,12:06,Thu,OPEN,9,15,25,20.0,2,api,cloud,
2026-08-20T12:07:00,2026-08-20T17:07:00.020Z,2026-08-20,12:07,Thu,OPEN,10,20,30,25.0,2,api,cloud,
2026-08-20T12:08:00,2026-08-20T17:08:00.020Z,2026-08-20,12:08,Thu,OPEN,10,20,30,25.0,2,api,cloud,
2026-08-20T12:09:00,2026-08-20T17:09:00.024Z,2026-08-20,12:09,Thu,OPEN,12,20,30,25.0,2,api,cloud,
2026-08-20T12:10:00,2026-08-20T17:10:00.044Z,2026-08-20,12:10,Thu,OPEN,11,20,30,25.0,2,api,cloud,
2026-08-20T12:11:00,2026-08-20T17:11:00.044Z,2026-08-20,12:11,Thu,OPEN,10,20,30,25.0,2,api,cloud,
2026-08-20T12:12:00,2026-08-20T17:12:00.043Z,2026-08-20,12:12,Thu,OPEN,9,15,25,20.0,2,api,cloud,
2026-08-20T12:13:00,2026-08-20T17:13:00.043Z,2026-08-20,12:13,Thu,OPEN,9,15,25,20.0,2,api,cloud,
2026-08-20T12:14:00,2026-08-20T17:14:00.044Z,2026-08-20,12:14,Thu,OPEN,6,15,25,20.0,2,api,cloud,
2026-08-20T12:15:00,2026-08-20T17:15:00.011Z,2026-08-20,12:15,Thu,OPEN,4,10,20,15.0,2,api,cloud,
2026-08-20T12:16:00,2026-08-20T17:16:00.032Z,2026-08-20,12:16,Thu,OPEN,4,10,20,15.0,2,api,cloud,
2026-08-20T12:17:00,2026-08-20T17:17:00.036Z,2026-08-20,12:17,Thu,OPEN,4,10,20,15.0,2,api,cloud,
2026-08-20T12:18:00,2026-08-20T17:18:00.039Z,2026-08-20,12:18,Thu,OPEN,4,10,20,15.0,2,api,cloud,
2026-08-20T12:19:00,2026-08-20T17:19:00.040Z,2026-08-20,12:19,Thu,OPEN,3,10,20,15.0,2,api,cloud,
2026-08-20T12:20:00,2026-08-20T17:20:00.044Z,2026-08-20,12:20,Thu,OPEN,3,10,20,15.0,2,api,cloud,
2026-08-20T12:21:00,2026-08-20T17:21:00.032Z,2026-08-20,12:21,Thu,OPEN,3,10,20,15.0,2,api,cloud,
2026-08-20T12:22:00,2026-08-20T17:22:00.043Z,2026-08-20,12:22,Thu,OPEN,3,10,20,15.0,2,api,cloud,
2026-08-20T12:23:00,2026-08-20T17:23:00.011Z,2026-08-20,12:23,Thu,OPEN,3,10,20,15.0,2,api,cloud,
2026-08-20T12:24:00,2026-08-20T17:24:00.044Z,2026-08-20,12:24,Thu,OPEN,3,10,20,15.0,2,api,cloud,
2026-08-20T12:25:00,2026-08-20T17:25:00.044Z,2026-08-20,12:25,Thu,OPEN,4,10,20,15.0,2,api,cloud,
2026-08-20T12:26:00,2026-08-20T17:26:00.044Z,2026-08-20,12:26,Thu,OPEN,3,10,20,15.0,2,api,cloud,
2026-08-20T12:27:00,2026-08-20T17:27:00.036Z,2026-08-20,12:27,Thu,OPEN,3,10,20,15.0,2,api,cloud,
2026-08-20T12:28:00,2026-08-20T17:28:00.044Z,2026-08-20,12:28,Thu,OPEN,4,10,20,15.0,2,api,cloud,
2026-08-20T12:29:00,2026-08-20T17:29:00.043Z,2026-08-20,12:29,Thu,OPEN,5,10,20,15.0,2,api,cloud,
2026-08-20T12:30:00,2026-08-20T17:30:00.009Z,2026-08-20,12:30,Thu,OPEN,5,10,20,15.0,2,api,cloud,
2026-08-20T12:31:00,2026-08-20T17:31:00.004Z,2026-08-20,12:31,Thu,OPEN,5,10,20,15.0,2,api,cloud,
2026-08-20T12:32:00,2026-08-20T17:32:00.044Z,2026-08-20,12:32,Thu,OPEN,3,10,20,15.0,2,api,cloud,
2026-08-20T12:33:00,2026-08-20T17:33:00.020Z,2026-08-20,12:33,Thu,OPEN,3,10,20,15.0,2,api,cloud,
2026-08-20T12:34:00,2026-08-20T17:34:00.024Z,2026-08-20,12:34,Thu,OPEN,4,10,20,15.0,2,api,cloud,
2026-08-20T12:35:00,2026-08-20T17:35:00.036Z,2026-08-20,12:35,Thu,OPEN,3,10,20,15.0,2,api,cloud,
2026-08-20T12:36:00,2026-08-20T17:36:00.040Z,2026-08-20,12:36,Thu,OPEN,3,10,20,15.0,2,api,cloud,
2026-08-20T12:37:00,2026-08-20T17:37:00.028Z,2026-08-20,12:37,Thu,OPEN,3,10,20,15.0,2,api,cloud,
2026-08-20T12:38:00,2026-08-20T17:38:00.044Z,2026-08-20,12:38,Thu,OPEN,3,10,20,15.0,2,api,cloud,
2026-08-20T12:39:00,2026-08-20T17:39:00.043Z,2026-08-20,12:39,Thu,OPEN,3,10,20,15.0,2,api,cloud,
2026-08-20T12:40:00,2026-08-20T17:40:00.044Z,2026-08-20,12:40,Thu,OPEN,3,10,20,15.0,2,api,cloud,
2026-08-20T12:41:00,2026-08-20T17:41:00.044Z,2026-08-20,12:41,Thu,OPEN,3,10,20,15.0,2,api,cloud,
2026-08-20T12:42:00,2026-08-20T17:42:00.044Z,2026-08-20,12:42,Thu,OPEN,5,10,20,15.0,2,api,cloud,
2026-08-20T12:43:00,2026-08-20T17:43:00.043Z,2026-08-20,12:43,Thu,OPEN,6,15,25,20.0,2,api,cloud,
2026-08-20T12:44:00,2026-08-20T17:44:00.038Z,2026-08-20,12:44,Thu,OPEN,6,15,25,20.0,2,api,cloud,
2026-08-20T12:45:00,2026-08-20T17:45:00.043Z,2026-08-20,12:45,Thu,OPEN,5,10,20,15.0,2,api,cloud,
2026-08-20T12:46:00,2026-08-20T17:46:00.002Z,2026-08-20,12:46,Thu,OPEN,5,10,20,15.0,2,api,cloud,
2026-08-20T12:47:00,2026-08-20T17:47:00.009Z,2026-08-20,12:47,Thu,OPEN,5,10,20,15.0,2,api,cloud,
2026-08-20T12:48:00,2026-08-20T17:48:00.044Z,2026-08-20,12:48,Thu,OPEN,5,10,20,15.0,2,api,cloud,
2026-08-20T12:49:00,2026-08-20T17:49:00.044Z,2026-08-20,12:49,Thu,OPEN,3,10,20,15.0,2,api,cloud,
2026-08-20T12:50:00,2026-08-20T17:50:00.020Z,2026-08-20,12:50,Thu,OPEN,1,5,15,10.0,2,api,cloud,
2026-08-20T12:51:00,2026-08-20T17:51:00.044Z,2026-08-20,12:51,Thu,EMPTY_CLOSED,0,5,15,0,2,api,cloud,
2026-08-20T12:52:00,2026-08-20T17:52:00.043Z,2026-08-20,12:52,Thu,EMPTY_CLOSED,0,5,15,0,2,api,cloud,
2026-08-20T12:53:00,2026-08-20T17:53:00.024Z,2026-08-20,12:53,Thu,EMPTY_CLOSED,0,5,15,0,2,api,cloud,
2026-08-20T12:54:00,2026-08-20T17:54:00.030Z,2026-08-20,12:54,Thu,EMPTY_CLOSED,0,5,15,0,2,api,cloud,
2026-08-20T12:55:00,2026-08-20T17:55:00.043Z,2026-08-20,12:55,Thu,EMPTY_CLOSED,0,5,15,0,2,api,cloud,
2026-08-20T12:56:00,2026-08-20T17:56:00.044Z,2026-08-20,12:56,Thu,EMPTY_CLOSED,0,5,15,0,2,api,cloud,
2026-08-20T12:57:00,2026-08-20T17:57:00.005Z,2026-08-20,12:57,Thu,EMPTY_CLOSED,0,5,15,0,2,api,cloud,
2026-08-20T12:58:00,2026-08-20T17:58:00.006Z,2026-08-20,12:58,Thu,EMPTY_CLOSED,0,5,15,0,2,api,cloud,
2026-08-20T12:59:00,2026-08-20T17:59:00.010Z,2026-08-20,12:59,Thu,EMPTY_CLOSED,0,5,15,0,2,api,cloud,
2026-08-20T13:00:00,2026-08-20T18:00:00.045Z,2026-08-20,13:00,Thu,OPEN,1,5,15,10.0,2,api,cloud,
2026-08-20T13:01:00,2026-08-20T18:01:00.005Z,2026-08-20,13:01,Thu,OPEN,1,5,15,10.0,2,api,cloud,
2026-08-20T13:02:00,2026-08-20T18:02:00.009Z,2026-08-20,13:02,Thu,OPEN,1,5,15,10.0,2,api,cloud,
2026-08-20T13:03:00,2026-08-20T18:03:00.013Z,2026-08-20,13:03,Thu,OPEN,1,5,15,10.0,2,api,cloud,
2026-08-20T13:04:00,2026-08-20T18:04:00.021Z,2026-08-20,13:04,Thu,OPEN,1,5,15,10.0,2,api,cloud,
2026-08-20T13:05:00,2026-08-20T18:05:00.044Z,2026-08-20,13:05,Thu,OPEN,1,5,15,10.0,2,api,cloud,
2026-08-20T13:06:00,2026-08-20T18:06:00.044Z,2026-08-20,13:06,Thu,OPEN,1,5,15,10.0,2,api,cloud,
2026-08-20T13:07:00,2026-08-20T18:07:00.044Z,2026-08-20,13:07,Thu,OPEN,1,5,15,10.0,2,api,cloud,
2026-08-20T13:08:00,2026-08-20T18:08:00.044Z,2026-08-20,13:08,Thu,OPEN,1,5,15,10.0,2,api,cloud,
2026-08-20T13:09:00,2026-08-20T18:09:00.028Z,2026-08-20,13:09,Thu,OPEN,1,5,15,10.0,2,api,cloud,
2026-08-20T13:10:00,2026-08-20T18:10:00.043Z,2026-08-20,13:10,Thu,OPEN,1,5,15,10.0,2,api,cloud,
2026-08-20T13:11:00,2026-08-20T18:11:00.046Z,2026-08-20,13:11,Thu,OPEN,1,5,15,10.0,2,api,cloud,
2026-08-20T13:12:00,2026-08-20T18:12:00.044Z,2026-08-20,13:12,Thu,OPEN,1,5,15,10.0,2,api,cloud,
2026-08-20T13:13:00,2026-08-20T18:13:00.043Z,2026-08-20,13:13,Thu,EMPTY_CLOSED,0,5,15,0,2,api,cloud,
2026-08-20T13:14:00,2026-08-20T18:14:00.036Z,2026-08-20,13:14,Thu,OPEN,1,5,15,10.0,2,api,cloud,
2026-08-20T13:15:00,2026-08-20T18:15:00.040Z,2026-08-20,13:15,Thu,OPEN,1,5,15,10.0,2,api,cloud,
2026-08-20T13:16:00,2026-08-20T18:16:00.020Z,2026-08-20,13:16,Thu,OPEN,1,5,15,10.0,2,api,cloud,
2026-08-20T13:17:00,2026-08-20T18:17:00.044Z,2026-08-20,13:17,Thu,OPEN,1,5,15,10.0,2,api,cloud,
2026-08-20T13:18:00,2026-08-20T18:18:00.008Z,2026-08-20,13:18,Thu,OPEN,1,5,15,10.0,2,api,cloud,
2026-08-20T13:19:00,2026-08-20T18:19:00.012Z,2026-08-20,13:19,Thu,OPEN,1,5,15,10.0,2,api,cloud,
2026-08-20T13:20:00,2026-08-20T18:20:00.016Z,2026-08-20,13:20,Thu,OPEN,1,5,15,10.0,2,api,cloud,
2026-08-20T13:21:00,2026-08-20T18:21:00.028Z,2026-08-20,13:21,Thu,OPEN,1,5,15,10.0,2,api,cloud,
2026-08-20T13:22:00,2026-08-20T18:22:00.045Z,2026-08-20,13:22,Thu,OPEN,1,5,15,10.0,2,api,cloud,
2026-08-20T13:23:00,2026-08-20T18:23:00.004Z,2026-08-20,13:23,Thu,OPEN,1,5,15,10.0,2,api,cloud,
2026-08-20T13:24:00,2026-08-20T18:24:00.028Z,2026-08-20,13:24,Thu,EMPTY_CLOSED,0,5,15,0,2,api,cloud,
2026-08-20T13:25:00,2026-08-20T18:25:00.032Z,2026-08-20,13:25,Thu,EMPTY_CLOSED,0,5,15,0,2,api,cloud,
2026-08-20T13:26:00,2026-08-20T18:26:00.043Z,2026-08-20,13:26,Thu,EMPTY_CLOSED,0,5,15,0,2,api,cloud,
2026-08-20T13:27:00,2026-08-20T18:27:00.036Z,2026-08-20,13:27,Thu,EMPTY_CLOSED,0,5,15,0,2,api,cloud,
2026-08-20T13:28:00,2026-08-20T18:28:00.042Z,2026-08-20,13:28,Thu,EMPTY_CLOSED,0,5,15,0,2,api,cloud,
2026-08-20T13:29:00,2026-08-20T18:29:00.045Z,2026-08-20,13:29,Thu,EMPTY_CLOSED,0,5,15,0,2,api,cloud,
2026-08-20T13:30:00,2026-08-20T18:30:00.001Z,2026-08-20,13:30,Thu,EMPTY_CLOSED,0,5,15,0,2,api,cloud,
2026-08-20T13:31:00,2026-08-20T18:31:00.044Z,2026-08-20,13:31,Thu,EMPTY_CLOSED,0,5,15,0,2,api,cloud,
2026-08-20T13:32:00,2026-08-20T18:32:00.020Z,2026-08-20,13:32,Thu,EMPTY_CLOSED,0,5,15,0,2,api,cloud,
2026-08-20T13:33:00,2026-08-20T18:33:00.023Z,2026-08-20,13:33,Thu,EMPTY_CLOSED,0,5,15,0,2,api,cloud,
2026-08-20T13:34:00,2026-08-20T18:34:00.027Z,2026-08-20,13:34,Thu,EMPTY_CLOSED,0,5,15,0,2,api,cloud,
2026-08-20T13:35:00,2026-08-20T18:35:00.032Z,2026-08-20,13:35,Thu,EMPTY_CLOSED,0,5,15,0,2,api,cloud,
2026-08-20T13:36:00,2026-08-20T18:36:00.037Z,2026-08-20,13:36,Thu,EMPTY_CLOSED,0,5,15,0,2,api,cloud,
2026-08-20T13:37:00,2026-08-20T18:37:00.040Z,2026-08-20,13:37,Thu,EMPTY_CLOSED,0,5,15,0,2,api,cloud,
2026-08-20T13:38:00,2026-08-20T18:38:00.020Z,2026-08-20,13:38,Thu,EMPTY_CLOSED,0,5,15,0,2,api,cloud,
2026-08-20T13:39:00,2026-08-20T18:39:00.043Z,2026-08-20,13:39,Thu,EMPTY_CLOSED,0,5,15,0,2,api,cloud,
2026-08-20T13:40:00,2026-08-20T18:40:00.044Z,2026-08-20,13:40,Thu,EMPTY_CLOSED,0,5,15,0,2,api,cloud,
2026-08-20T13:41:00,2026-08-20T18:41:00.027Z,2026-08-20,13:41,Thu,EMPTY_CLOSED,0,5,15,0,2,api,cloud,
2026-08-20T13:42:00,2026-08-20T18:42:00.044Z,2026-08-20,13:42,Thu,EMPTY_CLOSED,0,5,15,0,2,api,cloud,
2026-08-20T13:43:00,2026-08-20T18:43:00.046Z,2026-08-20,13:43,Thu,EMPTY_CLOSED,0,5,15,0,2,api,cloud,
2026-08-20T13:44:00,2026-08-20T18:44:00.044Z,2026-08-20,13:44,Thu,EMPTY_CLOSED,0,5,15,0,2,api,cloud,
2026-08-20T13:45:00,2026-08-20T18:45:00.044Z,2026-08-20,13:45,Thu,EMPTY_CLOSED,0,5,15,0,2,api,cloud,
2026-08-20T13:46:00,2026-08-20T18:46:00.001Z,2026-08-20,13:46,Thu,EMPTY_CLOSED,0,5,15,0,2,api,cloud,
2026-08-20T13:47:00,2026-08-20T18:47:00.044Z,2026-08-20,13:47,Thu,EMPTY_CLOSED,0,5,15,0,2,api,cloud,
2026-08-20T13:48:00,2026-08-20T18:48:00.042Z,2026-08-20,13:48,Thu,EMPTY_CLOSED,0,5,15,0,2,api,cloud,
2026-08-20T13:49:00,2026-08-20T18:49:00.014Z,2026-08-20,13:49,Thu,EMPTY_CLOSED,0,5,15,0,2,api,cloud,
2026-08-20T13:50:00,2026-08-20T18:50:00.044Z,2026-08-20,13:50,Thu,EMPTY_CLOSED,0,5,15,0,2,api,cloud,
2026-08-20T13:51:00,2026-08-20T18:51:00.043Z,2026-08-20,13:51,Thu,EMPTY_CLOSED,0,5,15,0,2,api,cloud,
2026-08-20T13:52:00,2026-08-20T18:52:00.024Z,2026-08-20,13:52,Thu,EMPTY_CLOSED,0,5,15,0,2,api,cloud,
2026-08-20T13:53:00,2026-08-20T18:53:00.020Z,2026-08-20,13:53,Thu,EMPTY_CLOSED,0,5,15,0,2,api,cloud,
2026-08-20T13:54:00,2026-08-20T18:54:00.020Z,2026-08-20,13:54,Thu,EMPTY_CLOSED,0,5,15,0,2,api,cloud,
2026-08-20T13:55:00,2026-08-20T18:55:00.043Z,2026-08-20,13:55,Thu,EMPTY_CLOSED,0,5,15,0,2,api,cloud,
2026-08-20T13:56:00,2026-08-20T18:56:00.044Z,2026-08-20,13:56,Thu,EMPTY_CLOSED,0,5,15,0,2,api,cloud,
2026-08-20T13:57:00,2026-08-20T18:57:00.028Z,2026-08-20,13:57,Thu,EMPTY_CLOSED,0,5,15,0,2,api,cloud,
2026-08-20T13:58:00,2026-08-20T18:58:00.044Z,2026-08-20,13:58,Thu,EMPTY_CLOSED,0,5,15,0,2,api,cloud,
2026-08-20T13:59:00,2026-08-20T18:59:00.028Z,2026-08-20,13:59,Thu,EMPTY_CLOSED,0,5,15,0,2,api,cloud,
2026-08-20T14:00:00,2026-08-20T19:00:00.043Z,2026-08-20,14:00,Thu,EMPTY_CLOSED,0,5,15,0,2,api,cloud,
2026-08-20T14:01:00,2026-08-20T19:01:00.028Z,2026-08-20,14:01,Thu,EMPTY_CLOSED,0,5,15,0,2,api,cloud,
2026-08-20T14:02:00,2026-08-20T19:02:00.041Z,2026-08-20,14:02,Thu,EMPTY_CLOSED,0,5,15,0,2,api,cloud,
2026-08-20T14:03:00,2026-08-20T19:03:00.040Z,2026-08-20,14:03,Thu,EMPTY_CLOSED,0,5,15,0,2,api,cloud,
2026-08-20T14:04:00,2026-08-20T19:04:00.020Z,2026-08-20,14:04,Thu,EMPTY_CLOSED,0,5,15,0,2,api,cloud,
2026-08-20T14:05:00,2026-08-20T19:05:00.030Z,2026-08-20,14:05,Thu,EMPTY_CLOSED,0,5,15,0,2,api,cloud,
2026-08-20T14:06:00,2026-08-20T19:06:00.045Z,2026-08-20,14:06,Thu,EMPTY_CLOSED,0,5,15,0,2,api,cloud,
2026-08-20T14:07:00,2026-08-20T19:07:00.044Z,2026-08-20,14:07,Thu,EMPTY_CLOSED,0,5,15,0,2,api,cloud,
2026-08-20T14:08:00,2026-08-20T19:08:00.044Z,2026-08-20,14:08,Thu,EMPTY_CLOSED,0,5,15,0,2,api,cloud,
2026-08-20T14:09:00,2026-08-20T19:09:00.043Z,2026-08-20,14:09,Thu,EMPTY_CLOSED,0,5,15,0,2,api,cloud,
2026-08-20T14:10:00,2026-08-20T19:10:00.044Z,2026-08-20,14:10,Thu,EMPTY_CLOSED,0,5,15,0,2,api,cloud,
2026-08-20T14:11:00,2026-08-20T19:11:00.044Z,2026-08-20,14:11,Thu,EMPTY_CLOSED,0,5,15,0,2,api,cloud,
2026-08-20T14:12:00,2026-08-20T19:12:00.044Z,2026-08-20,14:12,Thu,EMPTY_CLOSED,0,5,15,0,2,api,cloud,
2026-08-20T14:13:00,2026-08-20T19:13:00.028Z,2026-08-20,14:13,Thu,EMPTY_CLOSED,0,5,15,0,2,api,cloud,
2026-08-20T14:14:00,2026-08-20T19:14:00.015Z,2026-08-20,14:14,Thu,EMPTY_CLOSED,0,5,15,0,2,api,cloud,
2026-08-20T14:15:00,2026-08-20T19:15:00.001Z,2026-08-20,14:15,Thu,EMPTY_CLOSED,0,5,15,0,2,api,cloud,
2026-08-20T14:16:00,2026-08-20T19:16:00.005Z,2026-08-20,14:16,Thu,EMPTY_CLOSED,0,5,15,0,2,api,cloud,
2026-08-20T14:17:00,2026-08-20T19:17:00.030Z,2026-08-20,14:17,Thu,EMPTY_CLOSED,0,5,15,0,2,api,cloud,
2026-08-20T14:18:00,2026-08-20T19:18:00.019Z,2026-08-20,14:18,Thu,EMPTY_CLOSED,0,5,15,0,2,api,cloud,
2026-08-20T14:19:00,2026-08-20T19:19:00.036Z,2026-08-20,14:19,Thu,EMPTY_CLOSED,0,5,15,0,2,api,cloud,
2026-08-20T14:20:00,2026-08-20T19:20:00.043Z,2026-08-20,14:20,Thu,EMPTY_CLOSED,0,5,15,0,2,api,cloud,
2026-08-20T14:21:00,2026-08-20T19:21:00.028Z,2026-08-20,14:21,Thu,EMPTY_CLOSED,0,5,15,0,2,api,cloud,
2026-08-20T14:22:00,2026-08-20T19:22:00.044Z,2026-08-20,14:22,Thu,EMPTY_CLOSED,0,5,15,0,2,api,cloud,
2026-08-20T14:23:00,2026-08-20T19:23:00.028Z,2026-08-20,14:23,Thu,EMPTY_CLOSED,0,5,15,0,2,api,cloud,
2026-08-20T14:24:00,2026-08-20T19:24:00.044Z,2026-08-20,14:24,Thu,EMPTY_CLOSED,0,5,15,0,2,api,cloud,
2026-08-20T14:25:00,2026-08-20T19:25:00.028Z,2026-08-20,14:25,Thu,EMPTY_CLOSED,0,5,15,0,2,api,cloud,
2026-08-20T14:26:00,2026-08-20T19:26:00.044Z,2026-08-20,14:26,Thu,EMPTY_CLOSED,0,5,15,0,2,api,cloud,
2026-08-20T14:27:00,2026-08-20T19:27:00.028Z,2026-08-20,14:27,Thu,EMPTY_CLOSED,0,5,15,0,2,api,cloud,
2026-08-20T14:28:00,2026-08-20T19:28:00.032Z,2026-08-20,14:28,Thu,EMPTY_CLOSED,0,5,15,0,2,api,cloud,
2026-08-20T14:29:00,2026-08-20T19:29:00.041Z,2026-08-20,14:29,Thu,EMPTY_CLOSED,0,5,15,0,2,api,cloud,
2026-08-20T14:30:00,2026-08-20T19:30:00.020Z,2026-08-20,14:30,Thu,EMPTY_CLOSED,0,5,15,0,2,api,cloud,
2026-08-20T14:31:00,2026-08-20T19:31:00.042Z,2026-08-20,14:31,Thu,EMPTY_CLOSED,0,5,15,0,2,api,cloud,
2026-08-20T14:32:00,2026-08-20T19:32:00.036Z,2026-08-20,14:32,Thu,EMPTY_CLOSED,0,5,15,0,2,api,cloud,
2026-08-20T14:33:00,2026-08-20T19:33:00.044Z,2026-08-20,14:33,Thu,EMPTY_CLOSED,0,5,15,0,2,api,cloud,
2026-08-20T14:34:00,2026-08-20T19:34:00.011Z,2026-08-20,14:34,Thu,EMPTY_CLOSED,0,5,15,0,2,api,cloud,
2026-08-20T14:35:00,2026-08-20T19:35:00.044Z,2026-08-20,14:35,Thu,EMPTY_CLOSED,0,5,15,0,2,api,cloud,
2026-08-20T14:36:00,2026-08-20T19:36:00.044Z,2026-08-20,14:36,Thu,EMPTY_CLOSED,0,5,15,0,2,api,cloud,
2026-08-20T14:37:00,2026-08-20T19:37:00.010Z,2026-08-20,14:37,Thu,EMPTY_CLOSED,0,5,15,0,2,api,cloud,
2026-08-20T14:38:00,2026-08-20T19:38:00.044Z,2026-08-20,14:38,Thu,EMPTY_CLOSED,0,5,15,0,2,api,cloud,
2026-08-20T14:39:00,2026-08-20T19:39:00.044Z,2026-08-20,14:39,Thu,EMPTY_CLOSED,0,5,15,0,2,api,cloud,
2026-08-20T14:40:00,2026-08-20T19:40:00.027Z,2026-08-20,14:40,Thu,EMPTY_CLOSED,0,5,15,0,2,api,cloud,
2026-08-20T14:41:00,2026-08-20T19:41:00.004Z,2026-08-20,14:41,Thu,EMPTY_CLOSED,0,5,15,0,2,api,cloud,
2026-08-20T14:42:00,2026-08-20T19:42:00.045Z,2026-08-20,14:42,Thu,EMPTY_CLOSED,0,5,15,0,2,api,cloud,
2026-08-20T14:43:00,2026-08-20T19:43:00.020Z,2026-08-20,14:43,Thu,NO_MODULE,,,,,,dom,cloud,waitlist module absent
2026-08-20T14:44:00,2026-08-20T19:44:00.004Z,2026-08-20,14:44,Thu,EMPTY_CLOSED,0,5,15,0,2,api,cloud,
2026-08-20T14:45:00,2026-08-20T19:45:00.028Z,2026-08-20,14:45,Thu,NO_MODULE,,,,,,dom,cloud,waitlist module absent
2026-08-20T14:46:00,2026-08-20T19:46:00.004Z,2026-08-20,14:46,Thu,NO_MODULE,,,,,,dom,cloud,waitlist module absent
2026-08-20T14:47:00,2026-08-20T19:47:00.005Z,2026-08-20,14:47,Thu,NO_MODULE,,,,,,dom,cloud,waitlist module absent
2026-08-20T14:48:00,2026-08-20T19:48:00.005Z,2026-08-20,14:48,Thu,NO_MODULE,,,,,,dom,cloud,waitlist module absent
2026-08-20T14:49:00,2026-08-20T19:49:00.005Z,2026-08-20,14:49,Thu,NO_MODULE,,,,,,dom,cloud,waitlist module absent
2026-08-20T14:50:00,2026-08-20T19:50:00.004Z,2026-08-20,14:50,Thu,EMPTY_CLOSED,0,5,15,0,2,api,cloud,
2026-08-20T14:51:00,2026-08-20T19:51:00.041Z,2026-08-20,14:51,Thu,NO_MODULE,,,,,,dom,cloud,waitlist module absent
2026-08-20T14:52:00,2026-08-20T19:52:00.006Z,2026-08-20,14:52,Thu,NO_MODULE,,,,,,dom,cloud,waitlist module absent
2026-08-20T14:53:00,2026-08-20T19:53:00.006Z,2026-08-20,14:53,Thu,NO_MODULE,,,,,,dom,cloud,waitlist module absent
2026-08-20T14:54:00,2026-08-20T19:54:00.004Z,2026-08-20,14:54,Thu,NO_MODULE,,,,,,dom,cloud,waitlist module absent
2026-08-20T14:55:00,2026-08-20T19:55:00.004Z,2026-08-20,14:55,Thu,NO_MODULE,,,,,,dom,cloud,waitlist module absent
2026-08-20T14:56:00,2026-08-20T19:56:00.005Z,2026-08-20,14:56,Thu,NO_MODULE,,,,,,dom,cloud,waitlist module absent
2026-08-20T14:57:00,2026-08-20T19:57:00.005Z,2026-08-20,14:57,Thu,EMPTY_CLOSED,0,5,15,0,2,api,cloud,
2026-08-20T14:58:00,2026-08-20T19:58:00.036Z,2026-08-20,14:58,Thu,NO_MODULE,,,,,,dom,cloud,waitlist module absent
2026-08-20T14:59:00,2026-08-20T19:59:00.004Z,2026-08-20,14:59,Thu,NO_MODULE,,,,,,dom,cloud,waitlist module absent
2026-08-20T15:00:00,2026-08-20T20:00:00.005Z,2026-08-20,15:00,Thu,NO_MODULE,,,,,,dom,cloud,waitlist module absent
2026-08-20T15:01:00,2026-08-20T20:01:00.005Z,2026-08-20,15:01,Thu,NO_MODULE,,,,,,dom,cloud,waitlist module absent
2026-08-20T15:02:00,2026-08-20T20:02:00.005Z,2026-08-20,15:02,Thu,NO_MODULE,,,,,,dom,cloud,waitlist module absent
2026-08-20T15:03:00,2026-08-20T20:03:00.004Z,2026-08-20,15:03,Thu,NO_MODULE,,,,,,dom,cloud,waitlist module absent
2026-08-20T15:04:00,2026-08-20T20:04:00.006Z,2026-08-20,15:04,Thu,NO_MODULE,,,,,,dom,cloud,waitlist module absent
2026-08-20T15:05:00,2026-08-20T20:05:00.006Z,2026-08-20,15:05,Thu,NO_MODULE,,,,,,dom,cloud,waitlist module absent
2026-08-20T15:06:00,2026-08-20T20:06:00.001Z,2026-08-20,15:06,Thu,NO_MODULE,,,,,,dom,cloud,waitlist module absent
2026-08-20T15:07:00,2026-08-20T20:07:00.004Z,2026-08-20,15:07,Thu,NO_MODULE,,,,,,dom,cloud,waitlist module absent
2026-08-20T15:08:00,2026-08-20T20:08:00.005Z,2026-08-20,15:08,Thu,NO_MODULE,,,,,,dom,cloud,waitlist module absent
2026-08-20T15:09:00,2026-08-20T20:09:00.004Z,2026-08-20,15:09,Thu,NO_MODULE,,,,,,dom,cloud,waitlist module absent
2026-08-20T15:10:00,2026-08-20T20:10:00.004Z,2026-08-20,15:10,Thu,NO_MODULE,,,,,,dom,cloud,waitlist module absent
2026-08-20T15:11:00,2026-08-20T20:11:00.004Z,2026-08-20,15:11,Thu,NO_MODULE,,,,,,dom,cloud,waitlist module absent
2026-08-20T15:12:00,2026-08-20T20:12:00.005Z,2026-08-20,15:12,Thu,NO_MODULE,,,,,,dom,cloud,waitlist module absent
2026-08-20T15:13:00,2026-08-20T20:13:00.005Z,2026-08-20,15:13,Thu,NO_MODULE,,,,,,dom,cloud,waitlist module absent
2026-08-20T15:14:00,2026-08-20T20:14:00.005Z,2026-08-20,15:14,Thu,NO_MODULE,,,,,,dom,cloud,waitlist module absent
2026-08-20T15:15:00,2026-08-20T20:15:00.006Z,2026-08-20,15:15,Thu,NO_MODULE,,,,,,dom,cloud,waitlist module absent
2026-08-20T15:16:00,2026-08-20T20:16:00.005Z,2026-08-20,15:16,Thu,NO_MODULE,,,,,,dom,cloud,waitlist module absent
2026-08-20T15:17:00,2026-08-20T20:17:00.005Z,2026-08-20,15:17,Thu,NO_MODULE,,,,,,dom,cloud,waitlist module absent
2026-08-20T15:18:00,2026-08-20T20:18:00.005Z,2026-08-20,15:18,Thu,NO_MODULE,,,,,,dom,cloud,waitlist module absent
2026-08-20T15:19:00,2026-08-20T20:19:00.005Z,2026-08-20,15:19,Thu,NO_MODULE,,,,,,dom,cloud,waitlist module absent
2026-08-20T15:20:00,2026-08-20T20:20:00.004Z,2026-08-20,15:20,Thu,NO_MODULE,,,,,,dom,cloud,waitlist module absent
2026-08-20T15:21:00,2026-08-20T20:21:00.005Z,2026-08-20,15:21,Thu,NO_MODULE,,,,,,dom,cloud,waitlist module absent
2026-08-20T15:22:00,2026-08-20T20:22:00.005Z,2026-08-20,15:22,Thu,NO_MODULE,,,,,,dom,cloud,waitlist module absent
2026-08-20T15:23:00,2026-08-20T20:23:00.002Z,2026-08-20,15:23,Thu,NO_MODULE,,,,,,dom,cloud,waitlist module absent
2026-08-20T15:24:00,2026-08-20T20:24:00.004Z,2026-08-20,15:24,Thu,NO_MODULE,,,,,,dom,cloud,waitlist module absent
2026-08-20T15:25:00,2026-08-20T20:25:00.005Z,2026-08-20,15:25,Thu,NO_MODULE,,,,,,dom,cloud,waitlist module absent
2026-08-20T15:26:00,2026-08-20T20:26:00.005Z,2026-08-20,15:26,Thu,NO_MODULE,,,,,,dom,cloud,waitlist module absent
2026-08-20T15:27:00,2026-08-20T20:27:00.005Z,2026-08-20,15:27,Thu,NO_MODULE,,,,,,dom,cloud,waitlist module absent
2026-08-20T15:28:00,2026-08-20T20:28:00.005Z,2026-08-20,15:28,Thu,NO_MODULE,,,,,,dom,cloud,waitlist module absent
2026-08-20T15:29:00,2026-08-20T20:29:00.004Z,2026-08-20,15:29,Thu,NO_MODULE,,,,,,dom,cloud,waitlist module absent
2026-08-21T06:00:45,2026-08-21T11:00:45.245Z,2026-08-21,06:00,Fri,NO_MODULE,,,,,,dom,cloud,waitlist module absent
2026-08-21T06:02:00,2026-08-21T11:02:00.006Z,2026-08-21,06:02,Fri,NO_MODULE,,,,,,dom,cloud,waitlist module absent
2026-08-21T06:03:00,2026-08-21T11:03:00.005Z,2026-08-21,06:03,Fri,NO_MODULE,,,,,,dom,cloud,waitlist module absent
2026-08-21T06:04:00,2026-08-21T11:04:00.004Z,2026-08-21,06:04,Fri,NO_MODULE,,,,,,dom,cloud,waitlist module absent
2026-08-21T06:05:00,2026-08-21T11:05:00.005Z,2026-08-21,06:05,Fri,NO_MODULE,,,,,,dom,cloud,waitlist module absent
2026-08-21T06:06:00,2026-08-21T11:06:00.005Z,2026-08-21,06:06,Fri,NO_MODULE,,,,,,dom,cloud,waitlist module absent
2026-08-21T06:07:00,2026-08-21T11:07:00.003Z,2026-08-21,06:07,Fri,NO_MODULE,,,,,,dom,cloud,waitlist module absent
2026-08-21T06:08:00,2026-08-21T11:08:00.005Z,2026-08-21,06:08,Fri,NO_MODULE,,,,,,dom,cloud,waitlist module absent
2026-08-21T06:09:00,2026-08-21T11:09:00.004Z,2026-08-21,06:09,Fri,NO_MODULE,,,,,,dom,cloud,waitlist module absent
2026-08-21T06:10:00,2026-08-21T11:10:00.005Z,2026-08-21,06:10,Fri,NO_MODULE,,,,,,dom,cloud,waitlist module absent
2026-08-21T06:11:00,2026-08-21T11:11:00.001Z,2026-08-21,06:11,Fri,NO_MODULE,,,,,,dom,cloud,waitlist module absent
2026-08-21T06:12:00,2026-08-21T11:12:00.004Z,2026-08-21,06:12,Fri,NO_MODULE,,,,,,dom,cloud,waitlist module absent
2026-08-21T06:13:00,2026-08-21T11:13:00.001Z,2026-08-21,06:13,Fri,NO_MODULE,,,,,,dom,cloud,waitlist module absent
2026-08-21T06:14:00,2026-08-21T11:14:00.004Z,2026-08-21,06:14,Fri,NO_MODULE,,,,,,dom,cloud,waitlist module absent
2026-08-21T06:15:00,2026-08-21T11:15:00.005Z,2026-08-21,06:15,Fri,NO_MODULE,,,,,,dom,cloud,waitlist module absent
2026-08-21T06:16:00,2026-08-21T11:16:00.004Z,2026-08-21,06:16,Fri,NO_MODULE,,,,,,dom,cloud,waitlist module absent
2026-08-21T06:17:00,2026-08-21T11:17:00.004Z,2026-08-21,06:17,Fri,NO_MODULE,,,,,,dom,cloud,waitlist module absent
2026-08-21T06:18:00,2026-08-21T11:18:00.002Z,2026-08-21,06:18,Fri,NO_MODULE,,,,,,dom,cloud,waitlist module absent
2026-08-21T06:19:00,2026-08-21T11:19:00.004Z,2026-08-21,06:19,Fri,NO_MODULE,,,,,,dom,cloud,waitlist module absent
2026-08-21T06:20:00,2026-08-21T11:20:00.004Z,2026-08-21,06:20,Fri,NO_MODULE,,,,,,dom,cloud,waitlist module absent
2026-08-21T06:21:00,2026-08-21T11:21:00.004Z,2026-08-21,06:21,Fri,NO_MODULE,,,,,,dom,cloud,waitlist module absent
2026-08-21T06:22:00,2026-08-21T11:22:00.004Z,2026-08-21,06:22,Fri,NO_MODULE,,,,,,dom,cloud,waitlist module absent
2026-08-21T06:23:00,2026-08-21T11:23:00.006Z,2026-08-21,06:23,Fri,NO_MODULE,,,,,,dom,cloud,waitlist module absent
2026-08-21T06:24:00,2026-08-21T11:24:00.004Z,2026-08-21,06:24,Fri,NO_MODULE,,,,,,dom,cloud,waitlist module absent
2026-08-21T06:25:00,2026-08-21T11:25:00.005Z,2026-08-21,06:25,Fri,NO_MODULE,,,,,,dom,cloud,waitlist module absent
2026-08-21T06:26:00,2026-08-21T11:26:00.005Z,2026-08-21,06:26,Fri,NO_MODULE,,,,,,dom,cloud,waitlist module absent
2026-08-21T06:27:00,2026-08-21T11:27:00.006Z,2026-08-21,06:27,Fri,NO_MODULE,,,,,,dom,cloud,waitlist module absent
2026-08-21T06:28:00,2026-08-21T11:28:00.002Z,2026-08-21,06:28,Fri,NO_MODULE,,,,,,dom,cloud,waitlist module absent
2026-08-21T06:29:00,2026-08-21T11:29:00.004Z,2026-08-21,06:29,Fri,NO_MODULE,,,,,,dom,cloud,waitlist module absent
2026-08-21T06:30:00,2026-08-21T11:30:00.005Z,2026-08-21,06:30,Fri,NO_MODULE,,,,,,dom,cloud,waitlist module absent
2026-08-21T06:31:00,2026-08-21T11:31:00.005Z,2026-08-21,06:31,Fri,NO_MODULE,,,,,,dom,cloud,waitlist module absent
2026-08-21T06:32:00,2026-08-21T11:32:00.005Z,2026-08-21,06:32,Fri,NO_MODULE,,,,,,dom,cloud,waitlist module absent
2026-08-21T06:33:00,2026-08-21T11:33:00.004Z,2026-08-21,06:33,Fri,EMPTY_CLOSED,0,5,15,0,2,api,cloud,
2026-08-21T06:34:00,2026-08-21T11:34:00.028Z,2026-08-21,06:34,Fri,NO_MODULE,,,,,,dom,cloud,waitlist module absent
2026-08-21T06:35:00,2026-08-21T11:35:00.004Z,2026-08-21,06:35,Fri,NO_MODULE,,,,,,dom,cloud,waitlist module absent
2026-08-21T06:36:00,2026-08-21T11:36:00.005Z,2026-08-21,06:36,Fri,NO_MODULE,,,,,,dom,cloud,waitlist module absent
2026-08-21T06:37:00,2026-08-21T11:37:00.005Z,2026-08-21,06:37,Fri,EMPTY_CLOSED,0,5,15,0,2,api,cloud,
2026-08-21T06:38:00,2026-08-21T11:38:00.019Z,2026-08-21,06:38,Fri,EMPTY_CLOSED,0,5,15,0,2,api,cloud,
2026-08-21T06:39:00,2026-08-21T11:39:00.028Z,2026-08-21,06:39,Fri,EMPTY_CLOSED,0,5,15,0,2,api,cloud,
2026-08-21T06:40:00,2026-08-21T11:40:00.019Z,2026-08-21,06:40,Fri,EMPTY_CLOSED,0,5,15,0,2,api,cloud,
2026-08-21T06:41:00,2026-08-21T11:41:00.026Z,2026-08-21,06:41,Fri,EMPTY_CLOSED,0,5,15,0,2,api,cloud,
2026-08-21T06:42:00,2026-08-21T11:42:00.028Z,2026-08-21,06:42,Fri,NO_MODULE,,,,,,dom,cloud,waitlist module absent
2026-08-21T06:43:00,2026-08-21T11:43:00.005Z,2026-08-21,06:43,Fri,EMPTY_CLOSED,0,5,15,0,2,api,cloud,
2026-08-21T06:44:00,2026-08-21T11:44:00.028Z,2026-08-21,06:44,Fri,EMPTY_CLOSED,0,5,15,0,2,api,cloud,
2026-08-21T06:45:00,2026-08-21T11:45:00.029Z,2026-08-21,06:45,Fri,NO_MODULE,,,,,,dom,cloud,waitlist module absent
2026-08-21T06:46:00,2026-08-21T11:46:00.005Z,2026-08-21,06:46,Fri,EMPTY_CLOSED,0,5,15,0,2,api,cloud,
2026-08-21T06:47:00,2026-08-21T11:47:00.030Z,2026-08-21,06:47,Fri,EMPTY_CLOSED,0,5,15,0,2,api,cloud,
2026-08-21T06:48:00,2026-08-21T11:48:00.025Z,2026-08-21,06:48,Fri,EMPTY_CLOSED,0,5,15,0,2,api,cloud,
2026-08-21T06:49:00,2026-08-21T11:49:00.029Z,2026-08-21,06:49,Fri,EMPTY_CLOSED,0,5,15,0,2,api,cloud,
2026-08-21T06:50:00,2026-08-21T11:50:00.028Z,2026-08-21,06:50,Fri,EMPTY_CLOSED,0,5,15,0,2,api,cloud,
2026-08-21T06:51:00,2026-08-21T11:51:00.007Z,2026-08-21,06:51,Fri,EMPTY_CLOSED,0,5,15,0,2,api,cloud,
2026-08-21T06:52:00,2026-08-21T11:52:00.017Z,2026-08-21,06:52,Fri,EMPTY_CLOSED,0,5,15,0,2,api,cloud,
2026-08-21T06:53:00,2026-08-21T11:53:00.028Z,2026-08-21,06:53,Fri,EMPTY_CLOSED,0,5,15,0,2,api,cloud,
2026-08-21T06:54:00,2026-08-21T11:54:00.003Z,2026-08-21,06:54,Fri,EMPTY_CLOSED,0,5,15,0,2,api,cloud,
2026-08-21T06:55:00,2026-08-21T11:55:00.029Z,2026-08-21,06:55,Fri,EMPTY_CLOSED,0,5,15,0,2,api,cloud,
2026-08-21T06:56:00,2026-08-21T11:56:00.028Z,2026-08-21,06:56,Fri,EMPTY_CLOSED,0,5,15,0,2,api,cloud,
2026-08-21T06:57:00,2026-08-21T11:57:00.028Z,2026-08-21,06:57,Fri,EMPTY_CLOSED,0,5,15,0,2,api,cloud,
2026-08-21T06:58:00,2026-08-21T11:58:00.004Z,2026-08-21,06:58,Fri,EMPTY_CLOSED,0,5,15,0,2,api,cloud,
2026-08-21T06:59:00,2026-08-21T11:59:00.029Z,2026-08-21,06:59,Fri,EMPTY_CLOSED,0,5,15,0,2,api,cloud,
2026-08-21T07:00:00,2026-08-21T12:00:00.028Z,2026-08-21,07:00,Fri,EMPTY_CLOSED,0,5,15,0,2,api,cloud,
2026-08-21T07:01:00,2026-08-21T12:01:00.018Z,2026-08-21,07:01,Fri,EMPTY_CLOSED,0,5,15,0,2,api,cloud,
2026-08-21T07:02:00,2026-08-21T12:02:00.026Z,2026-08-21,07:02,Fri,EMPTY_CLOSED,0,5,15,0,2,api,cloud,
2026-08-21T07:03:00,2026-08-21T12:03:00.028Z,2026-08-21,07:03,Fri,EMPTY_CLOSED,0,5,15,0,2,api,cloud,
2026-08-21T07:04:00,2026-08-21T12:04:00.028Z,2026-08-21,07:04,Fri,EMPTY_CLOSED,0,5,15,0,2,api,cloud,
2026-08-21T07:05:00,2026-08-21T12:05:00.030Z,2026-08-21,07:05,Fri,EMPTY_CLOSED,0,5,15,0,2,api,cloud,
2026-08-21T07:06:00,2026-08-21T12:06:00.028Z,2026-08-21,07:06,Fri,EMPTY_CLOSED,0,5,15,0,2,api,cloud,
2026-08-21T07:07:00,2026-08-21T12:07:00.025Z,2026-08-21,07:07,Fri,EMPTY_CLOSED,0,5,15,0,2,api,cloud,
2026-08-21T07:08:00,2026-08-21T12:08:00.028Z,2026-08-21,07:08,Fri,EMPTY_CLOSED,0,5,15,0,2,api,cloud,
2026-08-21T07:09:00,2026-08-21T12:09:00.019Z,2026-08-21,07:09,Fri,EMPTY_CLOSED,0,5,15,0,2,api,cloud,
2026-08-21T07:10:00,2026-08-21T12:10:00.023Z,2026-08-21,07:10,Fri,EMPTY_CLOSED,0,5,15,0,2,api,cloud,
2026-08-21T07:11:00,2026-08-21T12:11:00.028Z,2026-08-21,07:11,Fri,EMPTY_CLOSED,0,5,15,0,2,api,cloud,
2026-08-21T07:12:00,2026-08-21T12:12:00.028Z,2026-08-21,07:12,Fri,EMPTY_CLOSED,0,5,15,0,2,api,cloud,
2026-08-21T07:13:00,2026-08-21T12:13:00.030Z,2026-08-21,07:13,Fri,EMPTY_CLOSED,0,5,15,0,2,api,cloud,
2026-08-21T07:14:00,2026-08-21T12:14:00.028Z,2026-08-21,07:14,Fri,EMPTY_CLOSED,0,5,15,0,2,api,cloud,
2026-08-21T07:15:00,2026-08-21T12:15:00.030Z,2026-08-21,07:15,Fri,EMPTY_CLOSED,0,5,15,0,2,api,cloud,
2026-08-21T07:16:00,2026-08-21T12:16:00.029Z,2026-08-21,07:16,Fri,EMPTY_CLOSED,0,5,15,0,2,api,cloud,
2026-08-21T07:17:00,2026-08-21T12:17:00.029Z,2026-08-21,07:17,Fri,EMPTY_CLOSED,0,5,15,0,2,api,cloud,
2026-08-21T07:18:00,2026-08-21T12:18:00.019Z,2026-08-21,07:18,Fri,EMPTY_CLOSED,0,5,15,0,2,api,cloud,
2026-08-21T07:19:00,2026-08-21T12:19:00.028Z,2026-08-21,07:19,Fri,EMPTY_CLOSED,0,5,15,0,2,api,cloud,
2026-08-21T07:20:00,2026-08-21T12:20:00.010Z,2026-08-21,07:20,Fri,EMPTY_CLOSED,0,5,15,0,2,api,cloud,
2026-08-21T07:21:00,2026-08-21T12:21:00.014Z,2026-08-21,07:21,Fri,EMPTY_CLOSED,0,5,15,0,2,api,cloud,
2026-08-21T07:22:00,2026-08-21T12:22:00.027Z,2026-08-21,07:22,Fri,EMPTY_CLOSED,0,5,15,0,2,api,cloud,
2026-08-21T07:23:00,2026-08-21T12:23:00.003Z,2026-08-21,07:23,Fri,EMPTY_CLOSED,0,5,15,0,2,api,cloud,
2026-08-21T07:24:00,2026-08-21T12:24:00.027Z,2026-08-21,07:24,Fri,EMPTY_CLOSED,0,5,15,0,2,api,cloud,
2026-08-21T07:25:00,2026-08-21T12:25:00.005Z,2026-08-21,07:25,Fri,EMPTY_CLOSED,0,5,15,0,2,api,cloud,
2026-08-21T07:26:00,2026-08-21T12:26:00.028Z,2026-08-21,07:26,Fri,EMPTY_CLOSED,0,5,15,0,2,api,cloud,
2026-08-21T07:27:00,2026-08-21T12:27:00.028Z,2026-08-21,07:27,Fri,EMPTY_CLOSED,0,5,15,0,2,api,cloud,
2026-08-21T07:28:00,2026-08-21T12:28:00.028Z,2026-08-21,07:28,Fri,EMPTY_CLOSED,0,5,15,0,2,api,cloud,
2026-08-21T07:29:00,2026-08-21T12:29:00.029Z,2026-08-21,07:29,Fri,EMPTY_CLOSED,0,5,15,0,2,api,cloud,
2026-08-21T07:30:00,2026-08-21T12:30:00.009Z,2026-08-21,07:30,Fri,EMPTY_CLOSED,0,5,15,0,2,api,cloud,
2026-08-21T07:31:00,2026-08-21T12:31:00.009Z,2026-08-21,07:31,Fri,EMPTY_CLOSED,0,5,15,0,2,api,cloud,
2026-08-21T07:32:00,2026-08-21T12:32:00.013Z,2026-08-21,07:32,Fri,EMPTY_CLOSED,0,5,15,0,2,api,cloud,
2026-08-21T07:33:00,2026-08-21T12:33:00.028Z,2026-08-21,07:33,Fri,EMPTY_CLOSED,0,5,15,0,2,api,cloud,
2026-08-21T07:34:00,2026-08-21T12:34:00.030Z,2026-08-21,07:34,Fri,EMPTY_CLOSED,0,5,15,0,2,api,cloud,
2026-08-21T07:35:00,2026-08-21T12:35:00.030Z,2026-08-21,07:35,Fri,EMPTY_CLOSED,0,5,15,0,2,api,cloud,
2026-08-21T07:36:00,2026-08-21T12:36:00.028Z,2026-08-21,07:36,Fri,EMPTY_CLOSED,0,5,15,0,2,api,cloud,
2026-08-21T07:37:00,2026-08-21T12:37:00.008Z,2026-08-21,07:37,Fri,EMPTY_CLOSED,0,5,15,0,2,api,cloud,
2026-08-21T07:38:00,2026-08-21T12:38:00.016Z,2026-08-21,07:38,Fri,EMPTY_CLOSED,0,5,15,0,2,api,cloud,
2026-08-21T07:39:00,2026-08-21T12:39:00.020Z,2026-08-21,07:39,Fri,EMPTY_CLOSED,0,5,15,0,2,api,cloud,
2026-08-21T07:40:00,2026-08-21T12:40:00.019Z,2026-08-21,07:40,Fri,EMPTY_CLOSED,0,5,15,0,2,api,cloud,
2026-08-21T07:41:00,2026-08-21T12:41:00.029Z,2026-08-21,07:41,Fri,EMPTY_CLOSED,0,5,15,0,2,api,cloud,
2026-08-21T07:42:00,2026-08-21T12:42:00.007Z,2026-08-21,07:42,Fri,EMPTY_CLOSED,0,5,15,0,2,api,cloud,
2026-08-21T07:43:00,2026-08-21T12:43:00.022Z,2026-08-21,07:43,Fri,EMPTY_CLOSED,0,5,15,0,2,api,cloud,
2026-08-21T07:44:00,2026-08-21T12:44:00.019Z,2026-08-21,07:44,Fri,EMPTY_CLOSED,0,5,15,0,2,api,cloud,
2026-08-21T07:45:00,2026-08-21T12:45:00.025Z,2026-08-21,07:45,Fri,EMPTY_CLOSED,0,5,15,0,2,api,cloud,
2026-08-21T07:46:00,2026-08-21T12:46:00.025Z,2026-08-21,07:46,Fri,EMPTY_CLOSED,0,5,15,0,2,api,cloud,
2026-08-21T07:47:00,2026-08-21T12:47:00.005Z,2026-08-21,07:47,Fri,EMPTY_CLOSED,0,5,15,0,2,api,cloud,
2026-08-21T07:48:00,2026-08-21T12:48:00.019Z,2026-08-21,07:48,Fri,EMPTY_CLOSED,0,5,15,0,2,api,cloud,
2026-08-21T07:49:00,2026-08-21T12:49:00.013Z,2026-08-21,07:49,Fri,EMPTY_CLOSED,0,5,15,0,2,api,cloud,
2026-08-21T07:50:00,2026-08-21T12:50:00.008Z,2026-08-21,07:50,Fri,EMPTY_CLOSED,0,5,15,0,2,api,cloud,
2026-08-21T07:51:00,2026-08-21T12:51:00.028Z,2026-08-21,07:51,Fri,EMPTY_CLOSED,0,5,15,0,2,api,cloud,
2026-08-21T07:52:00,2026-08-21T12:52:00.003Z,2026-08-21,07:52,Fri,EMPTY_CLOSED,0,5,15,0,2,api,cloud,
2026-08-21T07:53:00,2026-08-21T12:53:00.003Z,2026-08-21,07:53,Fri,EMPTY_CLOSED,0,5,15,0,2,api,cloud,
2026-08-21T07:54:00,2026-08-21T12:54:00.028Z,2026-08-21,07:54,Fri,EMPTY_CLOSED,0,5,15,0,2,api,cloud,
2026-08-21T07:55:00,2026-08-21T12:55:00.011Z,2026-08-21,07:55,Fri,EMPTY_CLOSED,0,5,15,0,2,api,cloud,
2026-08-21T07:56:00,2026-08-21T12:56:00.019Z,2026-08-21,07:56,Fri,EMPTY_CLOSED,0,5,15,0,2,api,cloud,
2026-08-21T07:57:00,2026-08-21T12:57:00.012Z,2026-08-21,07:57,Fri,EMPTY_CLOSED,0,5,15,0,2,api,cloud,
2026-08-21T07:58:00,2026-08-21T12:58:00.028Z,2026-08-21,07:58,Fri,EMPTY_CLOSED,0,5,15,0,2,api,cloud,
2026-08-21T07:59:00,2026-08-21T12:59:00.003Z,2026-08-21,07:59,Fri,EMPTY_CLOSED,0,5,15,0,2,api,cloud,
2026-08-21T08:00:00,2026-08-21T13:00:00.028Z,2026-08-21,08:00,Fri,EMPTY_CLOSED,0,5,15,0,2,api,cloud,
2026-08-21T08:01:00,2026-08-21T13:01:00.019Z,2026-08-21,08:01,Fri,EMPTY_CLOSED,0,5,15,0,2,api,cloud,
2026-08-21T08:02:00,2026-08-21T13:02:00.028Z,2026-08-21,08:02,Fri,EMPTY_CLOSED,0,5,15,0,2,api,cloud,
2026-08-21T08:03:00,2026-08-21T13:03:00.029Z,2026-08-21,08:03,Fri,EMPTY_CLOSED,0,5,15,0,2,api,cloud,
2026-08-21T08:04:00,2026-08-21T13:04:00.015Z,2026-08-21,08:04,Fri,EMPTY_CLOSED,0,5,15,0,2,api,cloud,
2026-08-21T08:05:00,2026-08-21T13:05:00.029Z,2026-08-21,08:05,Fri,EMPTY_CLOSED,0,5,15,0,2,api,cloud,
2026-08-21T08:06:00,2026-08-21T13:06:00.028Z,2026-08-21,08:06,Fri,EMPTY_CLOSED,0,5,15,0,2,api,cloud,
2026-08-21T08:07:00,2026-08-21T13:07:00.000Z,2026-08-21,08:07,Fri,EMPTY_CLOSED,0,5,15,0,2,api,cloud,
2026-08-21T08:08:00,2026-08-21T13:08:00.019Z,2026-08-21,08:08,Fri,EMPTY_CLOSED,0,5,15,0,2,api,cloud,
2026-08-21T08:09:00,2026-08-21T13:09:00.028Z,2026-08-21,08:09,Fri,EMPTY_CLOSED,0,5,15,0,2,api,cloud,
2026-08-21T08:10:00,2026-08-21T13:10:00.017Z,2026-08-21,08:10,Fri,EMPTY_CLOSED,0,5,15,0,2,api,cloud,
2026-08-21T08:11:00,2026-08-21T13:11:00.028Z,2026-08-21,08:11,Fri,EMPTY_CLOSED,0,5,15,0,2,api,cloud,
2026-08-21T08:12:00,2026-08-21T13:12:00.003Z,2026-08-21,08:12,Fri,EMPTY_CLOSED,0,5,15,0,2,api,cloud,
2026-08-21T08:13:00,2026-08-21T13:13:00.027Z,2026-08-21,08:13,Fri,EMPTY_CLOSED,0,5,15,0,2,api,cloud,
2026-08-21T08:14:00,2026-08-21T13:14:00.018Z,2026-08-21,08:14,Fri,EMPTY_CLOSED,0,5,15,0,2,api,cloud,
2026-08-21T08:15:00,2026-08-21T13:15:00.030Z,2026-08-21,08:15,Fri,EMPTY_CLOSED,0,5,15,0,2,api,cloud,
2026-08-21T08:16:00,2026-08-21T13:16:00.018Z,2026-08-21,08:16,Fri,EMPTY_CLOSED,0,5,15,0,2,api,cloud,
2026-08-21T08:17:00,2026-08-21T13:17:00.023Z,2026-08-21,08:17,Fri,EMPTY_CLOSED,0,5,15,0,2,api,cloud,
2026-08-21T08:18:00,2026-08-21T13:18:00.019Z,2026-08-21,08:18,Fri,EMPTY_CLOSED,0,5,15,0,2,api,cloud,
2026-08-21T08:19:00,2026-08-21T13:19:00.028Z,2026-08-21,08:19,Fri,EMPTY_CLOSED,0,5,15,0,2,api,cloud,
2026-08-21T08:20:00,2026-08-21T13:20:00.023Z,2026-08-21,08:20,Fri,EMPTY_CLOSED,0,5,15,0,2,api,cloud,
2026-08-21T08:21:00,2026-08-21T13:21:00.028Z,2026-08-21,08:21,Fri,EMPTY_CLOSED,0,5,15,0,2,api,cloud,
2026-08-21T08:22:00,2026-08-21T13:22:00.015Z,2026-08-21,08:22,Fri,EMPTY_CLOSED,0,5,15,0,2,api,cloud,
2026-08-21T08:23:00,2026-08-21T13:23:00.028Z,2026-08-21,08:23,Fri,EMPTY_CLOSED,0,5,15,0,2,api,cloud,
2026-08-21T08:24:00,2026-08-21T13:24:00.022Z,2026-08-21,08:24,Fri,EMPTY_CLOSED,0,5,15,0,2,api,cloud,
2026-08-21T08:25:00,2026-08-21T13:25:00.024Z,2026-08-21,08:25,Fri,EMPTY_CLOSED,0,5,15,0,2,api,cloud,
2026-08-21T08:26:00,2026-08-21T13:26:00.027Z,2026-08-21,08:26,Fri,EMPTY_CLOSED,0,5,15,0,2,api,cloud,
2026-08-21T08:27:00,2026-08-21T13:27:00.029Z,2026-08-21,08:27,Fri,EMPTY_CLOSED,0,5,15,0,2,api,cloud,
2026-08-21T08:28:00,2026-08-21T13:28:00.028Z,2026-08-21,08:28,Fri,EMPTY_CLOSED,0,5,15,0,2,api,cloud,
2026-08-21T08:29:00,2026-08-21T13:29:00.024Z,2026-08-21,08:29,Fri,EMPTY_CLOSED,0,5,15,0,2,api,cloud,
2026-08-21T08:30:00,2026-08-21T13:30:00.028Z,2026-08-21,08:30,Fri,EMPTY_CLOSED,0,5,15,0,2,api,cloud,
2026-08-21T08:31:00,2026-08-21T13:31:00.026Z,2026-08-21,08:31,Fri,EMPTY_CLOSED,0,5,15,0,2,api,cloud,
2026-08-21T08:32:00,2026-08-21T13:32:00.023Z,2026-08-21,08:32,Fri,EMPTY_CLOSED,0,5,15,0,2,api,cloud,
2026-08-21T08:33:00,2026-08-21T13:33:00.009Z,2026-08-21,08:33,Fri,EMPTY_CLOSED,0,5,15,0,2,api,cloud,
2026-08-21T08:34:00,2026-08-21T13:34:00.026Z,2026-08-21,08:34,Fri,EMPTY_CLOSED,0,5,15,0,2,api,cloud,
2026-08-21T08:35:00,2026-08-21T13:35:00.021Z,2026-08-21,08:35,Fri,EMPTY_CLOSED,0,5,15,0,2,api,cloud,
2026-08-21T08:36:00,2026-08-21T13:36:00.026Z,2026-08-21,08:36,Fri,EMPTY_CLOSED,0,5,15,0,2,api,cloud,
2026-08-21T08:37:00,2026-08-21T13:37:00.026Z,2026-08-21,08:37,Fri,EMPTY_CLOSED,0,5,15,0,2,api,cloud,
2026-08-21T08:38:00,2026-08-21T13:38:00.025Z,2026-08-21,08:38,Fri,EMPTY_CLOSED,0,5,15,0,2,api,cloud,
2026-08-21T08:39:00,2026-08-21T13:39:00.026Z,2026-08-21,08:39,Fri,EMPTY_CLOSED,0,5,15,0,2,api,cloud,
2026-08-21T08:40:00,2026-08-21T13:40:00.003Z,2026-08-21,08:40,Fri,EMPTY_CLOSED,0,5,15,0,2,api,cloud,
2026-08-21T08:41:00,2026-08-21T13:41:00.003Z,2026-08-21,08:41,Fri,EMPTY_CLOSED,0,5,15,0,2,api,cloud,
2026-08-21T08:42:00,2026-08-21T13:42:00.027Z,2026-08-21,08:42,Fri,EMPTY_CLOSED,0,5,15,0,2,api,cloud,
2026-08-21T08:43:00,2026-08-21T13:43:00.004Z,2026-08-21,08:43,Fri,EMPTY_CLOSED,0,5,15,0,2,api,cloud,
2026-08-21T08:44:00,2026-08-21T13:44:00.026Z,2026-08-21,08:44,Fri,EMPTY_CLOSED,0,5,15,0,2,api,cloud,
2026-08-21T08:45:00,2026-08-21T13:45:00.025Z,2026-08-21,08:45,Fri,EMPTY_CLOSED,0,5,15,0,2,api,cloud,
2026-08-21T08:46:00,2026-08-21T13:46:00.029Z,2026-08-21,08:46,Fri,EMPTY_CLOSED,0,5,15,0,2,api,cloud,
2026-08-21T08:47:00,2026-08-21T13:47:00.028Z,2026-08-21,08:47,Fri,EMPTY_CLOSED,0,5,15,0,2,api,cloud,
2026-08-21T08:48:00,2026-08-21T13:48:00.028Z,2026-08-21,08:48,Fri,EMPTY_CLOSED,0,5,15,0,2,api,cloud,
2026-08-21T08:49:00,2026-08-21T13:49:00.029Z,2026-08-21,08:49,Fri,EMPTY_CLOSED,0,5,15,0,2,api,cloud,
2026-08-21T08:50:00,2026-08-21T13:50:00.027Z,2026-08-21,08:50,Fri,EMPTY_CLOSED,0,5,15,0,2,api,cloud,
2026-08-21T08:51:00,2026-08-21T13:51:00.007Z,2026-08-21,08:51,Fri,EMPTY_CLOSED,0,5,15,0,2,api,cloud,
2026-08-21T08:52:00,2026-08-21T13:52:00.028Z,2026-08-21,08:52,Fri,EMPTY_CLOSED,0,5,15,0,2,api,cloud,
2026-08-21T08:53:00,2026-08-21T13:53:00.030Z,2026-08-21,08:53,Fri,EMPTY_CLOSED,0,5,15,0,2,api,cloud,
2026-08-21T08:54:00,2026-08-21T13:54:00.030Z,2026-08-21,08:54,Fri,EMPTY_CLOSED,0,5,15,0,2,api,cloud,
2026-08-21T08:55:00,2026-08-21T13:55:00.028Z,2026-08-21,08:55,Fri,EMPTY_CLOSED,0,5,15,0,2,api,cloud,
2026-08-21T08:56:00,2026-08-21T13:56:00.028Z,2026-08-21,08:56,Fri,EMPTY_CLOSED,0,5,15,0,2,api,cloud,
2026-08-21T08:57:00,2026-08-21T13:57:00.028Z,2026-08-21,08:57,Fri,EMPTY_CLOSED,0,5,15,0,2,api,cloud,
2026-08-21T08:58:00,2026-08-21T13:58:00.030Z,2026-08-21,08:58,Fri,EMPTY_CLOSED,0,5,15,0,2,api,cloud,
2026-08-21T08:59:00,2026-08-21T13:59:00.029Z,2026-08-21,08:59,Fri,EMPTY_CLOSED,0,5,15,0,2,api,cloud,
2026-08-21T09:00:00,2026-08-21T14:00:00.019Z,2026-08-21,09:00,Fri,EMPTY_CLOSED,0,5,15,0,2,api,cloud,
2026-08-21T09:01:00,2026-08-21T14:01:00.029Z,2026-08-21,09:01,Fri,OPEN,1,5,15,10.0,2,api,cloud,
2026-08-21T09:02:00,2026-08-21T14:02:00.005Z,2026-08-21,09:02,Fri,OPEN,1,5,15,10.0,2,api,cloud,
2026-08-21T09:03:00,2026-08-21T14:03:00.019Z,2026-08-21,09:03,Fri,OPEN,1,5,15,10.0,2,api,cloud,
2026-08-21T09:04:00,2026-08-21T14:04:00.003Z,2026-08-21,09:04,Fri,OPEN,1,5,15,10.0,2,api,cloud,
2026-08-21T09:05:00,2026-08-21T14:05:00.027Z,2026-08-21,09:05,Fri,OPEN,1,5,15,10.0,2,api,cloud,
2026-08-21T09:06:00,2026-08-21T14:06:00.019Z,2026-08-21,09:06,Fri,OPEN,1,5,15,10.0,2,api,cloud,
2026-08-21T09:07:00,2026-08-21T14:07:00.028Z,2026-08-21,09:07,Fri,OPEN,2,10,20,15.0,2,api,cloud,
2026-08-21T09:08:00,2026-08-21T14:08:00.028Z,2026-08-21,09:08,Fri,OPEN,2,10,20,15.0,2,api,cloud,
2026-08-21T09:09:00,2026-08-21T14:09:00.028Z,2026-08-21,09:09,Fri,OPEN,1,5,15,10.0,2,api,cloud,
2026-08-21T09:10:00,2026-08-21T14:10:00.029Z,2026-08-21,09:10,Fri,EMPTY_CLOSED,0,5,15,0,2,api,cloud,
2026-08-21T09:11:00,2026-08-21T14:11:00.028Z,2026-08-21,09:11,Fri,EMPTY_CLOSED,0,5,15,0,2,api,cloud,
2026-08-21T09:12:00,2026-08-21T14:12:00.028Z,2026-08-21,09:12,Fri,EMPTY_CLOSED,0,5,15,0,2,api,cloud,
2026-08-21T09:13:00,2026-08-21T14:13:00.004Z,2026-08-21,09:13,Fri,EMPTY_CLOSED,0,5,15,0,2,api,cloud,
2026-08-21T09:14:00,2026-08-21T14:14:00.019Z,2026-08-21,09:14,Fri,EMPTY_CLOSED,0,5,15,0,2,api,cloud,
2026-08-21T09:15:00,2026-08-21T14:15:00.030Z,2026-08-21,09:15,Fri,EMPTY_CLOSED,0,5,15,0,2,api,cloud,
2026-08-21T09:16:00,2026-08-21T14:16:00.029Z,2026-08-21,09:16,Fri,EMPTY_CLOSED,0,5,15,0,2,api,cloud,
2026-08-21T09:17:00,2026-08-21T14:17:00.028Z,2026-08-21,09:17,Fri,EMPTY_CLOSED,0,5,15,0,2,api,cloud,
2026-08-21T09:18:00,2026-08-21T14:18:00.019Z,2026-08-21,09:18,Fri,EMPTY_CLOSED,0,5,15,0,2,api,cloud,
2026-08-21T09:19:00,2026-08-21T14:19:00.028Z,2026-08-21,09:19,Fri,EMPTY_CLOSED,0,5,15,0,2,api,cloud,
2026-08-21T09:20:00,2026-08-21T14:20:00.028Z,2026-08-21,09:20,Fri,EMPTY_CLOSED,0,5,15,0,2,api,cloud,
2026-08-21T09:21:00,2026-08-21T14:21:00.029Z,2026-08-21,09:21,Fri,EMPTY_CLOSED,0,5,15,0,2,api,cloud,
2026-08-21T09:22:00,2026-08-21T14:22:00.019Z,2026-08-21,09:22,Fri,EMPTY_CLOSED,0,5,15,0,2,api,cloud,
2026-08-21T09:23:00,2026-08-21T14:23:00.029Z,2026-08-21,09:23,Fri,EMPTY_CLOSED,0,5,15,0,2,api,cloud,
2026-08-21T09:24:00,2026-08-21T14:24:00.029Z,2026-08-21,09:24,Fri,EMPTY_CLOSED,0,5,15,0,2,api,cloud,
2026-08-21T09:25:00,2026-08-21T14:25:00.029Z,2026-08-21,09:25,Fri,EMPTY_CLOSED,0,5,15,0,2,api,cloud,
2026-08-21T09:26:00,2026-08-21T14:26:00.026Z,2026-08-21,09:26,Fri,OPEN,1,5,15,10.0,2,api,cloud,
2026-08-21T09:27:00,2026-08-21T14:27:00.028Z,2026-08-21,09:27,Fri,OPEN,1,5,15,10.0,2,api,cloud,
2026-08-21T09:28:00,2026-08-21T14:28:00.028Z,2026-08-21,09:28,Fri,OPEN,1,5,15,10.0,2,api,cloud,
2026-08-21T09:29:00,2026-08-21T14:29:00.029Z,2026-08-21,09:29,Fri,OPEN,2,10,20,15.0,2,api,cloud,
2026-08-21T09:30:00,2026-08-21T14:30:00.012Z,2026-08-21,09:30,Fri,OPEN,3,10,20,15.0,2,api,cloud,
2026-08-21T09:31:00,2026-08-21T14:31:00.016Z,2026-08-21,09:31,Fri,OPEN,4,10,20,15.0,2,api,cloud,
2026-08-21T09:32:00,2026-08-21T14:32:00.002Z,2026-08-21,09:32,Fri,OPEN,5,10,20,15.0,2,api,cloud,
2026-08-21T09:33:00,2026-08-21T14:33:00.030Z,2026-08-21,09:33,Fri,OPEN,6,15,25,20.0,2,api,cloud,
2026-08-21T09:34:00,2026-08-21T14:34:00.019Z,2026-08-21,09:34,Fri,OPEN,8,15,25,20.0,2,api,cloud,
2026-08-21T09:35:00,2026-08-21T14:35:00.023Z,2026-08-21,09:35,Fri,OPEN,8,15,25,20.0,2,api,cloud,
2026-08-21T09:36:00,2026-08-21T14:36:00.027Z,2026-08-21,09:36,Fri,OPEN,7,15,25,20.0,2,api,cloud,
2026-08-21T09:37:00,2026-08-21T14:37:00.028Z,2026-08-21,09:37,Fri,OPEN,7,15,25,20.0,2,api,cloud,
2026-08-21T09:38:00,2026-08-21T14:38:00.027Z,2026-08-21,09:38,Fri,OPEN,6,15,25,20.0,2,api,cloud,
2026-08-21T09:39:00,2026-08-21T14:39:00.029Z,2026-08-21,09:39,Fri,OPEN,5,10,20,15.0,2,api,cloud,
2026-08-21T09:40:00,2026-08-21T14:40:00.019Z,2026-08-21,09:40,Fri,OPEN,5,10,20,15.0,2,api,cloud,
2026-08-21T09:41:00,2026-08-21T14:41:00.024Z,2026-08-21,09:41,Fri,OPEN,7,15,25,20.0,2,api,cloud,
2026-08-21T09:42:00,2026-08-21T14:42:00.028Z,2026-08-21,09:42,Fri,OPEN,7,15,25,20.0,2,api,cloud,
2026-08-21T09:43:00,2026-08-21T14:43:00.003Z,2026-08-21,09:43,Fri,OPEN,7,15,25,20.0,2,api,cloud,
2026-08-21T09:44:00,2026-08-21T14:44:00.027Z,2026-08-21,09:44,Fri,OPEN,7,15,25,20.0,2,api,cloud,
2026-08-21T09:45:00,2026-08-21T14:45:00.019Z,2026-08-21,09:45,Fri,OPEN,6,15,25,20.0,2,api,cloud,
2026-08-21T09:46:00,2026-08-21T14:46:00.029Z,2026-08-21,09:46,Fri,OPEN,5,10,20,15.0,2,api,cloud,
2026-08-21T09:47:00,2026-08-21T14:47:00.029Z,2026-08-21,09:47,Fri,OPEN,5,10,20,15.0,2,api,cloud,
2026-08-21T09:48:00,2026-08-21T14:48:00.028Z,2026-08-21,09:48,Fri,OPEN,5,10,20,15.0,2,api,cloud,
2026-08-21T09:49:00,2026-08-21T14:49:00.028Z,2026-08-21,09:49,Fri,OPEN,4,10,20,15.0,2,api,cloud,
2026-08-21T09:50:00,2026-08-21T14:50:00.028Z,2026-08-21,09:50,Fri,OPEN,3,10,20,15.0,2,api,cloud,
2026-08-21T09:51:00,2026-08-21T14:51:00.021Z,2026-08-21,09:51,Fri,OPEN,4,10,20,15.0,2,api,cloud,
2026-08-21T09:52:00,2026-08-21T14:52:00.019Z,2026-08-21,09:52,Fri,OPEN,4,10,20,15.0,2,api,cloud,
2026-08-21T09:53:00,2026-08-21T14:53:00.023Z,2026-08-21,09:53,Fri,OPEN,4,10,20,15.0,2,api,cloud,
2026-08-21T09:54:00,2026-08-21T14:54:00.028Z,2026-08-21,09:54,Fri,OPEN,4,10,20,15.0,2,api,cloud,
2026-08-21T09:55:00,2026-08-21T14:55:00.028Z,2026-08-21,09:55,Fri,OPEN,4,10,20,15.0,2,api,cloud,
2026-08-21T09:56:00,2026-08-21T14:56:00.028Z,2026-08-21,09:56,Fri,OPEN,5,10,20,15.0,2,api,cloud,
2026-08-21T09:57:00,2026-08-21T14:57:00.027Z,2026-08-21,09:57,Fri,OPEN,5,10,20,15.0,2,api,cloud,
2026-08-21T09:58:00,2026-08-21T14:58:00.003Z,2026-08-21,09:58,Fri,OPEN,5,10,20,15.0,2,api,cloud,
2026-08-21T09:59:00,2026-08-21T14:59:00.027Z,2026-08-21,09:59,Fri,OPEN,4,10,20,15.0,2,api,cloud,
2026-08-21T10:00:00,2026-08-21T15:00:00.029Z,2026-08-21,10:00,Fri,OPEN,4,10,20,15.0,2,api,cloud,
2026-08-21T10:01:00,2026-08-21T15:01:00.029Z,2026-08-21,10:01,Fri,OPEN,6,15,25,20.0,2,api,cloud,
2026-08-21T10:02:00,2026-08-21T15:02:00.021Z,2026-08-21,10:02,Fri,OPEN,5,10,20,15.0,2,api,cloud,
2026-08-21T10:03:00,2026-08-21T15:03:00.025Z,2026-08-21,10:03,Fri,OPEN,5,10,20,15.0,2,api,cloud,
2026-08-21T10:04:00,2026-08-21T15:04:00.019Z,2026-08-21,10:04,Fri,OPEN,7,15,25,20.0,2,api,cloud,
2026-08-21T10:05:00,2026-08-21T15:05:00.030Z,2026-08-21,10:05,Fri,OPEN,6,15,25,20.0,2,api,cloud,
2026-08-21T10:06:00,2026-08-21T15:06:00.029Z,2026-08-21,10:06,Fri,OPEN,6,15,25,20.0,2,api,cloud,
2026-08-21T10:07:00,2026-08-21T15:07:00.029Z,2026-08-21,10:07,Fri,OPEN,7,15,25,20.0,2,api,cloud,
2026-08-21T10:08:00,2026-08-21T15:08:00.030Z,2026-08-21,10:08,Fri,OPEN,6,15,25,20.0,2,api,cloud,
2026-08-21T10:09:00,2026-08-21T15:09:00.003Z,2026-08-21,10:09,Fri,OPEN,7,15,25,20.0,2,api,cloud,
2026-08-21T10:10:00,2026-08-21T15:10:00.030Z,2026-08-21,10:10,Fri,OPEN,8,15,25,20.0,2,api,cloud,
2026-08-21T10:11:00,2026-08-21T15:11:00.019Z,2026-08-21,10:11,Fri,OPEN,7,15,25,20.0,2,api,cloud,
2026-08-21T10:12:00,2026-08-21T15:12:00.029Z,2026-08-21,10:12,Fri,OPEN,7,15,25,20.0,2,api,cloud,
2026-08-21T10:13:00,2026-08-21T15:13:00.027Z,2026-08-21,10:13,Fri,OPEN,6,15,25,20.0,2,api,cloud,
2026-08-21T10:14:00,2026-08-21T15:14:00.005Z,2026-08-21,10:14,Fri,OPEN,5,10,20,15.0,2,api,cloud,
2026-08-21T10:15:00,2026-08-21T15:15:00.018Z,2026-08-21,10:15,Fri,OPEN,5,10,20,15.0,2,api,cloud,
2026-08-21T10:16:00,2026-08-21T15:16:00.028Z,2026-08-21,10:16,Fri,OPEN,2,10,20,15.0,2,api,cloud,
2026-08-21T10:17:00,2026-08-21T15:17:00.029Z,2026-08-21,10:17,Fri,OPEN,1,5,15,10.0,2,api,cloud,
2026-08-21T10:18:00,2026-08-21T15:18:00.027Z,2026-08-21,10:18,Fri,OPEN,1,5,15,10.0,2,api,cloud,
2026-08-21T10:19:00,2026-08-21T15:19:00.003Z,2026-08-21,10:19,Fri,OPEN,1,5,15,10.0,2,api,cloud,
2026-08-21T10:20:00,2026-08-21T15:20:00.019Z,2026-08-21,10:20,Fri,OPEN,2,10,20,15.0,2,api,cloud,
2026-08-21T10:21:00,2026-08-21T15:21:00.029Z,2026-08-21,10:21,Fri,OPEN,2,10,20,15.0,2,api,cloud,
2026-08-21T10:22:00,2026-08-21T15:22:00.023Z,2026-08-21,10:22,Fri,OPEN,3,10,20,15.0,2,api,cloud,
2026-08-21T10:23:00,2026-08-21T15:23:00.028Z,2026-08-21,10:23,Fri,OPEN,4,10,20,15.0,2,api,cloud,
2026-08-21T10:24:00,2026-08-21T15:24:00.019Z,2026-08-21,10:24,Fri,OPEN,5,10,20,15.0,2,api,cloud,
2026-08-21T10:25:00,2026-08-21T15:25:00.029Z,2026-08-21,10:25,Fri,OPEN,7,15,25,20.0,2,api,cloud,
2026-08-21T10:26:00,2026-08-21T15:26:00.008Z,2026-08-21,10:26,Fri,OPEN,7,15,25,20.0,2,api,cloud,
2026-08-21T10:27:00,2026-08-21T15:27:00.028Z,2026-08-21,10:27,Fri,OPEN,9,15,25,20.0,2,api,cloud,
2026-08-21T10:28:00,2026-08-21T15:28:00.019Z,2026-08-21,10:28,Fri,OPEN,10,20,30,25.0,2,api,cloud,
2026-08-21T10:29:00,2026-08-21T15:29:00.023Z,2026-08-21,10:29,Fri,OPEN,10,20,30,25.0,2,api,cloud,
2026-08-21T10:50:20,2026-08-21T15:50:20.823Z,2026-08-21,10:50,Fri,OPEN,11,20,30,25.0,2,api,cloud,
2026-08-21T10:51:00,2026-08-21T15:51:00.007Z,2026-08-21,10:51,Fri,OPEN,12,20,30,25.0,2,api,cloud,
2026-08-21T10:52:00,2026-08-21T15:52:00.028Z,2026-08-21,10:52,Fri,OPEN,11,20,30,25.0,2,api,cloud,
2026-08-21T10:53:00,2026-08-21T15:53:00.013Z,2026-08-21,10:53,Fri,OPEN,12,20,30,25.0,2,api,cloud,
2026-08-21T10:54:00,2026-08-21T15:54:00.026Z,2026-08-21,10:54,Fri,OPEN,13,25,35,30.0,2,api,cloud,
2026-08-21T10:55:00,2026-08-21T15:55:00.016Z,2026-08-21,10:55,Fri,OPEN,15,25,35,30.0,2,api,cloud,
2026-08-21T10:56:00,2026-08-21T15:56:00.024Z,2026-08-21,10:56,Fri,OPEN,15,25,35,30.0,2,api,cloud,
2026-08-21T10:57:00,2026-08-21T15:57:00.008Z,2026-08-21,10:57,Fri,OPEN,16,25,35,30.0,2,api,cloud,
2026-08-21T10:58:00,2026-08-21T15:58:00.021Z,2026-08-21,10:58,Fri,OPEN,18,30,40,35.0,2,api,cloud,
2026-08-21T10:59:00,2026-08-21T15:59:00.025Z,2026-08-21,10:59,Fri,OPEN,17,30,40,35.0,2,api,cloud,
2026-08-21T11:00:00,2026-08-21T16:00:00.008Z,2026-08-21,11:00,Fri,OPEN,21,35,45,40.0,2,api,cloud,
2026-08-21T11:01:00,2026-08-21T16:01:00.028Z,2026-08-21,11:01,Fri,OPEN,20,35,45,40.0,2,api,cloud,
2026-08-21T11:02:00,2026-08-21T16:02:00.008Z,2026-08-21,11:02,Fri,OPEN,19,30,40,35.0,2,api,cloud,
2026-08-21T11:03:00,2026-08-21T16:03:00.027Z,2026-08-21,11:03,Fri,OPEN,20,35,45,40.0,2,api,cloud,
2026-08-21T11:04:00,2026-08-21T16:04:00.008Z,2026-08-21,11:04,Fri,OPEN,21,35,45,40.0,2,api,cloud,
2026-08-21T11:05:00,2026-08-21T16:05:00.028Z,2026-08-21,11:05,Fri,OPEN,21,35,45,40.0,2,api,cloud,
2026-08-21T11:06:00,2026-08-21T16:06:00.023Z,2026-08-21,11:06,Fri,OPEN,20,35,45,40.0,2,api,cloud,
2026-08-21T11:07:00,2026-08-21T16:07:00.028Z,2026-08-21,11:07,Fri,OPEN,19,30,40,35.0,2,api,cloud,
2026-08-21T11:08:00,2026-08-21T16:08:00.027Z,2026-08-21,11:08,Fri,OPEN,22,35,45,40.0,2,api,cloud,
2026-08-21T11:09:00,2026-08-21T16:09:00.028Z,2026-08-21,11:09,Fri,OPEN,23,35,45,40.0,2,api,cloud,
2026-08-21T11:10:00,2026-08-21T16:10:00.008Z,2026-08-21,11:10,Fri,OPEN,22,35,45,40.0,2,api,cloud,
2026-08-21T11:11:00,2026-08-21T16:11:00.028Z,2026-08-21,11:11,Fri,OPEN,21,35,45,40.0,2,api,cloud,
2026-08-21T11:12:00,2026-08-21T16:12:00.025Z,2026-08-21,11:12,Fri,OPEN,22,35,45,40.0,2,api,cloud,
2026-08-21T11:13:00,2026-08-21T16:13:00.030Z,2026-08-21,11:13,Fri,OPEN,24,40,50,45.0,2,api,cloud,
2026-08-21T11:14:00,2026-08-21T16:14:00.026Z,2026-08-21,11:14,Fri,OPEN,22,35,45,40.0,2,api,cloud,
2026-08-21T11:15:00,2026-08-21T16:15:00.028Z,2026-08-21,11:15,Fri,OPEN,19,30,40,35.0,2,api,cloud,
2026-08-21T11:16:00,2026-08-21T16:16:00.019Z,2026-08-21,11:16,Fri,OPEN,19,30,40,35.0,2,api,cloud,
2026-08-21T11:17:00,2026-08-21T16:17:00.027Z,2026-08-21,11:17,Fri,OPEN,17,30,40,35.0,2,api,cloud,
2026-08-21T11:18:00,2026-08-21T16:18:00.008Z,2026-08-21,11:18,Fri,OPEN,16,25,35,30.0,2,api,cloud,
2026-08-21T11:19:00,2026-08-21T16:19:00.027Z,2026-08-21,11:19,Fri,OPEN,16,25,35,30.0,2,api,cloud,
2026-08-21T11:20:00,2026-08-21T16:20:00.028Z,2026-08-21,11:20,Fri,OPEN,15,25,35,30.0,2,api,cloud,
2026-08-21T11:21:00,2026-08-21T16:21:00.028Z,2026-08-21,11:21,Fri,OPEN,15,25,35,30.0,2,api,cloud,
2026-08-21T11:22:00,2026-08-21T16:22:00.002Z,2026-08-21,11:22,Fri,OPEN,15,25,35,30.0,2,api,cloud,
2026-08-21T11:23:00,2026-08-21T16:23:00.008Z,2026-08-21,11:23,Fri,OPEN,15,25,35,30.0,2,api,cloud,
2026-08-21T11:24:00,2026-08-21T16:24:00.027Z,2026-08-21,11:24,Fri,OPEN,15,25,35,30.0,2,api,cloud,
2026-08-21T11:25:00,2026-08-21T16:25:00.024Z,2026-08-21,11:25,Fri,OPEN,13,25,35,30.0,2,api,cloud,
2026-08-21T11:26:00,2026-08-21T16:26:00.012Z,2026-08-21,11:26,Fri,OPEN,13,25,35,30.0,2,api,cloud,
2026-08-21T11:27:00,2026-08-21T16:27:00.000Z,2026-08-21,11:27,Fri,OPEN,14,25,35,30.0,2,api,cloud,
2026-08-21T11:28:00,2026-08-21T16:28:00.028Z,2026-08-21,11:28,Fri,OPEN,15,25,35,30.0,2,api,cloud,
2026-08-21T11:29:00,2026-08-21T16:29:00.013Z,2026-08-21,11:29,Fri,OPEN,16,25,35,30.0,2,api,cloud,
2026-08-21T11:30:00,2026-08-21T16:30:00.027Z,2026-08-21,11:30,Fri,OPEN,15,25,35,30.0,2,api,cloud,
2026-08-21T11:31:00,2026-08-21T16:31:00.028Z,2026-08-21,11:31,Fri,OPEN,14,25,35,30.0,2,api,cloud,
2026-08-21T11:32:00,2026-08-21T16:32:00.008Z,2026-08-21,11:32,Fri,OPEN,15,25,35,30.0,2,api,cloud,
2026-08-21T11:33:00,2026-08-21T16:33:00.028Z,2026-08-21,11:33,Fri,OPEN,15,25,35,30.0,2,api,cloud,
2026-08-21T11:34:00,2026-08-21T16:34:00.028Z,2026-08-21,11:34,Fri,OPEN,14,25,35,30.0,2,api,cloud,
2026-08-21T11:35:00,2026-08-21T16:35:00.029Z,2026-08-21,11:35,Fri,OPEN,14,25,35,30.0,2,api,cloud,
2026-08-21T11:36:00,2026-08-21T16:36:00.022Z,2026-08-21,11:36,Fri,OPEN,15,25,35,30.0,2,api,cloud,
2026-08-21T11:37:00,2026-08-21T16:37:00.027Z,2026-08-21,11:37,Fri,OPEN,16,25,35,30.0,2,api,cloud,
2026-08-21T11:38:00,2026-08-21T16:38:00.028Z,2026-08-21,11:38,Fri,OPEN,13,25,35,30.0,2,api,cloud,
2026-08-21T11:39:00,2026-08-21T16:39:00.027Z,2026-08-21,11:39,Fri,OPEN,12,20,30,25.0,2,api,cloud,
2026-08-21T11:40:00,2026-08-21T16:40:00.027Z,2026-08-21,11:40,Fri,OPEN,11,20,30,25.0,2,api,cloud,
2026-08-21T11:41:00,2026-08-21T16:41:00.013Z,2026-08-21,11:41,Fri,OPEN,10,20,30,25.0,2,api,cloud,
2026-08-21T11:42:00,2026-08-21T16:42:00.017Z,2026-08-21,11:42,Fri,OPEN,10,20,30,25.0,2,api,cloud,
2026-08-21T11:43:00,2026-08-21T16:43:00.023Z,2026-08-21,11:43,Fri,OPEN,12,20,30,25.0,2,api,cloud,
2026-08-21T11:44:00,2026-08-21T16:44:00.027Z,2026-08-21,11:44,Fri,OPEN,11,20,30,25.0,2,api,cloud,
2026-08-21T11:45:00,2026-08-21T16:45:00.029Z,2026-08-21,11:45,Fri,OPEN,11,20,30,25.0,2,api,cloud,
2026-08-21T11:46:00,2026-08-21T16:46:00.028Z,2026-08-21,11:46,Fri,OPEN,11,20,30,25.0,2,api,cloud,
2026-08-21T11:47:00,2026-08-21T16:47:00.024Z,2026-08-21,11:47,Fri,OPEN,11,20,30,25.0,2,api,cloud,
2026-08-21T11:48:00,2026-08-21T16:48:00.000Z,2026-08-21,11:48,Fri,OPEN,10,20,30,25.0,2,api,cloud,
2026-08-21T11:49:00,2026-08-21T16:49:00.008Z,2026-08-21,11:49,Fri,OPEN,10,20,30,25.0,2,api,cloud,
2026-08-21T11:50:00,2026-08-21T16:50:00.008Z,2026-08-21,11:50,Fri,OPEN,10,20,30,25.0,2,api,cloud,
2026-08-21T11:51:00,2026-08-21T16:51:00.024Z,2026-08-21,11:51,Fri,OPEN,10,20,30,25.0,2,api,cloud,
2026-08-21T11:52:00,2026-08-21T16:52:00.017Z,2026-08-21,11:52,Fri,OPEN,11,20,30,25.0,2,api,cloud,
2026-08-21T11:53:00,2026-08-21T16:53:00.022Z,2026-08-21,11:53,Fri,OPEN,11,20,30,25.0,2,api,cloud,
2026-08-21T11:54:00,2026-08-21T16:54:00.021Z,2026-08-21,11:54,Fri,OPEN,10,20,30,25.0,2,api,cloud,
2026-08-21T11:55:00,2026-08-21T16:55:00.025Z,2026-08-21,11:55,Fri,OPEN,9,15,25,20.0,2,api,cloud,
2026-08-21T11:56:00,2026-08-21T16:56:00.027Z,2026-08-21,11:56,Fri,OPEN,6,15,25,20.0,2,api,cloud,
2026-08-21T11:57:00,2026-08-21T16:57:00.028Z,2026-08-21,11:57,Fri,OPEN,7,15,25,20.0,2,api,cloud,
2026-08-21T11:58:00,2026-08-21T16:58:00.008Z,2026-08-21,11:58,Fri,OPEN,6,15,25,20.0,2,api,cloud,
2026-08-21T11:59:00,2026-08-21T16:59:00.012Z,2026-08-21,11:59,Fri,OPEN,5,10,20,15.0,2,api,cloud,
2026-08-21T12:00:00,2026-08-21T17:00:00.029Z,2026-08-21,12:00,Fri,OPEN,5,10,20,15.0,2,api,cloud,
2026-08-21T12:01:00,2026-08-21T17:01:00.008Z,2026-08-21,12:01,Fri,OPEN,6,15,25,20.0,2,api,cloud,
2026-08-21T12:02:00,2026-08-21T17:02:00.014Z,2026-08-21,12:02,Fri,OPEN,7,15,25,20.0,2,api,cloud,
2026-08-21T12:03:00,2026-08-21T17:03:00.029Z,2026-08-21,12:03,Fri,OPEN,8,15,25,20.0,2,api,cloud,
2026-08-21T12:04:00,2026-08-21T17:04:00.008Z,2026-08-21,12:04,Fri,OPEN,9,15,25,20.0,2,api,cloud,
2026-08-21T12:05:00,2026-08-21T17:05:00.012Z,2026-08-21,12:05,Fri,OPEN,11,20,30,25.0,2,api,cloud,
2026-08-21T12:06:00,2026-08-21T17:06:00.024Z,2026-08-21,12:06,Fri,OPEN,10,20,30,25.0,2,api,cloud,
2026-08-21T12:07:00,2026-08-21T17:07:00.028Z,2026-08-21,12:07,Fri,OPEN,11,20,30,25.0,2,api,cloud,
2026-08-21T12:08:00,2026-08-21T17:08:00.008Z,2026-08-21,12:08,Fri,OPEN,12,20,30,25.0,2,api,cloud,
2026-08-21T12:09:00,2026-08-21T17:09:00.013Z,2026-08-21,12:09,Fri,OPEN,11,20,30,25.0,2,api,cloud,
2026-08-21T12:10:00,2026-08-21T17:10:00.028Z,2026-08-21,12:10,Fri,OPEN,12,20,30,25.0,2,api,cloud,
2026-08-21T12:11:00,2026-08-21T17:11:00.028Z,2026-08-21,12:11,Fri,OPEN,12,20,30,25.0,2,api,cloud,
2026-08-21T12:12:00,2026-08-21T17:12:00.029Z,2026-08-21,12:12,Fri,OPEN,10,20,30,25.0,2,api,cloud,
2026-08-21T12:13:00,2026-08-21T17:13:00.029Z,2026-08-21,12:13,Fri,OPEN,9,15,25,20.0,2,api,cloud,
2026-08-21T12:14:00,2026-08-21T17:14:00.028Z,2026-08-21,12:14,Fri,OPEN,6,15,25,20.0,2,api,cloud,
2026-08-21T12:15:00,2026-08-21T17:15:00.029Z,2026-08-21,12:15,Fri,OPEN,5,10,20,15.0,2,api,cloud,
2026-08-21T12:16:00,2026-08-21T17:16:00.029Z,2026-08-21,12:16,Fri,OPEN,6,15,25,20.0,2,api,cloud,
2026-08-21T12:17:00,2026-08-21T17:17:00.027Z,2026-08-21,12:17,Fri,OPEN,5,10,20,15.0,2,api,cloud,
2026-08-21T12:18:00,2026-08-21T17:18:00.024Z,2026-08-21,12:18,Fri,OPEN,4,10,20,15.0,2,api,cloud,
2026-08-21T12:19:00,2026-08-21T17:19:00.028Z,2026-08-21,12:19,Fri,OPEN,4,10,20,15.0,2,api,cloud,
2026-08-21T12:20:00,2026-08-21T17:20:00.027Z,2026-08-21,12:20,Fri,OPEN,4,10,20,15.0,2,api,cloud,
2026-08-21T12:21:00,2026-08-21T17:21:00.028Z,2026-08-21,12:21,Fri,OPEN,3,10,20,15.0,2,api,cloud,
2026-08-21T12:22:00,2026-08-21T17:22:00.008Z,2026-08-21,12:22,Fri,OPEN,2,10,20,15.0,2,api,cloud,
2026-08-21T12:23:00,2026-08-21T17:23:00.028Z,2026-08-21,12:23,Fri,OPEN,2,10,20,15.0,2,api,cloud,
2026-08-21T12:24:00,2026-08-21T17:24:00.027Z,2026-08-21,12:24,Fri,OPEN,1,5,15,10.0,2,api,cloud,
2026-08-21T12:25:00,2026-08-21T17:25:00.028Z,2026-08-21,12:25,Fri,OPEN,1,5,15,10.0,2,api,cloud,
2026-08-21T12:26:00,2026-08-21T17:26:00.028Z,2026-08-21,12:26,Fri,OPEN,1,5,15,10.0,2,api,cloud,
2026-08-21T12:27:00,2026-08-21T17:27:00.026Z,2026-08-21,12:27,Fri,OPEN,1,5,15,10.0,2,api,cloud,
2026-08-21T12:28:00,2026-08-21T17:28:00.018Z,2026-08-21,12:28,Fri,OPEN,1,5,15,10.0,2,api,cloud,
2026-08-21T12:29:00,2026-08-21T17:29:00.024Z,2026-08-21,12:29,Fri,OPEN,1,5,15,10.0,2,api,cloud,
2026-08-21T12:30:00,2026-08-21T17:30:00.028Z,2026-08-21,12:30,Fri,OPEN,1,5,15,10.0,2,api,cloud,
2026-08-21T12:31:00,2026-08-21T17:31:00.029Z,2026-08-21,12:31,Fri,OPEN,1,5,15,10.0,2,api,cloud,
2026-08-21T12:32:00,2026-08-21T17:32:00.008Z,2026-08-21,12:32,Fri,OPEN,1,5,15,10.0,2,api,cloud,
2026-08-21T12:33:00,2026-08-21T17:33:00.016Z,2026-08-21,12:33,Fri,OPEN,1,5,15,10.0,2,api,cloud,
2026-08-21T12:34:00,2026-08-21T17:34:00.028Z,2026-08-21,12:34,Fri,OPEN,1,5,15,10.0,2,api,cloud,
2026-08-21T12:35:00,2026-08-21T17:35:00.017Z,2026-08-21,12:35,Fri,OPEN,1,5,15,10.0,2,api,cloud,
2026-08-21T12:36:00,2026-08-21T17:36:00.029Z,2026-08-21,12:36,Fri,OPEN,1,5,15,10.0,2,api,cloud,
2026-08-21T12:37:00,2026-08-21T17:37:00.028Z,2026-08-21,12:37,Fri,EMPTY_CLOSED,0,5,15,0,2,api,cloud,
2026-08-21T12:38:00,2026-08-21T17:38:00.029Z,2026-08-21,12:38,Fri,EMPTY_CLOSED,0,5,15,0,2,api,cloud,
2026-08-21T12:39:00,2026-08-21T17:39:00.027Z,2026-08-21,12:39,Fri,EMPTY_CLOSED,0,5,15,0,2,api,cloud,
2026-08-21T12:40:00,2026-08-21T17:40:00.028Z,2026-08-21,12:40,Fri,EMPTY_CLOSED,0,5,15,0,2,api,cloud,
2026-08-21T12:41:00,2026-08-21T17:41:00.008Z,2026-08-21,12:41,Fri,EMPTY_CLOSED,0,5,15,0,2,api,cloud,
2026-08-21T12:42:00,2026-08-21T17:42:00.023Z,2026-08-21,12:42,Fri,EMPTY_CLOSED,0,5,15,0,2,api,cloud,
2026-08-21T12:43:00,2026-08-21T17:43:00.029Z,2026-08-21,12:43,Fri,EMPTY_CLOSED,0,5,15,0,2,api,cloud,
2026-08-21T12:44:00,2026-08-21T17:44:00.029Z,2026-08-21,12:44,Fri,EMPTY_CLOSED,0,5,15,0,2,api,cloud,
2026-08-21T12:45:00,2026-08-21T17:45:00.028Z,2026-08-21,12:45,Fri,EMPTY_CLOSED,0,5,15,0,2,api,cloud,
2026-08-21T12:46:00,2026-08-21T17:46:00.028Z,2026-08-21,12:46,Fri,OPEN,1,5,15,10.0,2,api,cloud,
2026-08-21T12:47:00,2026-08-21T17:47:00.027Z,2026-08-21,12:47,Fri,OPEN,1,5,15,10.0,2,api,cloud,
2026-08-21T12:48:00,2026-08-21T17:48:00.028Z,2026-08-21,12:48,Fri,OPEN,2,10,20,15.0,2,api,cloud,
2026-08-21T12:49:00,2026-08-21T17:49:00.028Z,2026-08-21,12:49,Fri,OPEN,2,10,20,15.0,2,api,cloud,
2026-08-21T12:50:00,2026-08-21T17:50:00.018Z,2026-08-21,12:50,Fri,OPEN,2,10,20,15.0,2,api,cloud,
2026-08-21T12:51:00,2026-08-21T17:51:00.022Z,2026-08-21,12:51,Fri,OPEN,2,10,20,15.0,2,api,cloud,
2026-08-21T12:52:00,2026-08-21T17:52:00.008Z,2026-08-21,12:52,Fri,OPEN,2,10,20,15.0,2,api,cloud,
2026-08-21T12:53:00,2026-08-21T17:53:00.021Z,2026-08-21,12:53,Fri,OPEN,2,10,20,15.0,2,api,cloud,
2026-08-21T12:54:00,2026-08-21T17:54:00.028Z,2026-08-21,12:54,Fri,OPEN,2,10,20,15.0,2,api,cloud,
2026-08-21T12:55:00,2026-08-21T17:55:00.029Z,2026-08-21,12:55,Fri,OPEN,2,10,20,15.0,2,api,cloud,
2026-08-21T12:56:00,2026-08-21T17:56:00.024Z,2026-08-21,12:56,Fri,OPEN,2,10,20,15.0,2,api,cloud,
2026-08-21T12:57:00,2026-08-21T17:57:00.028Z,2026-08-21,12:57,Fri,OPEN,3,10,20,15.0,2,api,cloud,
2026-08-21T12:58:00,2026-08-21T17:58:00.029Z,2026-08-21,12:58,Fri,OPEN,2,10,20,15.0,2,api,cloud,
2026-08-21T12:59:00,2026-08-21T17:59:00.027Z,2026-08-21,12:59,Fri,OPEN,1,5,15,10.0,2,api,cloud,
2026-08-21T13:00:00,2026-08-21T18:00:00.027Z,2026-08-21,13:00,Fri,OPEN,1,5,15,10.0,2,api,cloud,
2026-08-21T13:01:00,2026-08-21T18:01:00.028Z,2026-08-21,13:01,Fri,EMPTY_CLOSED,0,5,15,0,2,api,cloud,
2026-08-21T13:02:00,2026-08-21T18:02:00.010Z,2026-08-21,13:02,Fri,EMPTY_CLOSED,0,5,15,0,2,api,cloud,
2026-08-21T13:03:00,2026-08-21T18:03:00.014Z,2026-08-21,13:03,Fri,EMPTY_CLOSED,0,5,15,0,2,api,cloud,
2026-08-21T13:04:00,2026-08-21T18:04:00.028Z,2026-08-21,13:04,Fri,EMPTY_CLOSED,0,5,15,0,2,api,cloud,
2026-08-21T13:05:00,2026-08-21T18:05:00.021Z,2026-08-21,13:05,Fri,EMPTY_CLOSED,0,5,15,0,2,api,cloud,
2026-08-21T13:06:00,2026-08-21T18:06:00.028Z,2026-08-21,13:06,Fri,EMPTY_CLOSED,0,5,15,0,2,api,cloud,
2026-08-21T13:07:00,2026-08-21T18:07:00.008Z,2026-08-21,13:07,Fri,EMPTY_CLOSED,0,5,15,0,2,api,cloud,
2026-08-21T13:08:00,2026-08-21T18:08:00.023Z,2026-08-21,13:08,Fri,EMPTY_CLOSED,0,5,15,0,2,api,cloud,
2026-08-21T13:09:00,2026-08-21T18:09:00.024Z,2026-08-21,13:09,Fri,EMPTY_CLOSED,0,5,15,0,2,api,cloud,
2026-08-21T13:10:00,2026-08-21T18:10:00.028Z,2026-08-21,13:10,Fri,EMPTY_CLOSED,0,5,15,0,2,api,cloud,
2026-08-21T13:11:00,2026-08-21T18:11:00.024Z,2026-08-21,13:11,Fri,EMPTY_CLOSED,0,5,15,0,2,api,cloud,
2026-08-21T13:12:00,2026-08-21T18:12:00.000Z,2026-08-21,13:12,Fri,EMPTY_CLOSED,0,5,15,0,2,api,cloud,
2026-08-21T13:13:00,2026-08-21T18:13:00.030Z,2026-08-21,13:13,Fri,EMPTY_CLOSED,0,5,15,0,2,api,cloud,
2026-08-21T13:14:00,2026-08-21T18:14:00.009Z,2026-08-21,13:14,Fri,EMPTY_CLOSED,0,5,15,0,2,api,cloud,
2026-08-21T13:15:00,2026-08-21T18:15:00.028Z,2026-08-21,13:15,Fri,EMPTY_CLOSED,0,5,15,0,2,api,cloud,
2026-08-21T13:16:00,2026-08-21T18:16:00.008Z,2026-08-21,13:16,Fri,EMPTY_CLOSED,0,5,15,0,2,api,cloud,
2026-08-21T13:17:00,2026-08-21T18:17:00.029Z,2026-08-21,13:17,Fri,EMPTY_CLOSED,0,5,15,0,2,api,cloud,
2026-08-21T13:18:00,2026-08-21T18:18:00.029Z,2026-08-21,13:18,Fri,EMPTY_CLOSED,0,5,15,0,2,api,cloud,
2026-08-21T13:19:00,2026-08-21T18:19:00.024Z,2026-08-21,13:19,Fri,EMPTY_CLOSED,0,5,15,0,2,api,cloud,
2026-08-21T13:20:00,2026-08-21T18:20:00.029Z,2026-08-21,13:20,Fri,EMPTY_CLOSED,0,5,15,0,2,api,cloud,
2026-08-21T13:21:00,2026-08-21T18:21:00.029Z,2026-08-21,13:21,Fri,EMPTY_CLOSED,0,5,15,0,2,api,cloud,
2026-08-21T13:22:00,2026-08-21T18:22:00.008Z,2026-08-21,13:22,Fri,EMPTY_CLOSED,0,5,15,0,2,api,cloud,
2026-08-21T13:23:00,2026-08-21T18:23:00.013Z,2026-08-21,13:23,Fri,EMPTY_CLOSED,0,5,15,0,2,api,cloud,
2026-08-21T13:24:00,2026-08-21T18:24:00.017Z,2026-08-21,13:24,Fri,EMPTY_CLOSED,0,5,15,0,2,api,cloud,
2026-08-21T13:25:00,2026-08-21T18:25:00.021Z,2026-08-21,13:25,Fri,EMPTY_CLOSED,0,5,15,0,2,api,cloud,
2026-08-21T13:26:00,2026-08-21T18:26:00.008Z,2026-08-21,13:26,Fri,EMPTY_CLOSED,0,5,15,0,2,api,cloud,
2026-08-21T13:27:00,2026-08-21T18:27:00.030Z,2026-08-21,13:27,Fri,EMPTY_CLOSED,0,5,15,0,2,api,cloud,
2026-08-21T13:28:00,2026-08-21T18:28:00.028Z,2026-08-21,13:28,Fri,EMPTY_CLOSED,0,5,15,0,2,api,cloud,
2026-08-21T13:29:00,2026-08-21T18:29:00.028Z,2026-08-21,13:29,Fri,EMPTY_CLOSED,0,5,15,0,2,api,cloud,
2026-08-21T13:30:00,2026-08-21T18:30:00.022Z,2026-08-21,13:30,Fri,EMPTY_CLOSED,0,5,15,0,2,api,cloud,
2026-08-21T13:31:00,2026-08-21T18:31:00.026Z,2026-08-21,13:31,Fri,EMPTY_CLOSED,0,5,15,0,2,api,cloud,
2026-08-21T13:32:00,2026-08-21T18:32:00.024Z,2026-08-21,13:32,Fri,EMPTY_CLOSED,0,5,15,0,2,api,cloud,
2026-08-21T13:33:00,2026-08-21T18:33:00.008Z,2026-08-21,13:33,Fri,EMPTY_CLOSED,0,5,15,0,2,api,cloud,
2026-08-21T13:34:00,2026-08-21T18:34:00.013Z,2026-08-21,13:34,Fri,EMPTY_CLOSED,0,5,15,0,2,api,cloud,
2026-08-21T13:35:00,2026-08-21T18:35:00.027Z,2026-08-21,13:35,Fri,EMPTY_CLOSED,0,5,15,0,2,api,cloud,
2026-08-21T13:36:00,2026-08-21T18:36:00.030Z,2026-08-21,13:36,Fri,EMPTY_CLOSED,0,5,15,0,2,api,cloud,
2026-08-21T13:37:00,2026-08-21T18:37:00.028Z,2026-08-21,13:37,Fri,EMPTY_CLOSED,0,5,15,0,2,api,cloud,
2026-08-21T13:38:00,2026-08-21T18:38:00.028Z,2026-08-21,13:38,Fri,EMPTY_CLOSED,0,5,15,0,2,api,cloud,
2026-08-21T13:39:00,2026-08-21T18:39:00.028Z,2026-08-21,13:39,Fri,EMPTY_CLOSED,0,5,15,0,2,api,cloud,
2026-08-21T13:40:00,2026-08-21T18:40:00.008Z,2026-08-21,13:40,Fri,EMPTY_CLOSED,0,5,15,0,2,api,cloud,
2026-08-21T13:41:00,2026-08-21T18:41:00.029Z,2026-08-21,13:41,Fri,EMPTY_CLOSED,0,5,15,0,2,api,cloud,
2026-08-21T13:42:00,2026-08-21T18:42:00.027Z,2026-08-21,13:42,Fri,EMPTY_CLOSED,0,5,15,0,2,api,cloud,
2026-08-21T13:43:00,2026-08-21T18:43:00.027Z,2026-08-21,13:43,Fri,EMPTY_CLOSED,0,5,15,0,2,api,cloud,
2026-08-21T13:44:00,2026-08-21T18:44:00.028Z,2026-08-21,13:44,Fri,EMPTY_CLOSED,0,5,15,0,2,api,cloud,
2026-08-21T13:45:00,2026-08-21T18:45:00.029Z,2026-08-21,13:45,Fri,EMPTY_CLOSED,0,5,15,0,2,api,cloud,
2026-08-21T13:46:00,2026-08-21T18:46:00.008Z,2026-08-21,13:46,Fri,EMPTY_CLOSED,0,5,15,0,2,api,cloud,
2026-08-21T13:47:00,2026-08-21T18:47:00.030Z,2026-08-21,13:47,Fri,EMPTY_CLOSED,0,5,15,0,2,api,cloud,
2026-08-21T13:48:00,2026-08-21T18:48:00.024Z,2026-08-21,13:48,Fri,EMPTY_CLOSED,0,5,15,0,2,api,cloud,
2026-08-21T13:49:00,2026-08-21T18:49:00.029Z,2026-08-21,13:49,Fri,EMPTY_CLOSED,0,5,15,0,2,api,cloud,
2026-08-21T13:50:00,2026-08-21T18:50:00.029Z,2026-08-21,13:50,Fri,EMPTY_CLOSED,0,5,15,0,2,api,cloud,
2026-08-21T13:51:00,2026-08-21T18:51:00.027Z,2026-08-21,13:51,Fri,EMPTY_CLOSED,0,5,15,0,2,api,cloud,
2026-08-21T13:52:00,2026-08-21T18:52:00.028Z,2026-08-21,13:52,Fri,EMPTY_CLOSED,0,5,15,0,2,api,cloud,
2026-08-21T13:53:00,2026-08-21T18:53:00.024Z,2026-08-21,13:53,Fri,EMPTY_CLOSED,0,5,15,0,2,api,cloud,
2026-08-21T13:54:00,2026-08-21T18:54:00.028Z,2026-08-21,13:54,Fri,EMPTY_CLOSED,0,5,15,0,2,api,cloud,
2026-08-21T13:55:00,2026-08-21T18:55:00.024Z,2026-08-21,13:55,Fri,EMPTY_CLOSED,0,5,15,0,2,api,cloud,
2026-08-21T13:56:00,2026-08-21T18:56:00.029Z,2026-08-21,13:56,Fri,EMPTY_CLOSED,0,5,15,0,2,api,cloud,
2026-08-21T13:57:00,2026-08-21T18:57:00.029Z,2026-08-21,13:57,Fri,EMPTY_CLOSED,0,5,15,0,2,api,cloud,
2026-08-21T13:58:00,2026-08-21T18:58:00.008Z,2026-08-21,13:58,Fri,EMPTY_CLOSED,0,5,15,0,2,api,cloud,
2026-08-21T13:59:00,2026-08-21T18:59:00.028Z,2026-08-21,13:59,Fri,EMPTY_CLOSED,0,5,15,0,2,api,cloud,
2026-08-21T14:00:00,2026-08-21T19:00:00.006Z,2026-08-21,14:00,Fri,EMPTY_CLOSED,0,5,15,0,2,api,cloud,
2026-08-21T14:01:00,2026-08-21T19:01:00.010Z,2026-08-21,14:01,Fri,EMPTY_CLOSED,0,5,15,0,2,api,cloud,
2026-08-21T14:02:00,2026-08-21T19:02:00.014Z,2026-08-21,14:02,Fri,EMPTY_CLOSED,0,5,15,0,2,api,cloud,
2026-08-21T14:03:00,2026-08-21T19:03:00.028Z,2026-08-21,14:03,Fri,EMPTY_CLOSED,0,5,15,0,2,api,cloud,
2026-08-21T14:04:00,2026-08-21T19:04:00.029Z,2026-08-21,14:04,Fri,EMPTY_CLOSED,0,5,15,0,2,api,cloud,
2026-08-21T14:05:00,2026-08-21T19:05:00.016Z,2026-08-21,14:05,Fri,EMPTY_CLOSED,0,5,15,0,2,api,cloud,
2026-08-21T14:06:00,2026-08-21T19:06:00.008Z,2026-08-21,14:06,Fri,EMPTY_CLOSED,0,5,15,0,2,api,cloud,
2026-08-21T14:07:00,2026-08-21T19:07:00.030Z,2026-08-21,14:07,Fri,EMPTY_CLOSED,0,5,15,0,2,api,cloud,
2026-08-21T14:08:00,2026-08-21T19:08:00.030Z,2026-08-21,14:08,Fri,EMPTY_CLOSED,0,5,15,0,2,api,cloud,
2026-08-21T14:09:00,2026-08-21T19:09:00.029Z,2026-08-21,14:09,Fri,EMPTY_CLOSED,0,5,15,0,2,api,cloud,
2026-08-21T14:10:00,2026-08-21T19:10:00.008Z,2026-08-21,14:10,Fri,EMPTY_CLOSED,0,5,15,0,2,api,cloud,
2026-08-21T14:11:00,2026-08-21T19:11:00.029Z,2026-08-21,14:11,Fri,EMPTY_CLOSED,0,5,15,0,2,api,cloud,
2026-08-21T14:12:00,2026-08-21T19:12:00.008Z,2026-08-21,14:12,Fri,EMPTY_CLOSED,0,5,15,0,2,api,cloud,
2026-08-21T14:13:00,2026-08-21T19:13:00.021Z,2026-08-21,14:13,Fri,EMPTY_CLOSED,0,5,15,0,2,api,cloud,
2026-08-21T14:14:00,2026-08-21T19:14:00.024Z,2026-08-21,14:14,Fri,EMPTY_CLOSED,0,5,15,0,2,api,cloud,
2026-08-21T14:15:00,2026-08-21T19:15:00.028Z,2026-08-21,14:15,Fri,EMPTY_CLOSED,0,5,15,0,2,api,cloud,
2026-08-21T14:16:00,2026-08-21T19:16:00.027Z,2026-08-21,14:16,Fri,EMPTY_CLOSED,0,5,15,0,2,api,cloud,
2026-08-21T14:17:00,2026-08-21T19:17:00.029Z,2026-08-21,14:17,Fri,EMPTY_CLOSED,0,5,15,0,2,api,cloud,
2026-08-21T14:18:00,2026-08-21T19:18:00.008Z,2026-08-21,14:18,Fri,EMPTY_CLOSED,0,5,15,0,2,api,cloud,
2026-08-21T14:19:00,2026-08-21T19:19:00.013Z,2026-08-21,14:19,Fri,EMPTY_CLOSED,0,5,15,0,2,api,cloud,
2026-08-21T14:20:00,2026-08-21T19:20:00.008Z,2026-08-21,14:20,Fri,EMPTY_CLOSED,0,5,15,0,2,api,cloud,
2026-08-21T14:21:00,2026-08-21T19:21:00.014Z,2026-08-21,14:21,Fri,EMPTY_CLOSED,0,5,15,0,2,api,cloud,
2026-08-21T14:22:00,2026-08-21T19:22:00.018Z,2026-08-21,14:22,Fri,EMPTY_CLOSED,0,5,15,0,2,api,cloud,
2026-08-21T14:23:00,2026-08-21T19:23:00.030Z,2026-08-21,14:23,Fri,EMPTY_CLOSED,0,5,15,0,2,api,cloud,
2026-08-21T14:24:00,2026-08-21T19:24:00.000Z,2026-08-21,14:24,Fri,EMPTY_CLOSED,0,5,15,0,2,api,cloud,
2026-08-21T14:25:00,2026-08-21T19:25:00.029Z,2026-08-21,14:25,Fri,EMPTY_CLOSED,0,5,15,0,2,api,cloud,
2026-08-21T14:26:00,2026-08-21T19:26:00.030Z,2026-08-21,14:26,Fri,EMPTY_CLOSED,0,5,15,0,2,api,cloud,
2026-08-21T14:27:00,2026-08-21T19:27:00.009Z,2026-08-21,14:27,Fri,EMPTY_CLOSED,0,5,15,0,2,api,cloud,
2026-08-21T14:28:00,2026-08-21T19:28:00.029Z,2026-08-21,14:28,Fri,EMPTY_CLOSED,0,5,15,0,2,api,cloud,
2026-08-21T14:29:00,2026-08-21T19:29:00.028Z,2026-08-21,14:29,Fri,EMPTY_CLOSED,0,5,15,0,2,api,cloud,
2026-08-21T14:30:00,2026-08-21T19:30:00.008Z,2026-08-21,14:30,Fri,EMPTY_CLOSED,0,5,15,0,2,api,cloud,
2026-08-21T14:31:00,2026-08-21T19:31:00.013Z,2026-08-21,14:31,Fri,EMPTY_CLOSED,0,5,15,0,2,api,cloud,
2026-08-21T14:32:00,2026-08-21T19:32:00.016Z,2026-08-21,14:32,Fri,EMPTY_CLOSED,0,5,15,0,2,api,cloud,
2026-08-21T14:33:00,2026-08-21T19:33:00.029Z,2026-08-21,14:33,Fri,EMPTY_CLOSED,0,5,15,0,2,api,cloud,
2026-08-21T14:34:00,2026-08-21T19:34:00.016Z,2026-08-21,14:34,Fri,EMPTY_CLOSED,0,5,15,0,2,api,cloud,
2026-08-21T14:35:00,2026-08-21T19:35:00.020Z,2026-08-21,14:35,Fri,EMPTY_CLOSED,0,5,15,0,2,api,cloud,
2026-08-21T14:36:00,2026-08-21T19:36:00.024Z,2026-08-21,14:36,Fri,EMPTY_CLOSED,0,5,15,0,2,api,cloud,
2026-08-21T14:37:00,2026-08-21T19:37:00.029Z,2026-08-21,14:37,Fri,EMPTY_CLOSED,0,5,15,0,2,api,cloud,
2026-08-21T14:38:00,2026-08-21T19:38:00.028Z,2026-08-21,14:38,Fri,NO_MODULE,,,,,,dom,cloud,waitlist module absent
2026-08-21T14:39:00,2026-08-21T19:39:00.004Z,2026-08-21,14:39,Fri,EMPTY_CLOSED,0,5,15,0,2,api,cloud,
2026-08-21T14:40:00,2026-08-21T19:40:00.008Z,2026-08-21,14:40,Fri,EMPTY_CLOSED,0,5,15,0,2,api,cloud,
2026-08-21T14:41:00,2026-08-21T19:41:00.029Z,2026-08-21,14:41,Fri,NO_MODULE,,,,,,dom,cloud,waitlist module absent
2026-08-21T14:42:00,2026-08-21T19:42:00.004Z,2026-08-21,14:42,Fri,EMPTY_CLOSED,0,5,15,0,2,api,cloud,
2026-08-21T14:43:00,2026-08-21T19:43:00.017Z,2026-08-21,14:43,Fri,EMPTY_CLOSED,0,5,15,0,2,api,cloud,
2026-08-21T14:44:00,2026-08-21T19:44:00.021Z,2026-08-21,14:44,Fri,NO_MODULE,,,,,,dom,cloud,waitlist module absent
2026-08-21T14:45:00,2026-08-21T19:45:00.003Z,2026-08-21,14:45,Fri,NO_MODULE,,,,,,dom,cloud,waitlist module absent
2026-08-21T14:46:00,2026-08-21T19:46:00.004Z,2026-08-21,14:46,Fri,NO_MODULE,,,,,,dom,cloud,waitlist module absent
2026-08-21T14:47:00,2026-08-21T19:47:00.004Z,2026-08-21,14:47,Fri,NO_MODULE,,,,,,dom,cloud,waitlist module absent
2026-08-21T14:48:00,2026-08-21T19:48:00.004Z,2026-08-21,14:48,Fri,NO_MODULE,,,,,,dom,cloud,waitlist module absent
2026-08-21T14:49:00,2026-08-21T19:49:00.005Z,2026-08-21,14:49,Fri,NO_MODULE,,,,,,dom,cloud,waitlist module absent
2026-08-21T14:50:00,2026-08-21T19:50:00.004Z,2026-08-21,14:50,Fri,NO_MODULE,,,,,,dom,cloud,waitlist module absent
2026-08-21T14:51:00,2026-08-21T19:51:00.006Z,2026-08-21,14:51,Fri,NO_MODULE,,,,,,dom,cloud,waitlist module absent
2026-08-21T14:52:00,2026-08-21T19:52:00.000Z,2026-08-21,14:52,Fri,NO_MODULE,,,,,,dom,cloud,waitlist module absent
2026-08-21T14:53:00,2026-08-21T19:53:00.004Z,2026-08-21,14:53,Fri,NO_MODULE,,,,,,dom,cloud,waitlist module absent
2026-08-21T14:54:00,2026-08-21T19:54:00.004Z,2026-08-21,14:54,Fri,NO_MODULE,,,,,,dom,cloud,waitlist module absent
2026-08-21T14:55:00,2026-08-21T19:55:00.004Z,2026-08-21,14:55,Fri,NO_MODULE,,,,,,dom,cloud,waitlist module absent
2026-08-21T14:56:00,2026-08-21T19:56:00.004Z,2026-08-21,14:56,Fri,NO_MODULE,,,,,,dom,cloud,waitlist module absent
2026-08-21T14:57:00,2026-08-21T19:57:00.004Z,2026-08-21,14:57,Fri,NO_MODULE,,,,,,dom,cloud,waitlist module absent
2026-08-21T14:58:00,2026-08-21T19:58:00.004Z,2026-08-21,14:58,Fri,NO_MODULE,,,,,,dom,cloud,waitlist module absent
2026-08-21T14:59:00,2026-08-21T19:59:00.004Z,2026-08-21,14:59,Fri,EMPTY_CLOSED,0,5,15,0,2,api,cloud,
2026-08-21T15:00:00,2026-08-21T20:00:00.027Z,2026-08-21,15:00,Fri,NO_MODULE,,,,,,dom,cloud,waitlist module absent
2026-08-21T15:01:00,2026-08-21T20:01:00.005Z,2026-08-21,15:01,Fri,NO_MODULE,,,,,,dom,cloud,waitlist module absent
2026-08-21T15:02:00,2026-08-21T20:02:00.004Z,2026-08-21,15:02,Fri,NO_MODULE,,,,,,dom,cloud,waitlist module absent
2026-08-21T15:03:00,2026-08-21T20:03:00.004Z,2026-08-21,15:03,Fri,NO_MODULE,,,,,,dom,cloud,waitlist module absent
2026-08-21T15:04:00,2026-08-21T20:04:00.004Z,2026-08-21,15:04,Fri,NO_MODULE,,,,,,dom,cloud,waitlist module absent
2026-08-21T15:05:00,2026-08-21T20:05:00.004Z,2026-08-21,15:05,Fri,NO_MODULE,,,,,,dom,cloud,waitlist module absent
2026-08-21T15:06:00,2026-08-21T20:06:00.005Z,2026-08-21,15:06,Fri,NO_MODULE,,,,,,dom,cloud,waitlist module absent
2026-08-21T15:07:00,2026-08-21T20:07:00.005Z,2026-08-21,15:07,Fri,NO_MODULE,,,,,,dom,cloud,waitlist module absent
2026-08-21T15:08:00,2026-08-21T20:08:00.006Z,2026-08-21,15:08,Fri,NO_MODULE,,,,,,dom,cloud,waitlist module absent
2026-08-21T15:09:00,2026-08-21T20:09:00.004Z,2026-08-21,15:09,Fri,NO_MODULE,,,,,,dom,cloud,waitlist module absent
2026-08-21T15:10:00,2026-08-21T20:10:00.004Z,2026-08-21,15:10,Fri,NO_MODULE,,,,,,dom,cloud,waitlist module absent
2026-08-21T15:11:00,2026-08-21T20:11:00.004Z,2026-08-21,15:11,Fri,NO_MODULE,,,,,,dom,cloud,waitlist module absent
2026-08-21T15:12:00,2026-08-21T20:12:00.004Z,2026-08-21,15:12,Fri,NO_MODULE,,,,,,dom,cloud,waitlist module absent
2026-08-21T15:13:00,2026-08-21T20:13:00.005Z,2026-08-21,15:13,Fri,NO_MODULE,,,,,,dom,cloud,waitlist module absent
2026-08-21T15:14:00,2026-08-21T20:14:00.004Z,2026-08-21,15:14,Fri,NO_MODULE,,,,,,dom,cloud,waitlist module absent
2026-08-21T15:15:00,2026-08-21T20:15:00.005Z,2026-08-21,15:15,Fri,NO_MODULE,,,,,,dom,cloud,waitlist module absent
2026-08-21T15:16:00,2026-08-21T20:16:00.004Z,2026-08-21,15:16,Fri,NO_MODULE,,,,,,dom,cloud,waitlist module absent
2026-08-21T15:17:00,2026-08-21T20:17:00.005Z,2026-08-21,15:17,Fri,NO_MODULE,,,,,,dom,cloud,waitlist module absent
2026-08-21T15:18:00,2026-08-21T20:18:00.000Z,2026-08-21,15:18,Fri,NO_MODULE,,,,,,dom,cloud,waitlist module absent
2026-08-21T15:19:00,2026-08-21T20:19:00.005Z,2026-08-21,15:19,Fri,NO_MODULE,,,,,,dom,cloud,waitlist module absent
2026-08-21T15:20:00,2026-08-21T20:20:00.004Z,2026-08-21,15:20,Fri,NO_MODULE,,,,,,dom,cloud,waitlist module absent
2026-08-21T15:21:00,2026-08-21T20:21:00.004Z,2026-08-21,15:21,Fri,NO_MODULE,,,,,,dom,cloud,waitlist module absent
2026-08-21T15:22:00,2026-08-21T20:22:00.005Z,2026-08-21,15:22,Fri,NO_MODULE,,,,,,dom,cloud,waitlist module absent
2026-08-21T15:23:00,2026-08-21T20:23:00.004Z,2026-08-21,15:23,Fri,NO_MODULE,,,,,,dom,cloud,waitlist module absent
2026-08-21T15:24:00,2026-08-21T20:24:00.004Z,2026-08-21,15:24,Fri,NO_MODULE,,,,,,dom,cloud,waitlist module absent
2026-08-21T15:25:00,2026-08-21T20:25:00.005Z,2026-08-21,15:25,Fri,NO_MODULE,,,,,,dom,cloud,waitlist module absent
2026-08-21T15:26:00,2026-08-21T20:26:00.005Z,2026-08-21,15:26,Fri,NO_MODULE,,,,,,dom,cloud,waitlist module absent
2026-08-21T15:27:00,2026-08-21T20:27:00.005Z,2026-08-21,15:27,Fri,NO_MODULE,,,,,,dom,cloud,waitlist module absent
2026-08-21T15:28:00,2026-08-21T20:28:00.004Z,2026-08-21,15:28,Fri,NO_MODULE,,,,,,dom,cloud,waitlist module absent
2026-08-21T15:29:00,2026-08-21T20:29:00.004Z,2026-08-21,15:29,Fri,NO_MODULE,,,,,,dom,cloud,waitlist module absent
