ts_ct,ts_utc,waitlist_status,parties_ahead,wait_min_minutes,wait_max_minutes,party_size,source,note
2026-09-04T08:12:34,2026-09-04T13:12:34.859Z,EMPTY_CLOSED,0,5,15,2,api,
2026-09-04T08:13:00,2026-09-04T13:13:00.001Z,EMPTY_CLOSED,0,5,15,2,api,
2026-09-04T08:14:00,2026-09-04T13:14:00.029Z,EMPTY_CLOSED,0,5,15,2,api,
2026-09-04T08:15:00,2026-09-04T13:15:00.029Z,EMPTY_CLOSED,0,5,15,2,api,
2026-09-04T08:16:00,2026-09-04T13:16:00.028Z,EMPTY_CLOSED,0,5,15,2,api,
2026-09-04T08:17:00,2026-09-04T13:17:00.028Z,EMPTY_CLOSED,0,5,15,2,api,
2026-09-04T08:18:00,2026-09-04T13:18:00.028Z,EMPTY_CLOSED,0,5,15,2,api,
2026-09-04T08:19:00,2026-09-04T13:19:00.016Z,EMPTY_CLOSED,0,5,15,2,api,
2026-09-04T08:20:00,2026-09-04T13:20:00.020Z,EMPTY_CLOSED,0,5,15,2,api,
2026-09-04T08:21:00,2026-09-04T13:21:00.016Z,EMPTY_CLOSED,0,5,15,2,api,
2026-09-04T08:22:00,2026-09-04T13:22:00.020Z,EMPTY_CLOSED,0,5,15,2,api,
2026-09-04T08:23:00,2026-09-04T13:23:00.029Z,EMPTY_CLOSED,0,5,15,2,api,
2026-09-04T08:24:00,2026-09-04T13:24:00.028Z,EMPTY_CLOSED,0,5,15,2,api,
2026-09-04T08:25:00,2026-09-04T13:25:00.028Z,EMPTY_CLOSED,0,5,15,2,api,
2026-09-04T08:26:00,2026-09-04T13:26:00.027Z,EMPTY_CLOSED,0,5,15,2,api,
2026-09-04T08:27:00,2026-09-04T13:27:00.020Z,EMPTY_CLOSED,0,5,15,2,api,
2026-09-04T08:28:00,2026-09-04T13:28:00.003Z,EMPTY_CLOSED,0,5,15,2,api,
2026-09-04T08:29:00,2026-09-04T13:29:00.020Z,EMPTY_CLOSED,0,5,15,2,api,
2026-09-04T08:30:00,2026-09-04T13:30:00.028Z,EMPTY_CLOSED,0,5,15,2,api,
2026-09-04T08:31:00,2026-09-04T13:31:00.029Z,EMPTY_CLOSED,0,5,15,2,api,
2026-09-04T08:32:00,2026-09-04T13:32:00.007Z,EMPTY_CLOSED,0,5,15,2,api,
2026-09-04T08:33:00,2026-09-04T13:33:00.027Z,EMPTY_CLOSED,0,5,15,2,api,
2026-09-04T08:34:00,2026-09-04T13:34:00.028Z,EMPTY_CLOSED,0,5,15,2,api,
2026-09-04T08:35:00,2026-09-04T13:35:00.027Z,EMPTY_CLOSED,0,5,15,2,api,
2026-09-04T08:36:00,2026-09-04T13:36:00.025Z,EMPTY_CLOSED,0,5,15,2,api,
2026-09-04T08:37:00,2026-09-04T13:37:00.028Z,EMPTY_CLOSED,0,5,15,2,api,
2026-09-04T08:38:00,2026-09-04T13:38:00.029Z,EMPTY_CLOSED,0,5,15,2,api,
2026-09-04T08:39:00,2026-09-04T13:39:00.028Z,EMPTY_CLOSED,0,5,15,2,api,
2026-09-04T08:40:00,2026-09-04T13:40:00.028Z,EMPTY_CLOSED,0,5,15,2,api,
2026-09-04T08:41:00,2026-09-04T13:41:00.028Z,EMPTY_CLOSED,0,5,15,2,api,
2026-09-04T08:42:00,2026-09-04T13:42:00.005Z,EMPTY_CLOSED,0,5,15,2,api,
2026-09-04T08:43:00,2026-09-04T13:43:00.028Z,EMPTY_CLOSED,0,5,15,2,api,
2026-09-04T08:44:00,2026-09-04T13:44:00.030Z,EMPTY_CLOSED,0,5,15,2,api,
2026-09-04T08:45:00,2026-09-04T13:45:00.028Z,EMPTY_CLOSED,0,5,15,2,api,
2026-09-04T08:46:00,2026-09-04T13:46:00.029Z,EMPTY_CLOSED,0,5,15,2,api,
2026-09-04T08:47:00,2026-09-04T13:47:00.028Z,EMPTY_CLOSED,0,5,15,2,api,
2026-09-04T08:48:00,2026-09-04T13:48:00.022Z,EMPTY_CLOSED,0,5,15,2,api,
2026-09-04T08:49:00,2026-09-04T13:49:00.028Z,EMPTY_CLOSED,0,5,15,2,api,
2026-09-04T08:50:00,2026-09-04T13:50:00.029Z,EMPTY_CLOSED,0,5,15,2,api,
2026-09-04T08:51:00,2026-09-04T13:51:00.016Z,EMPTY_CLOSED,0,5,15,2,api,
2026-09-04T08:52:00,2026-09-04T13:52:00.028Z,EMPTY_CLOSED,0,5,15,2,api,
2026-09-04T08:53:00,2026-09-04T13:53:00.028Z,EMPTY_CLOSED,0,5,15,2,api,
2026-09-04T08:54:00,2026-09-04T13:54:00.016Z,EMPTY_CLOSED,0,5,15,2,api,
2026-09-04T08:55:00,2026-09-04T13:55:00.016Z,EMPTY_CLOSED,0,5,15,2,api,
2026-09-04T08:56:00,2026-09-04T13:56:00.027Z,EMPTY_CLOSED,0,5,15,2,api,
2026-09-04T08:57:00,2026-09-04T13:57:00.002Z,EMPTY_CLOSED,0,5,15,2,api,
2026-09-04T08:58:00,2026-09-04T13:58:00.006Z,EMPTY_CLOSED,0,5,15,2,api,
2026-09-04T08:59:00,2026-09-04T13:59:00.016Z,EMPTY_CLOSED,0,5,15,2,api,
2026-09-04T09:00:00,2026-09-04T14:00:00.008Z,EMPTY_CLOSED,0,5,15,2,api,
2026-09-04T09:01:00,2026-09-04T14:01:00.028Z,EMPTY_CLOSED,0,5,15,2,api,
2026-09-04T09:02:00,2026-09-04T14:02:00.029Z,EMPTY_CLOSED,0,5,15,2,api,
2026-09-04T09:03:00,2026-09-04T14:03:00.029Z,EMPTY_CLOSED,0,5,15,2,api,
2026-09-04T09:04:00,2026-09-04T14:04:00.029Z,EMPTY_CLOSED,0,5,15,2,api,
2026-09-04T09:05:00,2026-09-04T14:05:00.017Z,EMPTY_CLOSED,0,5,15,2,api,
2026-09-04T09:06:00,2026-09-04T14:06:00.028Z,EMPTY_CLOSED,0,5,15,2,api,
2026-09-04T09:07:00,2026-09-04T14:07:00.016Z,EMPTY_CLOSED,0,5,15,2,api,
2026-09-04T09:08:00,2026-09-04T14:08:00.027Z,EMPTY_CLOSED,0,5,15,2,api,
2026-09-04T09:09:00,2026-09-04T14:09:00.029Z,EMPTY_CLOSED,0,5,15,2,api,
2026-09-04T09:10:00,2026-09-04T14:10:00.000Z,EMPTY_CLOSED,0,5,15,2,api,
2026-09-04T09:11:00,2026-09-04T14:11:00.028Z,OPEN,1,5,15,2,api,
2026-09-04T09:12:00,2026-09-04T14:12:00.028Z,OPEN,1,5,15,2,api,
2026-09-04T09:13:00,2026-09-04T14:13:00.029Z,OPEN,1,5,15,2,api,
2026-09-04T09:14:00,2026-09-04T14:14:00.016Z,OPEN,1,5,15,2,api,
2026-09-04T09:15:00,2026-09-04T14:15:00.016Z,OPEN,1,5,15,2,api,
2026-09-04T09:16:00,2026-09-04T14:16:00.003Z,OPEN,1,5,15,2,api,
2026-09-04T09:17:00,2026-09-04T14:17:00.016Z,OPEN,1,5,15,2,api,
2026-09-04T09:18:00,2026-09-04T14:18:00.000Z,OPEN,2,10,20,2,api,
2026-09-04T09:19:00,2026-09-04T14:19:00.016Z,OPEN,2,10,20,2,api,
2026-09-04T09:20:00,2026-09-04T14:20:00.030Z,OPEN,2,10,20,2,api,
2026-09-04T09:21:00,2026-09-04T14:21:00.028Z,OPEN,2,10,20,2,api,
2026-09-04T09:22:00,2026-09-04T14:22:00.029Z,OPEN,2,10,20,2,api,
2026-09-04T09:23:00,2026-09-04T14:23:00.016Z,OPEN,3,10,20,2,api,
2026-09-04T09:24:00,2026-09-04T14:24:00.028Z,OPEN,3,10,20,2,api,
2026-09-04T09:25:00,2026-09-04T14:25:00.016Z,OPEN,3,10,20,2,api,
2026-09-04T09:26:00,2026-09-04T14:26:00.029Z,OPEN,2,10,20,2,api,
2026-09-04T09:27:00,2026-09-04T14:27:00.016Z,OPEN,3,10,20,2,api,
2026-09-04T09:28:00,2026-09-04T14:28:00.018Z,OPEN,4,10,20,2,api,
2026-09-04T09:29:00,2026-09-04T14:29:00.027Z,OPEN,4,10,20,2,api,
2026-09-04T09:30:00,2026-09-04T14:30:00.027Z,OPEN,5,10,20,2,api,
2026-09-04T09:31:00,2026-09-04T14:31:00.016Z,OPEN,5,10,20,2,api,
2026-09-04T09:32:00,2026-09-04T14:32:00.021Z,OPEN,5,10,20,2,api,
2026-09-04T09:33:00,2026-09-04T14:33:00.026Z,OPEN,6,15,25,2,api,
2026-09-04T09:34:00,2026-09-04T14:34:00.028Z,OPEN,6,15,25,2,api,
2026-09-04T09:35:00,2026-09-04T14:35:00.028Z,OPEN,5,10,20,2,api,
2026-09-04T09:36:00,2026-09-04T14:36:00.016Z,OPEN,3,10,20,2,api,
2026-09-04T09:37:00,2026-09-04T14:37:00.028Z,OPEN,3,10,20,2,api,
2026-09-04T09:38:00,2026-09-04T14:38:00.015Z,OPEN,4,10,20,2,api,
2026-09-04T09:39:00,2026-09-04T14:39:00.028Z,OPEN,5,10,20,2,api,
2026-09-04T09:40:00,2026-09-04T14:40:00.016Z,OPEN,8,15,25,2,api,
2026-09-04T09:41:00,2026-09-04T14:41:00.020Z,OPEN,8,15,25,2,api,
2026-09-04T09:42:00,2026-09-04T14:42:00.029Z,OPEN,8,15,25,2,api,
2026-09-04T09:43:00,2026-09-04T14:43:00.001Z,OPEN,8,15,25,2,api,
2026-09-04T09:44:00,2026-09-04T14:44:00.019Z,OPEN,8,15,25,2,api,
2026-09-04T09:45:00,2026-09-04T14:45:00.016Z,OPEN,9,15,25,2,api,
2026-09-04T09:46:00,2026-09-04T14:46:00.007Z,OPEN,10,20,30,2,api,
2026-09-04T09:47:00,2026-09-04T14:47:00.029Z,OPEN,10,20,30,2,api,
2026-09-04T09:48:00,2026-09-04T14:48:00.028Z,OPEN,9,15,25,2,api,
2026-09-04T09:49:00,2026-09-04T14:49:00.029Z,OPEN,8,15,25,2,api,
2026-09-04T09:50:00,2026-09-04T14:50:00.029Z,OPEN,7,15,25,2,api,
2026-09-04T09:51:00,2026-09-04T14:51:00.025Z,OPEN,7,15,25,2,api,
2026-09-04T09:52:00,2026-09-04T14:52:00.028Z,OPEN,8,15,25,2,api,
2026-09-04T09:53:00,2026-09-04T14:53:00.016Z,OPEN,8,15,25,2,api,
2026-09-04T09:54:00,2026-09-04T14:54:00.028Z,OPEN,9,15,25,2,api,
2026-09-04T09:55:00,2026-09-04T14:55:00.028Z,OPEN,15,25,35,2,api,
2026-09-04T09:56:00,2026-09-04T14:56:00.030Z,OPEN,13,25,35,2,api,
2026-09-04T09:57:00,2026-09-04T14:57:00.016Z,OPEN,13,25,35,2,api,
2026-09-04T09:58:00,2026-09-04T14:58:00.029Z,OPEN,13,25,35,2,api,
2026-09-04T09:59:00,2026-09-04T14:59:00.028Z,OPEN,12,20,30,2,api,
2026-09-04T10:00:00,2026-09-04T15:00:00.011Z,OPEN,12,20,30,2,api,
2026-09-04T10:01:00,2026-09-04T15:01:00.016Z,OPEN,13,25,35,2,api,
2026-09-04T10:02:00,2026-09-04T15:02:00.028Z,OPEN,14,25,35,2,api,
2026-09-04T10:03:00,2026-09-04T15:03:00.030Z,OPEN,15,25,35,2,api,
2026-09-04T10:04:00,2026-09-04T15:04:00.030Z,OPEN,15,25,35,2,api,
2026-09-04T10:05:00,2026-09-04T15:05:00.009Z,OPEN,17,30,40,2,api,
2026-09-04T10:06:00,2026-09-04T15:06:00.027Z,OPEN,17,30,40,2,api,
2026-09-04T10:07:00,2026-09-04T15:07:00.016Z,OPEN,18,30,40,2,api,
2026-09-04T10:08:00,2026-09-04T15:08:00.028Z,OPEN,18,30,40,2,api,
2026-09-04T10:09:00,2026-09-04T15:09:00.027Z,OPEN,19,30,40,2,api,
2026-09-04T10:10:00,2026-09-04T15:10:00.028Z,OPEN,19,30,40,2,api,
2026-09-04T10:11:00,2026-09-04T15:11:00.016Z,OPEN,19,30,40,2,api,
2026-09-04T10:12:00,2026-09-04T15:12:00.029Z,OPEN,20,35,45,2,api,
2026-09-04T10:13:00,2026-09-04T15:13:00.029Z,OPEN,20,35,45,2,api,
2026-09-04T10:14:00,2026-09-04T15:14:00.027Z,OPEN,19,30,40,2,api,
2026-09-04T10:15:00,2026-09-04T15:15:00.029Z,OPEN,17,30,40,2,api,
2026-09-04T10:16:00,2026-09-04T15:16:00.028Z,OPEN,18,30,40,2,api,
2026-09-04T10:17:00,2026-09-04T15:17:00.026Z,OPEN,18,30,40,2,api,
2026-09-04T10:18:00,2026-09-04T15:18:00.016Z,OPEN,18,30,40,2,api,
2026-09-04T10:19:00,2026-09-04T15:19:00.028Z,OPEN,19,30,40,2,api,
2026-09-04T10:20:00,2026-09-04T15:20:00.028Z,OPEN,20,35,45,2,api,
2026-09-04T10:21:00,2026-09-04T15:21:00.016Z,OPEN,20,35,45,2,api,
2026-09-04T10:22:00,2026-09-04T15:22:00.020Z,OPEN,20,35,45,2,api,
2026-09-04T10:23:00,2026-09-04T15:23:00.028Z,OPEN,21,35,45,2,api,
2026-09-04T10:24:00,2026-09-04T15:24:00.024Z,OPEN,21,35,45,2,api,
2026-09-04T10:25:00,2026-09-04T15:25:00.028Z,OPEN,22,35,45,2,api,
2026-09-04T10:26:00,2026-09-04T15:26:00.028Z,OPEN,23,35,45,2,api,
2026-09-04T10:27:00,2026-09-04T15:27:00.028Z,OPEN,23,35,45,2,api,
2026-09-04T10:28:00,2026-09-04T15:28:00.028Z,OPEN,22,35,45,2,api,
2026-09-04T10:29:00,2026-09-04T15:29:00.016Z,OPEN,19,30,40,2,api,
2026-09-04T11:04:47,2026-09-04T16:04:47.736Z,OPEN,9,15,25,2,api,
2026-09-04T11:06:00,2026-09-04T16:06:00.008Z,OPEN,12,20,30,2,api,
2026-09-04T11:07:00,2026-09-04T16:07:00.028Z,OPEN,13,25,35,2,api,
2026-09-04T11:08:00,2026-09-04T16:08:00.029Z,OPEN,12,20,30,2,api,
2026-09-04T11:09:00,2026-09-04T16:09:00.025Z,OPEN,15,25,35,2,api,
2026-09-04T11:10:00,2026-09-04T16:10:00.025Z,OPEN,14,25,35,2,api,
2026-09-04T11:11:00,2026-09-04T16:11:00.025Z,OPEN,14,25,35,2,api,
2026-09-04T11:12:00,2026-09-04T16:12:00.027Z,OPEN,14,25,35,2,api,
2026-09-04T11:13:00,2026-09-04T16:13:00.028Z,OPEN,13,25,35,2,api,
2026-09-04T11:14:00,2026-09-04T16:14:00.017Z,OPEN,13,25,35,2,api,
2026-09-04T11:15:00,2026-09-04T16:15:00.028Z,OPEN,13,25,35,2,api,
2026-09-04T11:16:00,2026-09-04T16:16:00.028Z,OPEN,13,25,35,2,api,
2026-09-04T11:17:00,2026-09-04T16:17:00.022Z,OPEN,13,25,35,2,api,
2026-09-04T11:18:00,2026-09-04T16:18:00.025Z,OPEN,12,20,30,2,api,
2026-09-04T11:19:00,2026-09-04T16:19:00.028Z,OPEN,11,20,30,2,api,
2026-09-04T11:20:00,2026-09-04T16:20:00.009Z,OPEN,12,20,30,2,api,
2026-09-04T11:21:00,2026-09-04T16:21:00.016Z,OPEN,12,20,30,2,api,
2026-09-04T11:22:00,2026-09-04T16:22:00.019Z,OPEN,12,20,30,2,api,
2026-09-04T11:23:00,2026-09-04T16:23:00.001Z,OPEN,12,20,30,2,api,
2026-09-04T11:24:00,2026-09-04T16:24:00.017Z,OPEN,12,20,30,2,api,
2026-09-04T11:25:00,2026-09-04T16:25:00.028Z,OPEN,9,15,25,2,api,
2026-09-04T11:26:00,2026-09-04T16:26:00.028Z,OPEN,9,15,25,2,api,
2026-09-04T11:27:00,2026-09-04T16:27:00.028Z,OPEN,9,15,25,2,api,
2026-09-04T11:28:00,2026-09-04T16:28:00.028Z,OPEN,9,15,25,2,api,
2026-09-04T11:29:00,2026-09-04T16:29:00.017Z,OPEN,9,15,25,2,api,
2026-09-04T11:30:00,2026-09-04T16:30:00.027Z,OPEN,7,15,25,2,api,
2026-09-04T11:31:00,2026-09-04T16:31:00.028Z,OPEN,7,15,25,2,api,
2026-09-04T11:32:00,2026-09-04T16:32:00.028Z,OPEN,6,15,25,2,api,
2026-09-04T11:33:00,2026-09-04T16:33:00.028Z,OPEN,6,15,25,2,api,
2026-09-04T11:34:00,2026-09-04T16:34:00.028Z,OPEN,5,10,20,2,api,
2026-09-04T11:35:00,2026-09-04T16:35:00.028Z,OPEN,5,10,20,2,api,
2026-09-04T11:36:00,2026-09-04T16:36:00.028Z,OPEN,5,10,20,2,api,
2026-09-04T11:37:00,2026-09-04T16:37:00.027Z,OPEN,5,10,20,2,api,
2026-09-04T11:38:00,2026-09-04T16:38:00.027Z,OPEN,4,10,20,2,api,
2026-09-04T11:39:00,2026-09-04T16:39:00.028Z,OPEN,4,10,20,2,api,
2026-09-04T11:40:00,2026-09-04T16:40:00.028Z,OPEN,4,10,20,2,api,
2026-09-04T11:41:00,2026-09-04T16:41:00.028Z,OPEN,5,10,20,2,api,
2026-09-04T11:42:00,2026-09-04T16:42:00.028Z,OPEN,5,10,20,2,api,
2026-09-04T11:43:00,2026-09-04T16:43:00.025Z,OPEN,5,10,20,2,api,
2026-09-04T11:44:00,2026-09-04T16:44:00.028Z,OPEN,3,10,20,2,api,
2026-09-04T11:45:00,2026-09-04T16:45:00.027Z,OPEN,2,10,20,2,api,
2026-09-04T11:46:00,2026-09-04T16:46:00.009Z,OPEN,2,10,20,2,api,
2026-09-04T11:47:00,2026-09-04T16:47:00.028Z,OPEN,1,5,15,2,api,
2026-09-04T11:48:00,2026-09-04T16:48:00.029Z,OPEN,2,10,20,2,api,
2026-09-04T11:49:00,2026-09-04T16:49:00.028Z,OPEN,3,10,20,2,api,
2026-09-04T11:50:00,2026-09-04T16:50:00.028Z,OPEN,3,10,20,2,api,
2026-09-04T11:51:00,2026-09-04T16:51:00.017Z,OPEN,2,10,20,2,api,
2026-09-04T11:52:00,2026-09-04T16:52:00.025Z,OPEN,1,5,15,2,api,
2026-09-04T11:53:00,2026-09-04T16:53:00.028Z,OPEN,1,5,15,2,api,
2026-09-04T11:54:00,2026-09-04T16:54:00.028Z,OPEN,2,10,20,2,api,
2026-09-04T11:55:00,2026-09-04T16:55:00.028Z,OPEN,3,10,20,2,api,
2026-09-04T11:56:00,2026-09-04T16:56:00.028Z,OPEN,3,10,20,2,api,
2026-09-04T11:57:00,2026-09-04T16:57:00.028Z,OPEN,2,10,20,2,api,
2026-09-04T11:58:00,2026-09-04T16:58:00.028Z,OPEN,2,10,20,2,api,
2026-09-04T11:59:00,2026-09-04T16:59:00.009Z,OPEN,1,5,15,2,api,
2026-09-04T12:00:00,2026-09-04T17:00:00.012Z,OPEN,1,5,15,2,api,
2026-09-04T12:01:00,2026-09-04T17:01:00.027Z,OPEN,4,10,20,2,api,
2026-09-04T12:02:00,2026-09-04T17:02:00.017Z,OPEN,5,10,20,2,api,
2026-09-04T12:03:00,2026-09-04T17:03:00.027Z,OPEN,5,10,20,2,api,
2026-09-04T12:04:00,2026-09-04T17:04:00.025Z,OPEN,5,10,20,2,api,
2026-09-04T12:05:00,2026-09-04T17:05:00.027Z,OPEN,4,10,20,2,api,
2026-09-04T12:06:00,2026-09-04T17:06:00.028Z,OPEN,3,10,20,2,api,
2026-09-04T12:07:00,2026-09-04T17:07:00.027Z,OPEN,5,10,20,2,api,
2026-09-04T12:08:00,2026-09-04T17:08:00.028Z,OPEN,5,10,20,2,api,
2026-09-04T12:09:00,2026-09-04T17:09:00.020Z,OPEN,6,15,25,2,api,
2026-09-04T12:10:00,2026-09-04T17:10:00.028Z,OPEN,6,15,25,2,api,
2026-09-04T12:11:00,2026-09-04T17:11:00.029Z,OPEN,6,15,25,2,api,
2026-09-04T12:12:00,2026-09-04T17:12:00.009Z,OPEN,6,15,25,2,api,
2026-09-04T12:13:00,2026-09-04T17:13:00.028Z,OPEN,7,15,25,2,api,
2026-09-04T12:14:00,2026-09-04T17:14:00.025Z,OPEN,7,15,25,2,api,
2026-09-04T12:15:00,2026-09-04T17:15:00.027Z,OPEN,9,15,25,2,api,
2026-09-04T12:16:00,2026-09-04T17:16:00.028Z,OPEN,8,15,25,2,api,
2026-09-04T12:17:00,2026-09-04T17:17:00.028Z,OPEN,8,15,25,2,api,
2026-09-04T12:18:00,2026-09-04T17:18:00.013Z,OPEN,10,20,30,2,api,
2026-09-04T12:19:00,2026-09-04T17:19:00.016Z,OPEN,7,15,25,2,api,
2026-09-04T12:20:00,2026-09-04T17:20:00.021Z,OPEN,6,15,25,2,api,
2026-09-04T12:21:00,2026-09-04T17:21:00.028Z,OPEN,6,15,25,2,api,
2026-09-04T12:22:00,2026-09-04T17:22:00.025Z,OPEN,6,15,25,2,api,
2026-09-04T12:23:00,2026-09-04T17:23:00.028Z,OPEN,6,15,25,2,api,
2026-09-04T12:24:00,2026-09-04T17:24:00.028Z,OPEN,6,15,25,2,api,
2026-09-04T12:25:00,2026-09-04T17:25:00.009Z,OPEN,6,15,25,2,api,
2026-09-04T12:26:00,2026-09-04T17:26:00.001Z,OPEN,6,15,25,2,api,
2026-09-04T12:27:00,2026-09-04T17:27:00.004Z,OPEN,6,15,25,2,api,
2026-09-04T12:28:00,2026-09-04T17:28:00.010Z,OPEN,6,15,25,2,api,
2026-09-04T12:29:00,2026-09-04T17:29:00.028Z,OPEN,5,10,20,2,api,
2026-09-04T12:30:00,2026-09-04T17:30:00.028Z,OPEN,3,10,20,2,api,
2026-09-04T12:31:00,2026-09-04T17:31:00.027Z,OPEN,3,10,20,2,api,
2026-09-04T12:32:00,2026-09-04T17:32:00.028Z,OPEN,5,10,20,2,api,
2026-09-04T12:33:00,2026-09-04T17:33:00.017Z,OPEN,5,10,20,2,api,
2026-09-04T12:34:00,2026-09-04T17:34:00.020Z,OPEN,4,10,20,2,api,
2026-09-04T12:35:00,2026-09-04T17:35:00.023Z,OPEN,2,10,20,2,api,
2026-09-04T12:36:00,2026-09-04T17:36:00.026Z,OPEN,1,5,15,2,api,
2026-09-04T12:37:00,2026-09-04T17:37:00.028Z,OPEN,1,5,15,2,api,
2026-09-04T12:38:00,2026-09-04T17:38:00.009Z,OPEN,1,5,15,2,api,
2026-09-04T12:39:00,2026-09-04T17:39:00.028Z,OPEN,1,5,15,2,api,
2026-09-04T12:40:00,2026-09-04T17:40:00.025Z,OPEN,1,5,15,2,api,
2026-09-04T12:41:00,2026-09-04T17:41:00.027Z,OPEN,1,5,15,2,api,
2026-09-04T12:42:00,2026-09-04T17:42:00.017Z,OPEN,1,5,15,2,api,
2026-09-04T12:43:00,2026-09-04T17:43:00.028Z,OPEN,1,5,15,2,api,
2026-09-04T12:44:00,2026-09-04T17:44:00.017Z,OPEN,1,5,15,2,api,
2026-09-04T12:45:00,2026-09-04T17:45:00.027Z,OPEN,1,5,15,2,api,
2026-09-04T12:46:00,2026-09-04T17:46:00.028Z,OPEN,1,5,15,2,api,
2026-09-04T12:47:00,2026-09-04T17:47:00.001Z,OPEN,1,5,15,2,api,
2026-09-04T12:48:00,2026-09-04T17:48:00.028Z,OPEN,1,5,15,2,api,
2026-09-04T12:49:00,2026-09-04T17:49:00.028Z,OPEN,1,5,15,2,api,
2026-09-04T12:50:00,2026-09-04T17:50:00.017Z,OPEN,1,5,15,2,api,
2026-09-04T12:51:00,2026-09-04T17:51:00.020Z,OPEN,1,5,15,2,api,
2026-09-04T12:52:00,2026-09-04T17:52:00.028Z,OPEN,1,5,15,2,api,
2026-09-04T12:53:00,2026-09-04T17:53:00.014Z,OPEN,1,5,15,2,api,
2026-09-04T12:54:00,2026-09-04T17:54:00.028Z,OPEN,1,5,15,2,api,
2026-09-04T12:55:00,2026-09-04T17:55:00.017Z,OPEN,1,5,15,2,api,
2026-09-04T12:56:00,2026-09-04T17:56:00.019Z,OPEN,1,5,15,2,api,
2026-09-04T12:57:00,2026-09-04T17:57:00.022Z,OPEN,1,5,15,2,api,
2026-09-04T12:58:00,2026-09-04T17:58:00.025Z,EMPTY_CLOSED,0,5,15,2,api,
2026-09-04T12:59:00,2026-09-04T17:59:00.003Z,EMPTY_CLOSED,0,5,15,2,api,
2026-09-04T13:00:00,2026-09-04T18:00:00.017Z,EMPTY_CLOSED,0,5,15,2,api,
2026-09-04T13:01:00,2026-09-04T18:01:00.022Z,EMPTY_CLOSED,0,5,15,2,api,
2026-09-04T13:02:00,2026-09-04T18:02:00.028Z,EMPTY_CLOSED,0,5,15,2,api,
2026-09-04T13:03:00,2026-09-04T18:03:00.028Z,EMPTY_CLOSED,0,5,15,2,api,
2026-09-04T13:04:00,2026-09-04T18:04:00.028Z,EMPTY_CLOSED,0,5,15,2,api,
2026-09-04T13:05:00,2026-09-04T18:05:00.028Z,EMPTY_CLOSED,0,5,15,2,api,
2026-09-04T13:06:00,2026-09-04T18:06:00.027Z,EMPTY_CLOSED,0,5,15,2,api,
2026-09-04T13:07:00,2026-09-04T18:07:00.025Z,EMPTY_CLOSED,0,5,15,2,api,
2026-09-04T13:08:00,2026-09-04T18:08:00.028Z,EMPTY_CLOSED,0,5,15,2,api,
2026-09-04T13:09:00,2026-09-04T18:09:00.028Z,EMPTY_CLOSED,0,5,15,2,api,
2026-09-04T13:10:00,2026-09-04T18:10:00.028Z,EMPTY_CLOSED,0,5,15,2,api,
2026-09-04T13:11:00,2026-09-04T18:11:00.028Z,EMPTY_CLOSED,0,5,15,2,api,
2026-09-04T13:12:00,2026-09-04T18:12:00.028Z,EMPTY_CLOSED,0,5,15,2,api,
2026-09-04T13:13:00,2026-09-04T18:13:00.028Z,EMPTY_CLOSED,0,5,15,2,api,
2026-09-04T13:14:00,2026-09-04T18:14:00.028Z,EMPTY_CLOSED,0,5,15,2,api,
2026-09-04T13:15:00,2026-09-04T18:15:00.023Z,EMPTY_CLOSED,0,5,15,2,api,
2026-09-04T13:16:00,2026-09-04T18:16:00.028Z,EMPTY_CLOSED,0,5,15,2,api,
2026-09-04T13:17:00,2026-09-04T18:17:00.028Z,EMPTY_CLOSED,0,5,15,2,api,
2026-09-04T13:18:00,2026-09-04T18:18:00.028Z,EMPTY_CLOSED,0,5,15,2,api,
2026-09-04T13:19:00,2026-09-04T18:19:00.028Z,EMPTY_CLOSED,0,5,15,2,api,
2026-09-04T13:20:00,2026-09-04T18:20:00.028Z,EMPTY_CLOSED,0,5,15,2,api,
2026-09-04T13:21:00,2026-09-04T18:21:00.009Z,EMPTY_CLOSED,0,5,15,2,api,
2026-09-04T13:22:00,2026-09-04T18:22:00.028Z,EMPTY_CLOSED,0,5,15,2,api,
2026-09-04T13:23:00,2026-09-04T18:23:00.028Z,EMPTY_CLOSED,0,5,15,2,api,
2026-09-04T13:24:00,2026-09-04T18:24:00.028Z,EMPTY_CLOSED,0,5,15,2,api,
2026-09-04T13:25:00,2026-09-04T18:25:00.028Z,EMPTY_CLOSED,0,5,15,2,api,
2026-09-04T13:26:00,2026-09-04T18:26:00.028Z,EMPTY_CLOSED,0,5,15,2,api,
2026-09-04T13:27:00,2026-09-04T18:27:00.028Z,EMPTY_CLOSED,0,5,15,2,api,
2026-09-04T13:28:00,2026-09-04T18:28:00.028Z,EMPTY_CLOSED,0,5,15,2,api,
2026-09-04T13:29:00,2026-09-04T18:29:00.029Z,EMPTY_CLOSED,0,5,15,2,api,
2026-09-04T13:30:00,2026-09-04T18:30:00.009Z,EMPTY_CLOSED,0,5,15,2,api,
2026-09-04T13:31:00,2026-09-04T18:31:00.028Z,EMPTY_CLOSED,0,5,15,2,api,
2026-09-04T13:32:00,2026-09-04T18:32:00.028Z,EMPTY_CLOSED,0,5,15,2,api,
2026-09-04T13:33:00,2026-09-04T18:33:00.008Z,EMPTY_CLOSED,0,5,15,2,api,
2026-09-04T13:34:00,2026-09-04T18:34:00.028Z,EMPTY_CLOSED,0,5,15,2,api,
2026-09-04T13:35:00,2026-09-04T18:35:00.028Z,EMPTY_CLOSED,0,5,15,2,api,
2026-09-04T13:36:00,2026-09-04T18:36:00.009Z,EMPTY_CLOSED,0,5,15,2,api,
2026-09-04T13:37:00,2026-09-04T18:37:00.012Z,EMPTY_CLOSED,0,5,15,2,api,
2026-09-04T13:38:00,2026-09-04T18:38:00.028Z,EMPTY_CLOSED,0,5,15,2,api,
2026-09-04T13:39:00,2026-09-04T18:39:00.028Z,EMPTY_CLOSED,0,5,15,2,api,
2026-09-04T13:40:00,2026-09-04T18:40:00.028Z,EMPTY_CLOSED,0,5,15,2,api,
2026-09-04T13:41:00,2026-09-04T18:41:00.028Z,EMPTY_CLOSED,0,5,15,2,api,
2026-09-04T13:42:00,2026-09-04T18:42:00.028Z,EMPTY_CLOSED,0,5,15,2,api,
2026-09-04T13:43:00,2026-09-04T18:43:00.009Z,EMPTY_CLOSED,0,5,15,2,api,
2026-09-04T13:44:00,2026-09-04T18:44:00.013Z,EMPTY_CLOSED,0,5,15,2,api,
2026-09-04T13:45:00,2026-09-04T18:45:00.025Z,EMPTY_CLOSED,0,5,15,2,api,
2026-09-04T13:46:00,2026-09-04T18:46:00.017Z,EMPTY_CLOSED,0,5,15,2,api,
2026-09-04T13:47:00,2026-09-04T18:47:00.020Z,EMPTY_CLOSED,0,5,15,2,api,
2026-09-04T13:48:00,2026-09-04T18:48:00.017Z,EMPTY_CLOSED,0,5,15,2,api,
2026-09-04T13:49:00,2026-09-04T18:49:00.028Z,EMPTY_CLOSED,0,5,15,2,api,
2026-09-04T13:50:00,2026-09-04T18:50:00.001Z,EMPTY_CLOSED,0,5,15,2,api,
2026-09-04T13:51:00,2026-09-04T18:51:00.028Z,EMPTY_CLOSED,0,5,15,2,api,
2026-09-04T13:52:00,2026-09-04T18:52:00.013Z,EMPTY_CLOSED,0,5,15,2,api,
2026-09-04T13:53:00,2026-09-04T18:53:00.016Z,EMPTY_CLOSED,0,5,15,2,api,
2026-09-04T13:54:00,2026-09-04T18:54:00.017Z,EMPTY_CLOSED,0,5,15,2,api,
2026-09-04T13:55:00,2026-09-04T18:55:00.028Z,EMPTY_CLOSED,0,5,15,2,api,
2026-09-04T13:56:00,2026-09-04T18:56:00.009Z,EMPTY_CLOSED,0,5,15,2,api,
2026-09-04T13:57:00,2026-09-04T18:57:00.010Z,EMPTY_CLOSED,0,5,15,2,api,
2026-09-04T13:58:00,2026-09-04T18:58:00.027Z,EMPTY_CLOSED,0,5,15,2,api,
2026-09-04T13:59:00,2026-09-04T18:59:00.028Z,EMPTY_CLOSED,0,5,15,2,api,
2026-09-04T14:00:00,2026-09-04T19:00:00.028Z,EMPTY_CLOSED,0,5,15,2,api,
2026-09-04T14:01:00,2026-09-04T19:01:00.028Z,EMPTY_CLOSED,0,5,15,2,api,
2026-09-04T14:02:00,2026-09-04T19:02:00.015Z,EMPTY_CLOSED,0,5,15,2,api,
2026-09-04T14:03:00,2026-09-04T19:03:00.028Z,EMPTY_CLOSED,0,5,15,2,api,
2026-09-04T14:04:00,2026-09-04T19:04:00.009Z,EMPTY_CLOSED,0,5,15,2,api,
2026-09-04T14:05:00,2026-09-04T19:05:00.028Z,EMPTY_CLOSED,0,5,15,2,api,
2026-09-04T14:06:00,2026-09-04T19:06:00.017Z,EMPTY_CLOSED,0,5,15,2,api,
2026-09-04T14:07:00,2026-09-04T19:07:00.028Z,EMPTY_CLOSED,0,5,15,2,api,
2026-09-04T14:08:00,2026-09-04T19:08:00.028Z,EMPTY_CLOSED,0,5,15,2,api,
2026-09-04T14:09:00,2026-09-04T19:09:00.028Z,EMPTY_CLOSED,0,5,15,2,api,
2026-09-04T14:10:00,2026-09-04T19:10:00.017Z,EMPTY_CLOSED,0,5,15,2,api,
2026-09-04T14:11:00,2026-09-04T19:11:00.025Z,EMPTY_CLOSED,0,5,15,2,api,
2026-09-04T14:12:00,2026-09-04T19:12:00.028Z,EMPTY_CLOSED,0,5,15,2,api,
2026-09-04T14:13:00,2026-09-04T19:13:00.028Z,EMPTY_CLOSED,0,5,15,2,api,
2026-09-04T14:14:00,2026-09-04T19:14:00.014Z,EMPTY_CLOSED,0,5,15,2,api,
2026-09-04T14:15:00,2026-09-04T19:15:00.028Z,EMPTY_CLOSED,0,5,15,2,api,
2026-09-04T14:16:00,2026-09-04T19:16:00.028Z,EMPTY_CLOSED,0,5,15,2,api,
2026-09-04T14:17:00,2026-09-04T19:17:00.028Z,EMPTY_CLOSED,0,5,15,2,api,
2026-09-04T14:18:00,2026-09-04T19:18:00.028Z,EMPTY_CLOSED,0,5,15,2,api,
2026-09-04T14:19:00,2026-09-04T19:19:00.023Z,EMPTY_CLOSED,0,5,15,2,api,
2026-09-04T14:20:00,2026-09-04T19:20:00.021Z,EMPTY_CLOSED,0,5,15,2,api,
2026-09-04T14:21:00,2026-09-04T19:21:00.028Z,EMPTY_CLOSED,0,5,15,2,api,
2026-09-04T14:22:00,2026-09-04T19:22:00.009Z,EMPTY_CLOSED,0,5,15,2,api,
2026-09-04T14:23:00,2026-09-04T19:23:00.028Z,EMPTY_CLOSED,0,5,15,2,api,
2026-09-04T14:24:00,2026-09-04T19:24:00.025Z,EMPTY_CLOSED,0,5,15,2,api,
2026-09-04T14:25:00,2026-09-04T19:25:00.028Z,EMPTY_CLOSED,0,5,15,2,api,
2026-09-04T14:26:00,2026-09-04T19:26:00.026Z,EMPTY_CLOSED,0,5,15,2,api,
2026-09-04T14:27:00,2026-09-04T19:27:00.027Z,EMPTY_CLOSED,0,5,15,2,api,
2026-09-04T14:28:00,2026-09-04T19:28:00.027Z,EMPTY_CLOSED,0,5,15,2,api,
2026-09-04T14:29:00,2026-09-04T19:29:00.025Z,EMPTY_CLOSED,0,5,15,2,api,
2026-09-04T14:30:00,2026-09-04T19:30:00.028Z,EMPTY_CLOSED,0,5,15,2,api,
2026-09-04T14:31:00,2026-09-04T19:31:00.028Z,EMPTY_CLOSED,0,5,15,2,api,
2026-09-04T14:32:00,2026-09-04T19:32:00.009Z,EMPTY_CLOSED,0,5,15,2,api,
2026-09-04T14:33:00,2026-09-04T19:33:00.012Z,EMPTY_CLOSED,0,5,15,2,api,
2026-09-04T14:34:00,2026-09-04T19:34:00.017Z,EMPTY_CLOSED,0,5,15,2,api,
2026-09-04T14:35:00,2026-09-04T19:35:00.023Z,EMPTY_CLOSED,0,5,15,2,api,
2026-09-04T14:36:00,2026-09-04T19:36:00.026Z,EMPTY_CLOSED,0,5,15,2,api,
2026-09-04T14:37:00,2026-09-04T19:37:00.020Z,EMPTY_CLOSED,0,5,15,2,api,
2026-09-04T14:38:00,2026-09-04T19:38:00.028Z,EMPTY_CLOSED,0,5,15,2,api,
2026-09-04T14:39:00,2026-09-04T19:39:00.028Z,EMPTY_CLOSED,0,5,15,2,api,
2026-09-04T14:40:00,2026-09-04T19:40:00.028Z,EMPTY_CLOSED,0,5,15,2,api,
2026-09-04T14:41:00,2026-09-04T19:41:00.017Z,NO_MODULE,,,,,dom,waitlist module absent
2026-09-04T14:42:00,2026-09-04T19:42:00.004Z,NO_MODULE,,,,,dom,waitlist module absent
2026-09-04T14:43:00,2026-09-04T19:43:00.005Z,EMPTY_CLOSED,0,5,15,2,api,
2026-09-04T14:44:00,2026-09-04T19:44:00.017Z,NO_MODULE,,,,,dom,waitlist module absent
2026-09-04T14:45:00,2026-09-04T19:45:00.005Z,EMPTY_CLOSED,0,5,15,2,api,
2026-09-04T14:46:00,2026-09-04T19:46:00.008Z,NO_MODULE,,,,,dom,waitlist module absent
2026-09-04T14:47:00,2026-09-04T19:47:00.005Z,NO_MODULE,,,,,dom,waitlist module absent
2026-09-04T14:48:00,2026-09-04T19:48:00.004Z,NO_MODULE,,,,,dom,waitlist module absent
2026-09-04T14:49:00,2026-09-04T19:49:00.005Z,NO_MODULE,,,,,dom,waitlist module absent
2026-09-04T14:50:00,2026-09-04T19:50:00.004Z,NO_MODULE,,,,,dom,waitlist module absent
2026-09-04T14:51:00,2026-09-04T19:51:00.005Z,NO_MODULE,,,,,dom,waitlist module absent
2026-09-04T14:52:00,2026-09-04T19:52:00.006Z,NO_MODULE,,,,,dom,waitlist module absent
2026-09-04T14:53:00,2026-09-04T19:53:00.001Z,NO_MODULE,,,,,dom,waitlist module absent
2026-09-04T14:54:00,2026-09-04T19:54:00.004Z,NO_MODULE,,,,,dom,waitlist module absent
2026-09-04T14:55:00,2026-09-04T19:55:00.005Z,NO_MODULE,,,,,dom,waitlist module absent
2026-09-04T14:56:00,2026-09-04T19:56:00.005Z,NO_MODULE,,,,,dom,waitlist module absent
2026-09-04T14:57:00,2026-09-04T19:57:00.005Z,NO_MODULE,,,,,dom,waitlist module absent
2026-09-04T14:58:00,2026-09-04T19:58:00.004Z,NO_MODULE,,,,,dom,waitlist module absent
2026-09-04T14:59:00,2026-09-04T19:59:00.004Z,NO_MODULE,,,,,dom,waitlist module absent
2026-09-04T15:00:00,2026-09-04T20:00:00.006Z,NO_MODULE,,,,,dom,waitlist module absent
2026-09-04T15:01:00,2026-09-04T20:01:00.005Z,NO_MODULE,,,,,dom,waitlist module absent
2026-09-04T15:02:00,2026-09-04T20:02:00.004Z,NO_MODULE,,,,,dom,waitlist module absent
2026-09-04T15:03:00,2026-09-04T20:03:00.005Z,NO_MODULE,,,,,dom,waitlist module absent
2026-09-04T15:04:00,2026-09-04T20:04:00.005Z,NO_MODULE,,,,,dom,waitlist module absent
2026-09-04T15:05:00,2026-09-04T20:05:00.006Z,NO_MODULE,,,,,dom,waitlist module absent
2026-09-04T15:06:00,2026-09-04T20:06:00.005Z,NO_MODULE,,,,,dom,waitlist module absent
2026-09-04T15:07:00,2026-09-04T20:07:00.001Z,NO_MODULE,,,,,dom,waitlist module absent
2026-09-04T15:08:00,2026-09-04T20:08:00.004Z,NO_MODULE,,,,,dom,waitlist module absent
2026-09-04T15:09:00,2026-09-04T20:09:00.005Z,NO_MODULE,,,,,dom,waitlist module absent
2026-09-04T15:10:00,2026-09-04T20:10:00.005Z,NO_MODULE,,,,,dom,waitlist module absent
2026-09-04T15:11:00,2026-09-04T20:11:00.004Z,NO_MODULE,,,,,dom,waitlist module absent
2026-09-04T15:12:00,2026-09-04T20:12:00.004Z,NO_MODULE,,,,,dom,waitlist module absent
2026-09-04T15:13:00,2026-09-04T20:13:00.005Z,NO_MODULE,,,,,dom,waitlist module absent
2026-09-04T15:14:00,2026-09-04T20:14:00.003Z,NO_MODULE,,,,,dom,waitlist module absent
2026-09-04T15:15:00,2026-09-04T20:15:00.005Z,NO_MODULE,,,,,dom,waitlist module absent
2026-09-04T15:16:00,2026-09-04T20:16:00.004Z,NO_MODULE,,,,,dom,waitlist module absent
2026-09-04T15:17:00,2026-09-04T20:17:00.007Z,NO_MODULE,,,,,dom,waitlist module absent
2026-09-04T15:18:00,2026-09-04T20:18:00.004Z,NO_MODULE,,,,,dom,waitlist module absent
2026-09-04T15:19:00,2026-09-04T20:19:00.004Z,NO_MODULE,,,,,dom,waitlist module absent
2026-09-04T15:20:00,2026-09-04T20:20:00.005Z,NO_MODULE,,,,,dom,waitlist module absent
2026-09-04T15:21:00,2026-09-04T20:21:00.005Z,NO_MODULE,,,,,dom,waitlist module absent
2026-09-04T15:22:00,2026-09-04T20:22:00.004Z,NO_MODULE,,,,,dom,waitlist module absent
2026-09-04T15:23:00,2026-09-04T20:23:00.004Z,NO_MODULE,,,,,dom,waitlist module absent
2026-09-04T15:24:00,2026-09-04T20:24:00.005Z,NO_MODULE,,,,,dom,waitlist module absent
2026-09-04T15:25:00,2026-09-04T20:25:00.005Z,NO_MODULE,,,,,dom,waitlist module absent
2026-09-04T15:26:00,2026-09-04T20:26:00.004Z,NO_MODULE,,,,,dom,waitlist module absent
2026-09-04T15:27:00,2026-09-04T20:27:00.005Z,NO_MODULE,,,,,dom,waitlist module absent
2026-09-04T15:28:00,2026-09-04T20:28:00.005Z,NO_MODULE,,,,,dom,waitlist module absent
2026-09-04T15:29:00,2026-09-04T20:29:00.004Z,NO_MODULE,,,,,dom,waitlist module absent
2026-09-05T06:00:00,2026-09-05T11:00:00.042Z,NO_MODULE,,,,,dom,waitlist module absent
2026-09-05T06:01:00,2026-09-05T11:01:00.004Z,NO_MODULE,,,,,dom,waitlist module absent
2026-09-05T06:02:00,2026-09-05T11:02:00.005Z,NO_MODULE,,,,,dom,waitlist module absent
2026-09-05T06:03:00,2026-09-05T11:03:00.004Z,NO_MODULE,,,,,dom,waitlist module absent
2026-09-05T06:04:00,2026-09-05T11:04:00.005Z,NO_MODULE,,,,,dom,waitlist module absent
2026-09-05T06:05:00,2026-09-05T11:05:00.005Z,NO_MODULE,,,,,dom,waitlist module absent
2026-09-05T06:06:00,2026-09-05T11:06:00.005Z,NO_MODULE,,,,,dom,waitlist module absent
2026-09-05T06:07:00,2026-09-05T11:07:00.005Z,NO_MODULE,,,,,dom,waitlist module absent
2026-09-05T06:08:00,2026-09-05T11:08:00.004Z,NO_MODULE,,,,,dom,waitlist module absent
2026-09-05T06:09:00,2026-09-05T11:09:00.005Z,NO_MODULE,,,,,dom,waitlist module absent
2026-09-05T06:10:00,2026-09-05T11:10:00.003Z,NO_MODULE,,,,,dom,waitlist module absent
2026-09-05T06:11:00,2026-09-05T11:11:00.005Z,NO_MODULE,,,,,dom,waitlist module absent
2026-09-05T06:12:00,2026-09-05T11:12:00.005Z,NO_MODULE,,,,,dom,waitlist module absent
2026-09-05T06:13:00,2026-09-05T11:13:00.005Z,NO_MODULE,,,,,dom,waitlist module absent
2026-09-05T06:14:00,2026-09-05T11:14:00.004Z,NO_MODULE,,,,,dom,waitlist module absent
2026-09-05T06:15:00,2026-09-05T11:15:00.005Z,NO_MODULE,,,,,dom,waitlist module absent
2026-09-05T06:16:00,2026-09-05T11:16:00.004Z,NO_MODULE,,,,,dom,waitlist module absent
2026-09-05T06:17:00,2026-09-05T11:17:00.004Z,NO_MODULE,,,,,dom,waitlist module absent
2026-09-05T06:18:00,2026-09-05T11:18:00.005Z,NO_MODULE,,,,,dom,waitlist module absent
2026-09-05T06:19:00,2026-09-05T11:19:00.005Z,NO_MODULE,,,,,dom,waitlist module absent
2026-09-05T06:20:00,2026-09-05T11:20:00.004Z,NO_MODULE,,,,,dom,waitlist module absent
2026-09-05T06:21:00,2026-09-05T11:21:00.004Z,NO_MODULE,,,,,dom,waitlist module absent
2026-09-05T06:22:00,2026-09-05T11:22:00.004Z,NO_MODULE,,,,,dom,waitlist module absent
2026-09-05T06:23:00,2026-09-05T11:23:00.005Z,NO_MODULE,,,,,dom,waitlist module absent
2026-09-05T06:24:00,2026-09-05T11:24:00.005Z,NO_MODULE,,,,,dom,waitlist module absent
2026-09-05T06:25:00,2026-09-05T11:25:00.005Z,NO_MODULE,,,,,dom,waitlist module absent
2026-09-05T06:26:00,2026-09-05T11:26:00.000Z,NO_MODULE,,,,,dom,waitlist module absent
2026-09-05T06:27:00,2026-09-05T11:27:00.005Z,NO_MODULE,,,,,dom,waitlist module absent
2026-09-05T06:28:00,2026-09-05T11:28:00.004Z,NO_MODULE,,,,,dom,waitlist module absent
2026-09-05T06:29:00,2026-09-05T11:29:00.005Z,NO_MODULE,,,,,dom,waitlist module absent
2026-09-05T06:30:00,2026-09-05T11:30:00.004Z,NO_MODULE,,,,,dom,waitlist module absent
2026-09-05T06:31:00,2026-09-05T11:31:00.005Z,NO_MODULE,,,,,dom,waitlist module absent
2026-09-05T06:32:00,2026-09-05T11:32:00.005Z,NO_MODULE,,,,,dom,waitlist module absent
2026-09-05T06:33:00,2026-09-05T11:33:00.005Z,NO_MODULE,,,,,dom,waitlist module absent
2026-09-05T06:34:00,2026-09-05T11:34:00.005Z,NO_MODULE,,,,,dom,waitlist module absent
2026-09-05T06:35:00,2026-09-05T11:35:00.005Z,EMPTY_CLOSED,0,5,15,2,api,
2026-09-05T06:36:00,2026-09-05T11:36:00.028Z,NO_MODULE,,,,,dom,waitlist module absent
2026-09-05T06:37:00,2026-09-05T11:37:00.005Z,EMPTY_CLOSED,0,5,15,2,api,
2026-09-05T06:38:00,2026-09-05T11:38:00.043Z,NO_MODULE,,,,,dom,waitlist module absent
2026-09-05T06:39:00,2026-09-05T11:39:00.004Z,EMPTY_CLOSED,0,5,15,2,api,
2026-09-05T06:40:00,2026-09-05T11:40:00.041Z,EMPTY_CLOSED,0,5,15,2,api,
2026-09-05T06:41:00,2026-09-05T11:41:00.042Z,EMPTY_CLOSED,0,5,15,2,api,
2026-09-05T06:42:00,2026-09-05T11:42:00.002Z,EMPTY_CLOSED,0,5,15,2,api,
2026-09-05T06:43:00,2026-09-05T11:43:00.044Z,EMPTY_CLOSED,0,5,15,2,api,
2026-09-05T06:44:00,2026-09-05T11:44:00.001Z,EMPTY_CLOSED,0,5,15,2,api,
2026-09-05T06:45:00,2026-09-05T11:45:00.015Z,EMPTY_CLOSED,0,5,15,2,api,
2026-09-05T06:46:00,2026-09-05T11:46:00.042Z,EMPTY_CLOSED,0,5,15,2,api,
2026-09-05T06:47:00,2026-09-05T11:47:00.044Z,EMPTY_CLOSED,0,5,15,2,api,
2026-09-05T06:48:00,2026-09-05T11:48:00.044Z,EMPTY_CLOSED,0,5,15,2,api,
2026-09-05T06:49:00,2026-09-05T11:49:00.044Z,EMPTY_CLOSED,0,5,15,2,api,
2026-09-05T06:50:00,2026-09-05T11:50:00.010Z,EMPTY_CLOSED,0,5,15,2,api,
2026-09-05T06:51:00,2026-09-05T11:51:00.014Z,EMPTY_CLOSED,0,5,15,2,api,
2026-09-05T06:52:00,2026-09-05T11:52:00.026Z,EMPTY_CLOSED,0,5,15,2,api,
2026-09-05T06:53:00,2026-09-05T11:53:00.043Z,EMPTY_CLOSED,0,5,15,2,api,
2026-09-05T06:54:00,2026-09-05T11:54:00.043Z,EMPTY_CLOSED,0,5,15,2,api,
2026-09-05T06:55:00,2026-09-05T11:55:00.044Z,EMPTY_CLOSED,0,5,15,2,api,
2026-09-05T06:56:00,2026-09-05T11:56:00.044Z,EMPTY_CLOSED,0,5,15,2,api,
2026-09-05T06:57:00,2026-09-05T11:57:00.010Z,EMPTY_CLOSED,0,5,15,2,api,
2026-09-05T06:58:00,2026-09-05T11:58:00.009Z,EMPTY_CLOSED,0,5,15,2,api,
2026-09-05T06:59:00,2026-09-05T11:59:00.043Z,EMPTY_CLOSED,0,5,15,2,api,
2026-09-05T07:00:00,2026-09-05T12:00:00.045Z,EMPTY_CLOSED,0,5,15,2,api,
2026-09-05T07:01:00,2026-09-05T12:01:00.044Z,EMPTY_CLOSED,0,5,15,2,api,
2026-09-05T07:02:00,2026-09-05T12:02:00.034Z,EMPTY_CLOSED,0,5,15,2,api,
2026-09-05T07:03:00,2026-09-05T12:03:00.021Z,EMPTY_CLOSED,0,5,15,2,api,
2026-09-05T07:04:00,2026-09-05T12:04:00.044Z,EMPTY_CLOSED,0,5,15,2,api,
2026-09-05T07:05:00,2026-09-05T12:05:00.026Z,EMPTY_CLOSED,0,5,15,2,api,
2026-09-05T07:06:00,2026-09-05T12:06:00.026Z,EMPTY_CLOSED,0,5,15,2,api,
2026-09-05T07:07:00,2026-09-05T12:07:00.042Z,EMPTY_CLOSED,0,5,15,2,api,
2026-09-05T07:08:00,2026-09-05T12:08:00.044Z,EMPTY_CLOSED,0,5,15,2,api,
2026-09-05T07:09:00,2026-09-05T12:09:00.043Z,EMPTY_CLOSED,0,5,15,2,api,
2026-09-05T07:10:00,2026-09-05T12:10:00.029Z,EMPTY_CLOSED,0,5,15,2,api,
2026-09-05T07:11:00,2026-09-05T12:11:00.044Z,EMPTY_CLOSED,0,5,15,2,api,
2026-09-05T07:12:00,2026-09-05T12:12:00.044Z,EMPTY_CLOSED,0,5,15,2,api,
2026-09-05T07:13:00,2026-09-05T12:13:00.001Z,EMPTY_CLOSED,0,5,15,2,api,
2026-09-05T07:14:00,2026-09-05T12:14:00.044Z,EMPTY_CLOSED,0,5,15,2,api,
2026-09-05T07:15:00,2026-09-05T12:15:00.044Z,EMPTY_CLOSED,0,5,15,2,api,
2026-09-05T07:16:00,2026-09-05T12:16:00.026Z,EMPTY_CLOSED,0,5,15,2,api,
2026-09-05T07:17:00,2026-09-05T12:17:00.022Z,EMPTY_CLOSED,0,5,15,2,api,
2026-09-05T07:18:00,2026-09-05T12:18:00.025Z,EMPTY_CLOSED,0,5,15,2,api,
2026-09-05T07:19:00,2026-09-05T12:19:00.044Z,EMPTY_CLOSED,0,5,15,2,api,
2026-09-05T07:20:00,2026-09-05T12:20:00.044Z,EMPTY_CLOSED,0,5,15,2,api,
2026-09-05T07:21:00,2026-09-05T12:21:00.043Z,EMPTY_CLOSED,0,5,15,2,api,
2026-09-05T07:22:00,2026-09-05T12:22:00.044Z,EMPTY_CLOSED,0,5,15,2,api,
2026-09-05T07:23:00,2026-09-05T12:23:00.044Z,EMPTY_CLOSED,0,5,15,2,api,
2026-09-05T07:24:00,2026-09-05T12:24:00.044Z,EMPTY_CLOSED,0,5,15,2,api,
2026-09-05T07:25:00,2026-09-05T12:25:00.045Z,EMPTY_CLOSED,0,5,15,2,api,
2026-09-05T07:26:00,2026-09-05T12:26:00.020Z,EMPTY_CLOSED,0,5,15,2,api,
2026-09-05T07:27:00,2026-09-05T12:27:00.044Z,EMPTY_CLOSED,0,5,15,2,api,
2026-09-05T07:28:00,2026-09-05T12:28:00.044Z,EMPTY_CLOSED,0,5,15,2,api,
2026-09-05T07:29:00,2026-09-05T12:29:00.044Z,EMPTY_CLOSED,0,5,15,2,api,
2026-09-05T07:30:00,2026-09-05T12:30:00.044Z,EMPTY_CLOSED,0,5,15,2,api,
2026-09-05T07:31:00,2026-09-05T12:31:00.041Z,EMPTY_CLOSED,0,5,15,2,api,
2026-09-05T07:32:00,2026-09-05T12:32:00.044Z,EMPTY_CLOSED,0,5,15,2,api,
2026-09-05T07:33:00,2026-09-05T12:33:00.044Z,EMPTY_CLOSED,0,5,15,2,api,
2026-09-05T07:34:00,2026-09-05T12:34:00.004Z,EMPTY_CLOSED,0,5,15,2,api,
2026-09-05T07:35:00,2026-09-05T12:35:00.043Z,EMPTY_CLOSED,0,5,15,2,api,
2026-09-05T07:36:00,2026-09-05T12:36:00.002Z,EMPTY_CLOSED,0,5,15,2,api,
2026-09-05T07:37:00,2026-09-05T12:37:00.044Z,EMPTY_CLOSED,0,5,15,2,api,
2026-09-05T07:38:00,2026-09-05T12:38:00.044Z,EMPTY_CLOSED,0,5,15,2,api,
2026-09-05T07:39:00,2026-09-05T12:39:00.027Z,EMPTY_CLOSED,0,5,15,2,api,
2026-09-05T07:40:00,2026-09-05T12:40:00.043Z,EMPTY_CLOSED,0,5,15,2,api,
2026-09-05T07:41:00,2026-09-05T12:41:00.043Z,EMPTY_CLOSED,0,5,15,2,api,
2026-09-05T07:42:00,2026-09-05T12:42:00.029Z,EMPTY_CLOSED,0,5,15,2,api,
2026-09-05T07:43:00,2026-09-05T12:43:00.034Z,EMPTY_CLOSED,0,5,15,2,api,
2026-09-05T07:44:00,2026-09-05T12:44:00.044Z,EMPTY_CLOSED,0,5,15,2,api,
2026-09-05T07:45:00,2026-09-05T12:45:00.011Z,EMPTY_CLOSED,0,5,15,2,api,
2026-09-05T07:46:00,2026-09-05T12:46:00.015Z,EMPTY_CLOSED,0,5,15,2,api,
2026-09-05T07:47:00,2026-09-05T12:47:00.018Z,EMPTY_CLOSED,0,5,15,2,api,
2026-09-05T07:48:00,2026-09-05T12:48:00.044Z,EMPTY_CLOSED,0,5,15,2,api,
2026-09-05T07:49:00,2026-09-05T12:49:00.024Z,EMPTY_CLOSED,0,5,15,2,api,
2026-09-05T07:50:00,2026-09-05T12:50:00.037Z,EMPTY_CLOSED,0,5,15,2,api,
2026-09-05T07:51:00,2026-09-05T12:51:00.041Z,EMPTY_CLOSED,0,5,15,2,api,
2026-09-05T07:52:00,2026-09-05T12:52:00.009Z,EMPTY_CLOSED,0,5,15,2,api,
2026-09-05T07:53:00,2026-09-05T12:53:00.034Z,EMPTY_CLOSED,0,5,15,2,api,
2026-09-05T07:54:00,2026-09-05T12:54:00.040Z,EMPTY_CLOSED,0,5,15,2,api,
2026-09-05T07:55:00,2026-09-05T12:55:00.042Z,EMPTY_CLOSED,0,5,15,2,api,
2026-09-05T07:56:00,2026-09-05T12:56:00.044Z,EMPTY_CLOSED,0,5,15,2,api,
2026-09-05T07:57:00,2026-09-05T12:57:00.026Z,EMPTY_CLOSED,0,5,15,2,api,
2026-09-05T07:58:00,2026-09-05T12:58:00.021Z,EMPTY_CLOSED,0,5,15,2,api,
2026-09-05T07:59:00,2026-09-05T12:59:00.007Z,EMPTY_CLOSED,0,5,15,2,api,
2026-09-05T08:00:00,2026-09-05T13:00:00.031Z,EMPTY_CLOSED,0,5,15,2,api,
2026-09-05T08:01:00,2026-09-05T13:01:00.044Z,EMPTY_CLOSED,0,5,15,2,api,
2026-09-05T08:02:00,2026-09-05T13:02:00.044Z,EMPTY_CLOSED,0,5,15,2,api,
2026-09-05T08:03:00,2026-09-05T13:03:00.044Z,EMPTY_CLOSED,0,5,15,2,api,
2026-09-05T08:04:00,2026-09-05T13:04:00.043Z,EMPTY_CLOSED,0,5,15,2,api,
2026-09-05T08:05:00,2026-09-05T13:05:00.026Z,EMPTY_CLOSED,0,5,15,2,api,
2026-09-05T08:06:00,2026-09-05T13:06:00.030Z,EMPTY_CLOSED,0,5,15,2,api,
2026-09-05T08:07:00,2026-09-05T13:07:00.034Z,EMPTY_CLOSED,0,5,15,2,api,
2026-09-05T08:08:00,2026-09-05T13:08:00.039Z,EMPTY_CLOSED,0,5,15,2,api,
2026-09-05T08:09:00,2026-09-05T13:09:00.044Z,EMPTY_CLOSED,0,5,15,2,api,
2026-09-05T08:10:00,2026-09-05T13:10:00.026Z,EMPTY_CLOSED,0,5,15,2,api,
2026-09-05T08:11:00,2026-09-05T13:11:00.044Z,EMPTY_CLOSED,0,5,15,2,api,
2026-09-05T08:12:00,2026-09-05T13:12:00.044Z,EMPTY_CLOSED,0,5,15,2,api,
2026-09-05T08:13:00,2026-09-05T13:13:00.044Z,EMPTY_CLOSED,0,5,15,2,api,
2026-09-05T08:14:00,2026-09-05T13:14:00.026Z,EMPTY_CLOSED,0,5,15,2,api,
2026-09-05T08:15:00,2026-09-05T13:15:00.044Z,EMPTY_CLOSED,0,5,15,2,api,
2026-09-05T08:16:00,2026-09-05T13:16:00.026Z,EMPTY_CLOSED,0,5,15,2,api,
2026-09-05T08:17:00,2026-09-05T13:17:00.030Z,EMPTY_CLOSED,0,5,15,2,api,
2026-09-05T08:18:00,2026-09-05T13:18:00.044Z,EMPTY_CLOSED,0,5,15,2,api,
2026-09-05T08:19:00,2026-09-05T13:19:00.013Z,EMPTY_CLOSED,0,5,15,2,api,
2026-09-05T08:20:00,2026-09-05T13:20:00.043Z,EMPTY_CLOSED,0,5,15,2,api,
2026-09-05T08:21:00,2026-09-05T13:21:00.010Z,EMPTY_CLOSED,0,5,15,2,api,
2026-09-05T08:22:00,2026-09-05T13:22:00.026Z,EMPTY_CLOSED,0,5,15,2,api,
2026-09-05T08:23:00,2026-09-05T13:23:00.026Z,EMPTY_CLOSED,0,5,15,2,api,
2026-09-05T08:24:00,2026-09-05T13:24:00.044Z,EMPTY_CLOSED,0,5,15,2,api,
2026-09-05T08:25:00,2026-09-05T13:25:00.042Z,EMPTY_CLOSED,0,5,15,2,api,
2026-09-05T08:26:00,2026-09-05T13:26:00.026Z,EMPTY_CLOSED,0,5,15,2,api,
2026-09-05T08:27:00,2026-09-05T13:27:00.044Z,EMPTY_CLOSED,0,5,15,2,api,
2026-09-05T08:28:00,2026-09-05T13:28:00.026Z,EMPTY_CLOSED,0,5,15,2,api,
2026-09-05T08:29:00,2026-09-05T13:29:00.027Z,EMPTY_CLOSED,0,5,15,2,api,
2026-09-05T08:30:00,2026-09-05T13:30:00.032Z,EMPTY_CLOSED,0,5,15,2,api,
2026-09-05T08:31:00,2026-09-05T13:31:00.043Z,EMPTY_CLOSED,0,5,15,2,api,
2026-09-05T08:32:00,2026-09-05T13:32:00.044Z,EMPTY_CLOSED,0,5,15,2,api,
2026-09-05T08:33:00,2026-09-05T13:33:00.044Z,OPEN,1,5,15,2,api,
2026-09-05T08:34:00,2026-09-05T13:34:00.044Z,EMPTY_CLOSED,0,5,15,2,api,
2026-09-05T08:35:00,2026-09-05T13:35:00.002Z,EMPTY_CLOSED,0,5,15,2,api,
2026-09-05T08:36:00,2026-09-05T13:36:00.026Z,EMPTY_CLOSED,0,5,15,2,api,
2026-09-05T08:37:00,2026-09-05T13:37:00.030Z,EMPTY_CLOSED,0,5,15,2,api,
2026-09-05T08:38:00,2026-09-05T13:38:00.034Z,EMPTY_CLOSED,0,5,15,2,api,
2026-09-05T08:39:00,2026-09-05T13:39:00.044Z,EMPTY_CLOSED,0,5,15,2,api,
2026-09-05T08:40:00,2026-09-05T13:40:00.044Z,EMPTY_CLOSED,0,5,15,2,api,
2026-09-05T08:41:00,2026-09-05T13:41:00.044Z,EMPTY_CLOSED,0,5,15,2,api,
2026-09-05T08:42:00,2026-09-05T13:42:00.044Z,OPEN,1,5,15,2,api,
2026-09-05T08:43:00,2026-09-05T13:43:00.043Z,OPEN,1,5,15,2,api,
2026-09-05T08:44:00,2026-09-05T13:44:00.026Z,OPEN,3,10,20,2,api,
2026-09-05T08:45:00,2026-09-05T13:45:00.044Z,OPEN,3,10,20,2,api,
2026-09-05T08:46:00,2026-09-05T13:46:00.044Z,OPEN,3,10,20,2,api,
2026-09-05T08:47:00,2026-09-05T13:47:00.010Z,OPEN,4,10,20,2,api,
2026-09-05T08:48:00,2026-09-05T13:48:00.026Z,OPEN,3,10,20,2,api,
2026-09-05T08:49:00,2026-09-05T13:49:00.030Z,OPEN,5,10,20,2,api,
2026-09-05T08:50:00,2026-09-05T13:50:00.044Z,OPEN,5,10,20,2,api,
2026-09-05T08:51:00,2026-09-05T13:51:00.044Z,OPEN,6,15,25,2,api,
2026-09-05T08:52:00,2026-09-05T13:52:00.044Z,OPEN,7,15,25,2,api,
2026-09-05T08:53:00,2026-09-05T13:53:00.022Z,OPEN,9,15,25,2,api,
2026-09-05T08:54:00,2026-09-05T13:54:00.031Z,OPEN,9,15,25,2,api,
2026-09-05T08:55:00,2026-09-05T13:55:00.043Z,OPEN,9,15,25,2,api,
2026-09-05T08:56:00,2026-09-05T13:56:00.043Z,OPEN,11,20,30,2,api,
2026-09-05T08:57:00,2026-09-05T13:57:00.031Z,OPEN,11,20,30,2,api,
2026-09-05T08:58:00,2026-09-05T13:58:00.026Z,OPEN,11,20,30,2,api,
2026-09-05T08:59:00,2026-09-05T13:59:00.031Z,OPEN,11,20,30,2,api,
2026-09-05T09:00:00,2026-09-05T14:00:00.043Z,OPEN,12,20,30,2,api,
2026-09-05T09:01:00,2026-09-05T14:01:00.043Z,OPEN,13,25,35,2,api,
2026-09-05T09:02:00,2026-09-05T14:02:00.026Z,OPEN,14,25,35,2,api,
2026-09-05T09:03:00,2026-09-05T14:03:00.044Z,OPEN,15,25,35,2,api,
2026-09-05T09:04:00,2026-09-05T14:04:00.042Z,OPEN,18,30,40,2,api,
2026-09-05T09:05:00,2026-09-05T14:05:00.043Z,OPEN,19,30,40,2,api,
2026-09-05T09:05:59,2026-09-05T14:05:59.999Z,OPEN,18,30,40,2,api,
2026-09-05T09:07:00,2026-09-05T14:07:00.004Z,OPEN,17,30,40,2,api,
2026-09-05T09:08:00,2026-09-05T14:08:00.044Z,OPEN,19,30,40,2,api,
2026-09-05T09:09:00,2026-09-05T14:09:00.002Z,OPEN,20,35,45,2,api,
2026-09-05T09:10:00,2026-09-05T14:10:00.013Z,OPEN,21,35,45,2,api,
2026-09-05T09:11:00,2026-09-05T14:11:00.043Z,OPEN,19,30,40,2,api,
2026-09-05T09:12:00,2026-09-05T14:12:00.005Z,OPEN,20,35,45,2,api,
2026-09-05T09:13:00,2026-09-05T14:13:00.021Z,OPEN,20,35,45,2,api,
2026-09-05T09:14:00,2026-09-05T14:14:00.033Z,OPEN,20,35,45,2,api,
2026-09-05T09:15:00,2026-09-05T14:15:00.038Z,OPEN,21,35,45,2,api,
2026-09-05T09:16:00,2026-09-05T14:16:00.043Z,OPEN,21,35,45,2,api,
2026-09-05T09:17:00,2026-09-05T14:17:00.042Z,OPEN,23,35,45,2,api,
2026-09-05T09:18:00,2026-09-05T14:18:00.034Z,OPEN,23,35,45,2,api,
2026-09-05T09:19:00,2026-09-05T14:19:00.038Z,OPEN,21,35,45,2,api,
2026-09-05T09:20:00,2026-09-05T14:20:00.026Z,OPEN,22,35,45,2,api,
2026-09-05T09:21:00,2026-09-05T14:21:00.044Z,OPEN,23,35,45,2,api,
2026-09-05T09:22:00,2026-09-05T14:22:00.038Z,OPEN,22,35,45,2,api,
2026-09-05T09:23:00,2026-09-05T14:23:00.043Z,OPEN,23,35,45,2,api,
2026-09-05T09:24:00,2026-09-05T14:24:00.026Z,OPEN,22,35,45,2,api,
2026-09-05T09:25:00,2026-09-05T14:25:00.044Z,OPEN,21,35,45,2,api,
2026-09-05T09:26:00,2026-09-05T14:26:00.023Z,OPEN,20,35,45,2,api,
2026-09-05T09:27:00,2026-09-05T14:27:00.043Z,OPEN,19,30,40,2,api,
2026-09-05T09:28:00,2026-09-05T14:28:00.008Z,OPEN,20,35,45,2,api,
2026-09-05T09:29:00,2026-09-05T14:29:00.043Z,OPEN,22,35,45,2,api,
2026-09-05T09:30:14,2026-09-05T14:30:14.872Z,OPEN,21,35,45,2,api,
2026-09-05T09:31:00,2026-09-05T14:31:00.018Z,OPEN,20,35,45,2,api,
2026-09-05T09:32:00,2026-09-05T14:32:00.043Z,OPEN,22,35,45,2,api,
2026-09-05T09:33:00,2026-09-05T14:33:00.043Z,OPEN,24,40,50,2,api,
2026-09-05T09:34:00,2026-09-05T14:34:00.044Z,OPEN,25,40,50,2,api,
2026-09-05T09:35:00,2026-09-05T14:35:00.019Z,OPEN,25,40,50,2,api,
2026-09-05T09:36:00,2026-09-05T14:36:00.043Z,OPEN,23,35,45,2,api,
2026-09-05T09:37:00,2026-09-05T14:37:00.035Z,OPEN,24,40,50,2,api,
2026-09-05T09:38:00,2026-09-05T14:38:00.040Z,OPEN,23,35,45,2,api,
2026-09-05T09:39:00,2026-09-05T14:39:00.043Z,OPEN,23,35,45,2,api,
2026-09-05T09:40:00,2026-09-05T14:40:00.019Z,OPEN,22,35,45,2,api,
2026-09-05T09:41:00,2026-09-05T14:41:00.044Z,OPEN,23,35,45,2,api,
2026-09-05T09:42:00,2026-09-05T14:42:00.042Z,OPEN,25,40,50,2,api,
2026-09-05T09:43:00,2026-09-05T14:43:00.031Z,OPEN,24,40,50,2,api,
2026-09-05T09:44:00,2026-09-05T14:44:00.045Z,OPEN,22,35,45,2,api,
2026-09-05T09:45:00,2026-09-05T14:45:00.044Z,OPEN,21,35,45,2,api,
2026-09-05T09:46:00,2026-09-05T14:46:00.005Z,OPEN,20,35,45,2,api,
2026-09-05T09:47:00,2026-09-05T14:47:00.044Z,OPEN,20,35,45,2,api,
2026-09-05T09:48:00,2026-09-05T14:48:00.019Z,OPEN,20,35,45,2,api,
2026-09-05T09:49:00,2026-09-05T14:49:00.044Z,OPEN,19,30,40,2,api,
2026-09-05T09:50:00,2026-09-05T14:50:00.043Z,OPEN,20,35,45,2,api,
2026-09-05T09:51:00,2026-09-05T14:51:00.045Z,OPEN,20,35,45,2,api,
2026-09-05T09:52:00,2026-09-05T14:52:00.044Z,OPEN,21,35,45,2,api,
2026-09-05T09:53:00,2026-09-05T14:53:00.020Z,OPEN,23,35,45,2,api,
2026-09-05T09:54:00,2026-09-05T14:54:00.026Z,OPEN,22,35,45,2,api,
2026-09-05T09:55:00,2026-09-05T14:55:00.044Z,OPEN,22,35,45,2,api,
2026-09-05T09:56:00,2026-09-05T14:56:00.044Z,OPEN,23,35,45,2,api,
2026-09-05T09:57:00,2026-09-05T14:57:00.019Z,OPEN,24,40,50,2,api,
2026-09-05T09:58:00,2026-09-05T14:58:00.035Z,OPEN,24,40,50,2,api,
2026-09-05T09:59:00,2026-09-05T14:59:00.039Z,OPEN,24,40,50,2,api,
2026-09-05T10:00:00,2026-09-05T15:00:00.042Z,OPEN,25,40,50,2,api,
2026-09-05T10:01:00,2026-09-05T15:01:00.019Z,OPEN,24,40,50,2,api,
2026-09-05T10:02:00,2026-09-05T15:02:00.043Z,OPEN,25,40,50,2,api,
2026-09-05T10:03:00,2026-09-05T15:03:00.018Z,OPEN,24,40,50,2,api,
2026-09-05T10:04:00,2026-09-05T15:04:00.044Z,OPEN,22,35,45,2,api,
2026-09-05T10:05:00,2026-09-05T15:05:00.019Z,OPEN,22,35,45,2,api,
2026-09-05T10:06:00,2026-09-05T15:06:00.023Z,OPEN,22,35,45,2,api,
2026-09-05T10:07:00,2026-09-05T15:07:00.027Z,OPEN,23,35,45,2,api,
2026-09-05T10:08:00,2026-09-05T15:08:00.031Z,OPEN,22,35,45,2,api,
2026-09-05T10:09:00,2026-09-05T15:09:00.044Z,OPEN,21,35,45,2,api,
2026-09-05T10:10:00,2026-09-05T15:10:00.042Z,OPEN,22,35,45,2,api,
2026-09-05T10:11:00,2026-09-05T15:11:00.045Z,OPEN,22,35,45,2,api,
2026-09-05T10:12:00,2026-09-05T15:12:00.023Z,OPEN,23,35,45,2,api,
2026-09-05T10:13:00,2026-09-05T15:13:00.019Z,OPEN,22,35,45,2,api,
2026-09-05T10:14:00,2026-09-05T15:14:00.019Z,OPEN,21,35,45,2,api,
2026-09-05T10:15:00,2026-09-05T15:15:00.044Z,OPEN,20,35,45,2,api,
2026-09-05T10:16:00,2026-09-05T15:16:00.044Z,OPEN,20,35,45,2,api,
2026-09-05T10:17:00,2026-09-05T15:17:00.007Z,OPEN,19,30,40,2,api,
2026-09-05T10:18:00,2026-09-05T15:18:00.044Z,OPEN,19,30,40,2,api,
2026-09-05T10:19:00,2026-09-05T15:19:00.019Z,OPEN,19,30,40,2,api,
2026-09-05T10:20:00,2026-09-05T15:20:00.043Z,OPEN,19,30,40,2,api,
2026-09-05T10:21:00,2026-09-05T15:21:00.044Z,OPEN,19,30,40,2,api,
2026-09-05T10:22:00,2026-09-05T15:22:00.043Z,OPEN,18,30,40,2,api,
2026-09-05T10:23:00,2026-09-05T15:23:00.019Z,OPEN,17,30,40,2,api,
2026-09-05T10:24:00,2026-09-05T15:24:00.045Z,OPEN,19,30,40,2,api,
2026-09-05T10:25:00,2026-09-05T15:25:00.044Z,OPEN,18,30,40,2,api,
2026-09-05T10:26:00,2026-09-05T15:26:00.043Z,OPEN,16,25,35,2,api,
2026-09-05T10:27:00,2026-09-05T15:27:00.019Z,OPEN,16,25,35,2,api,
2026-09-05T10:28:00,2026-09-05T15:28:00.023Z,OPEN,16,25,35,2,api,
2026-09-05T10:29:00,2026-09-05T15:29:00.035Z,OPEN,18,30,40,2,api,
2026-09-05T10:30:00,2026-09-05T15:30:00.043Z,OPEN,20,35,45,2,api,
2026-09-05T10:31:00,2026-09-05T15:31:00.043Z,OPEN,21,35,45,2,api,
2026-09-05T10:32:00,2026-09-05T15:32:00.044Z,OPEN,21,35,45,2,api,
2026-09-05T10:33:00,2026-09-05T15:33:00.031Z,OPEN,22,35,45,2,api,
2026-09-05T10:34:00,2026-09-05T15:34:00.045Z,OPEN,22,35,45,2,api,
2026-09-05T10:35:00,2026-09-05T15:35:00.044Z,OPEN,22,35,45,2,api,
2026-09-05T10:36:00,2026-09-05T15:36:00.015Z,OPEN,22,35,45,2,api,
2026-09-05T10:37:00,2026-09-05T15:37:00.044Z,OPEN,24,40,50,2,api,
2026-09-05T10:38:00,2026-09-05T15:38:00.003Z,OPEN,24,40,50,2,api,
2026-09-05T10:39:00,2026-09-05T15:39:00.016Z,OPEN,25,40,50,2,api,
2026-09-05T10:40:00,2026-09-05T15:40:00.034Z,OPEN,25,40,50,2,api,
2026-09-05T10:41:00,2026-09-05T15:41:00.038Z,OPEN,25,40,50,2,api,
2026-09-05T10:42:00,2026-09-05T15:42:00.043Z,OPEN,27,40,50,2,api,
2026-09-05T10:43:00,2026-09-05T15:43:00.044Z,OPEN,29,45,55,2,api,
2026-09-05T10:44:00,2026-09-05T15:44:00.043Z,OPEN,29,45,55,2,api,
2026-09-05T10:45:00,2026-09-05T15:45:00.044Z,OPEN,28,45,55,2,api,
2026-09-05T10:46:00,2026-09-05T15:46:00.043Z,OPEN,27,40,50,2,api,
2026-09-05T10:47:00,2026-09-05T15:47:00.019Z,OPEN,27,40,50,2,api,
2026-09-05T10:48:00,2026-09-05T15:48:00.045Z,OPEN,27,40,50,2,api,
2026-09-05T10:49:00,2026-09-05T15:49:00.025Z,OPEN,27,40,50,2,api,
2026-09-05T10:50:00,2026-09-05T15:50:00.044Z,OPEN,28,45,55,2,api,
2026-09-05T10:51:00,2026-09-05T15:51:00.003Z,OPEN,29,45,55,2,api,
2026-09-05T10:52:00,2026-09-05T15:52:00.044Z,OPEN,28,45,55,2,api,
2026-09-05T10:53:00,2026-09-05T15:53:00.042Z,OPEN,28,45,55,2,api,
2026-09-05T10:54:00,2026-09-05T15:54:00.032Z,OPEN,28,45,55,2,api,
2026-09-05T10:55:00,2026-09-05T15:55:00.036Z,OPEN,28,45,55,2,api,
2026-09-05T10:56:00,2026-09-05T15:56:00.043Z,OPEN,28,45,55,2,api,
2026-09-05T10:57:00,2026-09-05T15:57:00.019Z,OPEN,24,40,50,2,api,
2026-09-05T10:58:00,2026-09-05T15:58:00.023Z,OPEN,24,40,50,2,api,
2026-09-05T10:59:00,2026-09-05T15:59:00.028Z,OPEN,24,40,50,2,api,
2026-09-05T11:00:00,2026-09-05T16:00:00.044Z,OPEN,25,40,50,2,api,
2026-09-05T11:01:00,2026-09-05T16:01:00.007Z,OPEN,25,40,50,2,api,
2026-09-05T11:02:00,2026-09-05T16:02:00.044Z,OPEN,23,35,45,2,api,
2026-09-05T11:03:00,2026-09-05T16:03:00.019Z,OPEN,24,40,50,2,api,
2026-09-05T11:04:00,2026-09-05T16:04:00.021Z,OPEN,24,40,50,2,api,
2026-09-05T11:05:00,2026-09-05T16:05:00.025Z,OPEN,21,35,45,2,api,
2026-09-05T11:06:00,2026-09-05T16:06:00.019Z,OPEN,21,35,45,2,api,
2026-09-05T11:07:00,2026-09-05T16:07:00.043Z,OPEN,20,35,45,2,api,
2026-09-05T11:08:00,2026-09-05T16:08:00.035Z,OPEN,19,30,40,2,api,
2026-09-05T11:09:00,2026-09-05T16:09:00.039Z,OPEN,17,30,40,2,api,
2026-09-05T11:10:00,2026-09-05T16:10:00.044Z,OPEN,19,30,40,2,api,
2026-09-05T11:11:00,2026-09-05T16:11:00.045Z,OPEN,19,30,40,2,api,
2026-09-05T11:12:00,2026-09-05T16:12:00.008Z,OPEN,20,35,45,2,api,
2026-09-05T11:13:00,2026-09-05T16:13:00.013Z,OPEN,20,35,45,2,api,
2026-09-05T11:14:00,2026-09-05T16:14:00.044Z,OPEN,21,35,45,2,api,
2026-09-05T11:15:00,2026-09-05T16:15:00.044Z,OPEN,22,35,45,2,api,
2026-09-05T11:16:00,2026-09-05T16:16:00.019Z,OPEN,19,30,40,2,api,
2026-09-05T11:17:00,2026-09-05T16:17:00.044Z,OPEN,20,35,45,2,api,
2026-09-05T11:18:00,2026-09-05T16:18:00.040Z,OPEN,20,35,45,2,api,
2026-09-05T11:19:00,2026-09-05T16:19:00.019Z,OPEN,21,35,45,2,api,
2026-09-05T11:20:00,2026-09-05T16:20:00.044Z,OPEN,22,35,45,2,api,
2026-09-05T11:21:00,2026-09-05T16:21:00.010Z,OPEN,22,35,45,2,api,
2026-09-05T11:22:00,2026-09-05T16:22:00.044Z,OPEN,22,35,45,2,api,
2026-09-05T11:23:00,2026-09-05T16:23:00.044Z,OPEN,21,35,45,2,api,
2026-09-05T11:24:00,2026-09-05T16:24:00.001Z,OPEN,21,35,45,2,api,
2026-09-05T11:25:00,2026-09-05T16:25:00.043Z,OPEN,21,35,45,2,api,
2026-09-05T11:26:00,2026-09-05T16:26:00.028Z,OPEN,20,35,45,2,api,
2026-09-05T11:27:00,2026-09-05T16:27:00.014Z,OPEN,20,35,45,2,api,
2026-09-05T11:28:00,2026-09-05T16:28:00.018Z,OPEN,20,35,45,2,api,
2026-09-05T11:29:00,2026-09-05T16:29:00.005Z,OPEN,21,35,45,2,api,
2026-09-05T11:30:00,2026-09-05T16:30:00.020Z,OPEN,21,35,45,2,api,
2026-09-05T11:31:00,2026-09-05T16:31:00.019Z,OPEN,20,35,45,2,api,
2026-09-05T11:32:00,2026-09-05T16:32:00.024Z,OPEN,21,35,45,2,api,
2026-09-05T11:33:00,2026-09-05T16:33:00.028Z,OPEN,18,30,40,2,api,
2026-09-05T11:34:00,2026-09-05T16:34:00.027Z,OPEN,19,30,40,2,api,
2026-09-05T11:35:00,2026-09-05T16:35:00.044Z,OPEN,20,35,45,2,api,
2026-09-05T11:36:00,2026-09-05T16:36:00.043Z,OPEN,17,30,40,2,api,
2026-09-05T11:37:00,2026-09-05T16:37:00.044Z,OPEN,14,25,35,2,api,
2026-09-05T11:38:00,2026-09-05T16:38:00.044Z,OPEN,13,25,35,2,api,
2026-09-05T11:39:00,2026-09-05T16:39:00.019Z,OPEN,12,20,30,2,api,
2026-09-05T11:40:00,2026-09-05T16:40:00.044Z,OPEN,12,20,30,2,api,
2026-09-05T11:41:00,2026-09-05T16:41:00.044Z,OPEN,12,20,30,2,api,
2026-09-05T11:42:00,2026-09-05T16:42:00.031Z,OPEN,12,20,30,2,api,
2026-09-05T11:43:00,2026-09-05T16:43:00.003Z,OPEN,12,20,30,2,api,
2026-09-05T11:44:00,2026-09-05T16:44:00.039Z,OPEN,12,20,30,2,api,
2026-09-05T11:45:00,2026-09-05T16:45:00.008Z,OPEN,10,20,30,2,api,
2026-09-05T11:46:00,2026-09-05T16:46:00.013Z,OPEN,10,20,30,2,api,
2026-09-05T11:47:00,2026-09-05T16:47:00.035Z,OPEN,10,20,30,2,api,
2026-09-05T11:48:00,2026-09-05T16:48:00.043Z,OPEN,11,20,30,2,api,
2026-09-05T11:49:00,2026-09-05T16:49:00.019Z,OPEN,10,20,30,2,api,
2026-09-05T11:50:00,2026-09-05T16:50:00.032Z,OPEN,9,15,25,2,api,
2026-09-05T11:51:00,2026-09-05T16:51:00.043Z,OPEN,9,15,25,2,api,
2026-09-05T11:52:00,2026-09-05T16:52:00.044Z,OPEN,10,20,30,2,api,
2026-09-05T11:53:00,2026-09-05T16:53:00.003Z,OPEN,11,20,30,2,api,
2026-09-05T11:54:00,2026-09-05T16:54:00.008Z,OPEN,13,25,35,2,api,
2026-09-05T11:55:00,2026-09-05T16:55:00.012Z,OPEN,14,25,35,2,api,
2026-09-05T11:56:00,2026-09-05T16:56:00.003Z,OPEN,11,20,30,2,api,
2026-09-05T11:57:00,2026-09-05T16:57:00.043Z,OPEN,12,20,30,2,api,
2026-09-05T11:58:00,2026-09-05T16:58:00.005Z,OPEN,12,20,30,2,api,
2026-09-05T11:59:00,2026-09-05T16:59:00.019Z,OPEN,13,25,35,2,api,
2026-09-05T12:00:00,2026-09-05T17:00:00.043Z,OPEN,13,25,35,2,api,
2026-09-05T12:01:00,2026-09-05T17:01:00.019Z,OPEN,11,20,30,2,api,
2026-09-05T12:02:00,2026-09-05T17:02:00.044Z,OPEN,11,20,30,2,api,
2026-09-05T12:03:00,2026-09-05T17:03:00.038Z,OPEN,13,25,35,2,api,
2026-09-05T12:04:00,2026-09-05T17:04:00.042Z,OPEN,14,25,35,2,api,
2026-09-05T12:05:00,2026-09-05T17:05:00.019Z,OPEN,16,25,35,2,api,
2026-09-05T12:06:00,2026-09-05T17:06:00.033Z,OPEN,18,30,40,2,api,
2026-09-05T12:07:00,2026-09-05T17:07:00.019Z,OPEN,19,30,40,2,api,
2026-09-05T12:08:00,2026-09-05T17:08:00.044Z,OPEN,20,35,45,2,api,
2026-09-05T12:09:00,2026-09-05T17:09:00.003Z,OPEN,21,35,45,2,api,
2026-09-05T12:10:00,2026-09-05T17:10:00.007Z,OPEN,20,35,45,2,api,
2026-09-05T12:11:00,2026-09-05T17:11:00.016Z,OPEN,18,30,40,2,api,
2026-09-05T12:12:00,2026-09-05T17:12:00.043Z,OPEN,18,30,40,2,api,
2026-09-05T12:13:00,2026-09-05T17:13:00.035Z,OPEN,21,35,45,2,api,
2026-09-05T12:14:00,2026-09-05T17:14:00.017Z,OPEN,21,35,45,2,api,
2026-09-05T12:15:00,2026-09-05T17:15:00.040Z,OPEN,22,35,45,2,api,
2026-09-05T12:16:00,2026-09-05T17:16:00.044Z,OPEN,23,35,45,2,api,
2026-09-05T12:17:00,2026-09-05T17:17:00.044Z,OPEN,22,35,45,2,api,
2026-09-05T12:18:00,2026-09-05T17:18:00.001Z,OPEN,22,35,45,2,api,
2026-09-05T12:19:00,2026-09-05T17:19:00.044Z,OPEN,22,35,45,2,api,
2026-09-05T12:20:00,2026-09-05T17:20:00.015Z,OPEN,25,40,50,2,api,
2026-09-05T12:21:00,2026-09-05T17:21:00.029Z,OPEN,25,40,50,2,api,
2026-09-05T12:22:00,2026-09-05T17:22:00.034Z,OPEN,24,40,50,2,api,
2026-09-05T12:23:00,2026-09-05T17:23:00.038Z,OPEN,26,40,50,2,api,
2026-09-05T12:24:00,2026-09-05T17:24:00.042Z,OPEN,27,40,50,2,api,
2026-09-05T12:25:00,2026-09-05T17:25:00.044Z,OPEN,28,45,55,2,api,
2026-09-05T12:26:00,2026-09-05T17:26:00.035Z,OPEN,28,45,55,2,api,
2026-09-05T12:27:00,2026-09-05T17:27:00.044Z,OPEN,28,45,55,2,api,
2026-09-05T12:28:00,2026-09-05T17:28:00.045Z,OPEN,28,45,55,2,api,
2026-09-05T12:29:00,2026-09-05T17:29:00.044Z,OPEN,25,40,50,2,api,
2026-09-05T12:30:00,2026-09-05T17:30:00.008Z,OPEN,23,35,45,2,api,
2026-09-05T12:31:00,2026-09-05T17:31:00.006Z,OPEN,24,40,50,2,api,
2026-09-05T12:32:00,2026-09-05T17:32:00.019Z,OPEN,24,40,50,2,api,
2026-09-05T12:33:00,2026-09-05T17:33:00.027Z,OPEN,22,35,45,2,api,
2026-09-05T12:34:00,2026-09-05T17:34:00.019Z,OPEN,21,35,45,2,api,
2026-09-05T12:35:00,2026-09-05T17:35:00.023Z,OPEN,20,35,45,2,api,
2026-09-05T12:36:00,2026-09-05T17:36:00.043Z,OPEN,18,30,40,2,api,
2026-09-05T12:37:00,2026-09-05T17:37:00.019Z,OPEN,17,30,40,2,api,
2026-09-05T12:38:00,2026-09-05T17:38:00.043Z,OPEN,16,25,35,2,api,
2026-09-05T12:39:00,2026-09-05T17:39:00.002Z,OPEN,15,25,35,2,api,
2026-09-05T12:40:00,2026-09-05T17:40:00.035Z,OPEN,14,25,35,2,api,
2026-09-05T12:41:00,2026-09-05T17:41:00.044Z,OPEN,15,25,35,2,api,
2026-09-05T12:42:00,2026-09-05T17:42:00.035Z,OPEN,14,25,35,2,api,
2026-09-05T12:43:00,2026-09-05T17:43:00.043Z,OPEN,15,25,35,2,api,
2026-09-05T12:44:00,2026-09-05T17:44:00.043Z,OPEN,16,25,35,2,api,
2026-09-05T12:45:00,2026-09-05T17:45:00.019Z,OPEN,15,25,35,2,api,
2026-09-05T12:46:00,2026-09-05T17:46:00.023Z,OPEN,13,25,35,2,api,
2026-09-05T12:47:00,2026-09-05T17:47:00.045Z,OPEN,12,20,30,2,api,
2026-09-05T12:48:00,2026-09-05T17:48:00.044Z,OPEN,11,20,30,2,api,
2026-09-05T12:49:00,2026-09-05T17:49:00.044Z,OPEN,11,20,30,2,api,
2026-09-05T12:50:00,2026-09-05T17:50:00.043Z,OPEN,11,20,30,2,api,
2026-09-05T12:51:00,2026-09-05T17:51:00.044Z,OPEN,12,20,30,2,api,
2026-09-05T12:52:00,2026-09-05T17:52:00.019Z,OPEN,10,20,30,2,api,
2026-09-05T12:53:00,2026-09-05T17:53:00.019Z,OPEN,8,15,25,2,api,
2026-09-05T12:54:00,2026-09-05T17:54:00.045Z,OPEN,7,15,25,2,api,
2026-09-05T12:55:00,2026-09-05T17:55:00.044Z,OPEN,7,15,25,2,api,
2026-09-05T12:56:00,2026-09-05T17:56:00.044Z,OPEN,7,15,25,2,api,
2026-09-05T12:57:00,2026-09-05T17:57:00.043Z,OPEN,5,10,20,2,api,
2026-09-05T12:58:00,2026-09-05T17:58:00.043Z,OPEN,5,10,20,2,api,
2026-09-05T12:59:00,2026-09-05T17:59:00.044Z,OPEN,6,15,25,2,api,
2026-09-05T13:00:00,2026-09-05T18:00:00.043Z,OPEN,6,15,25,2,api,
2026-09-05T13:01:00,2026-09-05T18:01:00.003Z,OPEN,6,15,25,2,api,
2026-09-05T13:02:00,2026-09-05T18:02:00.044Z,OPEN,7,15,25,2,api,
2026-09-05T13:03:00,2026-09-05T18:03:00.019Z,OPEN,9,15,25,2,api,
2026-09-05T13:04:00,2026-09-05T18:04:00.023Z,OPEN,8,15,25,2,api,
2026-09-05T13:05:00,2026-09-05T18:05:00.044Z,OPEN,8,15,25,2,api,
2026-09-05T13:06:00,2026-09-05T18:06:00.044Z,OPEN,8,15,25,2,api,
2026-09-05T13:07:00,2026-09-05T18:07:00.044Z,OPEN,8,15,25,2,api,
2026-09-05T13:08:00,2026-09-05T18:08:00.046Z,OPEN,9,15,25,2,api,
2026-09-05T13:09:00,2026-09-05T18:09:00.019Z,OPEN,8,15,25,2,api,
2026-09-05T13:10:00,2026-09-05T18:10:00.027Z,OPEN,8,15,25,2,api,
2026-09-05T13:11:00,2026-09-05T18:11:00.019Z,OPEN,6,15,25,2,api,
2026-09-05T13:12:00,2026-09-05T18:12:00.044Z,OPEN,6,15,25,2,api,
2026-09-05T13:13:00,2026-09-05T18:13:00.044Z,OPEN,6,15,25,2,api,
2026-09-05T13:14:00,2026-09-05T18:14:00.020Z,OPEN,6,15,25,2,api,
2026-09-05T13:15:00,2026-09-05T18:15:00.024Z,OPEN,6,15,25,2,api,
2026-09-05T13:16:00,2026-09-05T18:16:00.019Z,OPEN,6,15,25,2,api,
2026-09-05T13:17:00,2026-09-05T18:17:00.019Z,OPEN,8,15,25,2,api,
2026-09-05T13:18:00,2026-09-05T18:18:00.043Z,OPEN,8,15,25,2,api,
2026-09-05T13:19:00,2026-09-05T18:19:00.020Z,OPEN,7,15,25,2,api,
2026-09-05T13:20:00,2026-09-05T18:20:00.028Z,OPEN,7,15,25,2,api,
2026-09-05T13:21:00,2026-09-05T18:21:00.035Z,OPEN,7,15,25,2,api,
2026-09-05T13:22:00,2026-09-05T18:22:00.038Z,OPEN,7,15,25,2,api,
2026-09-05T13:23:00,2026-09-05T18:23:00.044Z,OPEN,5,10,20,2,api,
2026-09-05T13:24:00,2026-09-05T18:24:00.028Z,OPEN,3,10,20,2,api,
2026-09-05T13:25:00,2026-09-05T18:25:00.043Z,OPEN,3,10,20,2,api,
2026-09-05T13:26:00,2026-09-05T18:26:00.044Z,OPEN,1,5,15,2,api,
2026-09-05T13:27:00,2026-09-05T18:27:00.019Z,OPEN,1,5,15,2,api,
2026-09-05T13:28:00,2026-09-05T18:28:00.023Z,OPEN,1,5,15,2,api,
2026-09-05T13:29:00,2026-09-05T18:29:00.043Z,OPEN,1,5,15,2,api,
2026-09-05T13:30:00,2026-09-05T18:30:00.027Z,OPEN,1,5,15,2,api,
2026-09-05T13:31:00,2026-09-05T18:31:00.031Z,OPEN,2,10,20,2,api,
2026-09-05T13:32:00,2026-09-05T18:32:00.037Z,OPEN,2,10,20,2,api,
2026-09-05T13:33:00,2026-09-05T18:33:00.043Z,OPEN,1,5,15,2,api,
2026-09-05T13:34:00,2026-09-05T18:34:00.004Z,OPEN,1,5,15,2,api,
2026-09-05T13:35:00,2026-09-05T18:35:00.027Z,EMPTY_CLOSED,0,5,15,2,api,
2026-09-05T13:36:00,2026-09-05T18:36:00.044Z,EMPTY_CLOSED,0,5,15,2,api,
2026-09-05T13:37:00,2026-09-05T18:37:00.043Z,EMPTY_CLOSED,0,5,15,2,api,
2026-09-05T13:38:00,2026-09-05T18:38:00.044Z,EMPTY_CLOSED,0,5,15,2,api,
2026-09-05T13:39:00,2026-09-05T18:39:00.043Z,EMPTY_CLOSED,0,5,15,2,api,
2026-09-05T13:40:00,2026-09-05T18:40:00.035Z,EMPTY_CLOSED,0,5,15,2,api,
2026-09-05T13:41:00,2026-09-05T18:41:00.015Z,EMPTY_CLOSED,0,5,15,2,api,
2026-09-05T13:42:00,2026-09-05T18:42:00.019Z,EMPTY_CLOSED,0,5,15,2,api,
2026-09-05T13:43:00,2026-09-05T18:43:00.019Z,EMPTY_CLOSED,0,5,15,2,api,
2026-09-05T13:44:00,2026-09-05T18:44:00.044Z,EMPTY_CLOSED,0,5,15,2,api,
2026-09-05T13:45:00,2026-09-05T18:45:00.038Z,EMPTY_CLOSED,0,5,15,2,api,
2026-09-05T13:46:00,2026-09-05T18:46:00.037Z,EMPTY_CLOSED,0,5,15,2,api,
2026-09-05T13:47:00,2026-09-05T18:47:00.019Z,EMPTY_CLOSED,0,5,15,2,api,
2026-09-05T13:48:00,2026-09-05T18:48:00.025Z,EMPTY_CLOSED,0,5,15,2,api,
2026-09-05T13:49:00,2026-09-05T18:49:00.033Z,EMPTY_CLOSED,0,5,15,2,api,
2026-09-05T13:50:00,2026-09-05T18:50:00.032Z,EMPTY_CLOSED,0,5,15,2,api,
2026-09-05T13:51:00,2026-09-05T18:51:00.019Z,EMPTY_CLOSED,0,5,15,2,api,
2026-09-05T13:52:00,2026-09-05T18:52:00.043Z,EMPTY_CLOSED,0,5,15,2,api,
2026-09-05T13:53:00,2026-09-05T18:53:00.003Z,EMPTY_CLOSED,0,5,15,2,api,
2026-09-05T13:54:00,2026-09-05T18:54:00.044Z,EMPTY_CLOSED,0,5,15,2,api,
2026-09-05T13:55:00,2026-09-05T18:55:00.042Z,EMPTY_CLOSED,0,5,15,2,api,
2026-09-05T13:56:00,2026-09-05T18:56:00.043Z,EMPTY_CLOSED,0,5,15,2,api,
2026-09-05T13:57:00,2026-09-05T18:57:00.019Z,EMPTY_CLOSED,0,5,15,2,api,
2026-09-05T13:58:00,2026-09-05T18:58:00.028Z,EMPTY_CLOSED,0,5,15,2,api,
2026-09-05T13:59:00,2026-09-05T18:59:00.044Z,EMPTY_CLOSED,0,5,15,2,api,
2026-09-05T14:00:15,2026-09-05T19:00:15.591Z,EMPTY_CLOSED,0,5,15,2,api,
2026-09-05T14:01:00,2026-09-05T19:01:00.001Z,EMPTY_CLOSED,0,5,15,2,api,
2026-09-05T14:02:00,2026-09-05T19:02:00.027Z,EMPTY_CLOSED,0,5,15,2,api,
2026-09-05T14:03:00,2026-09-05T19:03:00.028Z,EMPTY_CLOSED,0,5,15,2,api,
2026-09-05T14:04:00,2026-09-05T19:04:00.029Z,EMPTY_CLOSED,0,5,15,2,api,
2026-09-05T14:05:00,2026-09-05T19:05:00.028Z,EMPTY_CLOSED,0,5,15,2,api,
2026-09-05T14:06:00,2026-09-05T19:06:00.015Z,EMPTY_CLOSED,0,5,15,2,api,
2026-09-05T14:07:00,2026-09-05T19:07:00.028Z,EMPTY_CLOSED,0,5,15,2,api,
2026-09-05T14:08:00,2026-09-05T19:08:00.029Z,EMPTY_CLOSED,0,5,15,2,api,
2026-09-05T14:09:00,2026-09-05T19:09:00.027Z,EMPTY_CLOSED,0,5,15,2,api,
2026-09-05T14:10:00,2026-09-05T19:10:00.027Z,EMPTY_CLOSED,0,5,15,2,api,
2026-09-05T14:11:00,2026-09-05T19:11:00.029Z,EMPTY_CLOSED,0,5,15,2,api,
2026-09-05T14:12:00,2026-09-05T19:12:00.002Z,EMPTY_CLOSED,0,5,15,2,api,
2026-09-05T14:13:00,2026-09-05T19:13:00.006Z,EMPTY_CLOSED,0,5,15,2,api,
2026-09-05T14:14:00,2026-09-05T19:14:00.018Z,EMPTY_CLOSED,0,5,15,2,api,
2026-09-05T14:15:00,2026-09-05T19:15:00.022Z,EMPTY_CLOSED,0,5,15,2,api,
2026-09-05T14:16:00,2026-09-05T19:16:00.029Z,EMPTY_CLOSED,0,5,15,2,api,
2026-09-05T14:17:00,2026-09-05T19:17:00.018Z,EMPTY_CLOSED,0,5,15,2,api,
2026-09-05T14:18:00,2026-09-05T19:18:00.028Z,EMPTY_CLOSED,0,5,15,2,api,
2026-09-05T14:19:00,2026-09-05T19:19:00.028Z,EMPTY_CLOSED,0,5,15,2,api,
2026-09-05T14:20:00,2026-09-05T19:20:00.028Z,EMPTY_CLOSED,0,5,15,2,api,
2026-09-05T14:21:00,2026-09-05T19:21:00.029Z,EMPTY_CLOSED,0,5,15,2,api,
2026-09-05T14:22:00,2026-09-05T19:22:00.028Z,EMPTY_CLOSED,0,5,15,2,api,
2026-09-05T14:23:00,2026-09-05T19:23:00.028Z,EMPTY_CLOSED,0,5,15,2,api,
2026-09-05T14:24:00,2026-09-05T19:24:00.014Z,EMPTY_CLOSED,0,5,15,2,api,
2026-09-05T14:25:00,2026-09-05T19:25:00.002Z,EMPTY_CLOSED,0,5,15,2,api,
2026-09-05T14:26:00,2026-09-05T19:26:00.028Z,EMPTY_CLOSED,0,5,15,2,api,
2026-09-05T14:27:00,2026-09-05T19:27:00.004Z,EMPTY_CLOSED,0,5,15,2,api,
2026-09-05T14:28:00,2026-09-05T19:28:00.027Z,EMPTY_CLOSED,0,5,15,2,api,
2026-09-05T14:29:00,2026-09-05T19:29:00.029Z,EMPTY_CLOSED,0,5,15,2,api,
2026-09-05T14:30:00,2026-09-05T19:30:00.028Z,EMPTY_CLOSED,0,5,15,2,api,
2026-09-05T14:31:00,2026-09-05T19:31:00.028Z,EMPTY_CLOSED,0,5,15,2,api,
2026-09-05T14:32:00,2026-09-05T19:32:00.029Z,EMPTY_CLOSED,0,5,15,2,api,
2026-09-05T14:33:00,2026-09-05T19:33:00.029Z,EMPTY_CLOSED,0,5,15,2,api,
2026-09-05T14:34:00,2026-09-05T19:34:00.029Z,EMPTY_CLOSED,0,5,15,2,api,
2026-09-05T14:35:00,2026-09-05T19:35:00.028Z,EMPTY_CLOSED,0,5,15,2,api,
2026-09-05T14:36:00,2026-09-05T19:36:00.013Z,EMPTY_CLOSED,0,5,15,2,api,
2026-09-05T14:37:00,2026-09-05T19:37:00.026Z,EMPTY_CLOSED,0,5,15,2,api,
2026-09-05T14:38:00,2026-09-05T19:38:00.028Z,EMPTY_CLOSED,0,5,15,2,api,
2026-09-05T14:39:00,2026-09-05T19:39:00.021Z,NO_MODULE,,,,,dom,waitlist module absent
2026-09-05T14:40:00,2026-09-05T19:40:00.005Z,NO_MODULE,,,,,dom,waitlist module absent
2026-09-05T14:41:00,2026-09-05T19:41:00.005Z,NO_MODULE,,,,,dom,waitlist module absent
2026-09-05T14:42:00,2026-09-05T19:42:00.004Z,EMPTY_CLOSED,0,5,15,2,api,
2026-09-05T14:43:00,2026-09-05T19:43:00.008Z,NO_MODULE,,,,,dom,waitlist module absent
2026-09-05T14:44:00,2026-09-05T19:44:00.005Z,NO_MODULE,,,,,dom,waitlist module absent
2026-09-05T14:45:00,2026-09-05T19:45:00.005Z,NO_MODULE,,,,,dom,waitlist module absent
2026-09-05T14:46:00,2026-09-05T19:46:00.005Z,NO_MODULE,,,,,dom,waitlist module absent
2026-09-05T14:47:00,2026-09-05T19:47:00.005Z,NO_MODULE,,,,,dom,waitlist module absent
2026-09-05T14:48:00,2026-09-05T19:48:00.004Z,NO_MODULE,,,,,dom,waitlist module absent
2026-09-05T14:49:00,2026-09-05T19:49:00.006Z,NO_MODULE,,,,,dom,waitlist module absent
2026-09-05T14:50:00,2026-09-05T19:50:00.005Z,NO_MODULE,,,,,dom,waitlist module absent
2026-09-05T14:51:00,2026-09-05T19:51:00.002Z,NO_MODULE,,,,,dom,waitlist module absent
2026-09-05T14:52:00,2026-09-05T19:52:00.004Z,NO_MODULE,,,,,dom,waitlist module absent
2026-09-05T14:53:00,2026-09-05T19:53:00.004Z,NO_MODULE,,,,,dom,waitlist module absent
2026-09-05T14:54:00,2026-09-05T19:54:00.005Z,NO_MODULE,,,,,dom,waitlist module absent
2026-09-05T14:55:00,2026-09-05T19:55:00.002Z,NO_MODULE,,,,,dom,waitlist module absent
2026-09-05T14:56:00,2026-09-05T19:56:00.005Z,NO_MODULE,,,,,dom,waitlist module absent
2026-09-05T14:57:00,2026-09-05T19:57:00.004Z,NO_MODULE,,,,,dom,waitlist module absent
2026-09-05T14:58:00,2026-09-05T19:58:00.004Z,NO_MODULE,,,,,dom,waitlist module absent
2026-09-05T14:59:00,2026-09-05T19:59:00.004Z,NO_MODULE,,,,,dom,waitlist module absent
2026-09-05T15:00:00,2026-09-05T20:00:00.005Z,NO_MODULE,,,,,dom,waitlist module absent
2026-09-05T15:01:00,2026-09-05T20:01:00.005Z,NO_MODULE,,,,,dom,waitlist module absent
2026-09-05T15:02:00,2026-09-05T20:02:00.004Z,NO_MODULE,,,,,dom,waitlist module absent
2026-09-05T15:03:00,2026-09-05T20:03:00.004Z,NO_MODULE,,,,,dom,waitlist module absent
2026-09-05T15:04:00,2026-09-05T20:04:00.004Z,NO_MODULE,,,,,dom,waitlist module absent
2026-09-05T15:05:00,2026-09-05T20:05:00.006Z,NO_MODULE,,,,,dom,waitlist module absent
2026-09-05T15:06:00,2026-09-05T20:06:00.005Z,NO_MODULE,,,,,dom,waitlist module absent
2026-09-05T15:07:00,2026-09-05T20:07:00.005Z,NO_MODULE,,,,,dom,waitlist module absent
2026-09-05T15:08:00,2026-09-05T20:08:00.005Z,NO_MODULE,,,,,dom,waitlist module absent
2026-09-05T15:09:00,2026-09-05T20:09:00.005Z,NO_MODULE,,,,,dom,waitlist module absent
2026-09-05T15:10:00,2026-09-05T20:10:00.006Z,NO_MODULE,,,,,dom,waitlist module absent
2026-09-05T15:11:00,2026-09-05T20:11:00.005Z,NO_MODULE,,,,,dom,waitlist module absent
2026-09-05T15:12:00,2026-09-05T20:12:00.005Z,NO_MODULE,,,,,dom,waitlist module absent
2026-09-05T15:13:00,2026-09-05T20:13:00.004Z,NO_MODULE,,,,,dom,waitlist module absent
2026-09-05T15:14:00,2026-09-05T20:14:00.005Z,NO_MODULE,,,,,dom,waitlist module absent
2026-09-05T15:15:00,2026-09-05T20:15:00.004Z,NO_MODULE,,,,,dom,waitlist module absent
2026-09-05T15:16:00,2026-09-05T20:16:00.002Z,NO_MODULE,,,,,dom,waitlist module absent
2026-09-05T15:17:00,2026-09-05T20:17:00.005Z,NO_MODULE,,,,,dom,waitlist module absent
2026-09-05T15:18:00,2026-09-05T20:18:00.005Z,NO_MODULE,,,,,dom,waitlist module absent
2026-09-05T15:19:00,2026-09-05T20:19:00.004Z,NO_MODULE,,,,,dom,waitlist module absent
2026-09-05T15:20:00,2026-09-05T20:20:00.004Z,NO_MODULE,,,,,dom,waitlist module absent
2026-09-05T15:21:00,2026-09-05T20:21:00.005Z,NO_MODULE,,,,,dom,waitlist module absent
2026-09-05T15:22:00,2026-09-05T20:22:00.005Z,NO_MODULE,,,,,dom,waitlist module absent
2026-09-05T15:23:00,2026-09-05T20:23:00.004Z,NO_MODULE,,,,,dom,waitlist module absent
2026-09-05T15:24:00,2026-09-05T20:24:00.005Z,NO_MODULE,,,,,dom,waitlist module absent
2026-09-05T15:25:00,2026-09-05T20:25:00.005Z,NO_MODULE,,,,,dom,waitlist module absent
2026-09-05T15:26:00,2026-09-05T20:26:00.005Z,NO_MODULE,,,,,dom,waitlist module absent
2026-09-05T15:27:00,2026-09-05T20:27:00.005Z,NO_MODULE,,,,,dom,waitlist module absent
2026-09-05T15:28:00,2026-09-05T20:28:00.004Z,NO_MODULE,,,,,dom,waitlist module absent
2026-09-05T15:29:00,2026-09-05T20:29:00.004Z,NO_MODULE,,,,,dom,waitlist module absent
2026-09-06T06:00:10,2026-09-06T11:00:10.206Z,NO_MODULE,,,,,dom,waitlist module absent
2026-09-06T06:02:00,2026-09-06T11:02:00.032Z,NO_MODULE,,,,,dom,waitlist module absent
2026-09-06T06:03:00,2026-09-06T11:03:00.005Z,NO_MODULE,,,,,dom,waitlist module absent
2026-09-06T06:04:00,2026-09-06T11:04:00.004Z,NO_MODULE,,,,,dom,waitlist module absent
2026-09-06T06:05:00,2026-09-06T11:05:00.005Z,NO_MODULE,,,,,dom,waitlist module absent
2026-09-06T06:06:00,2026-09-06T11:06:00.005Z,NO_MODULE,,,,,dom,waitlist module absent
2026-09-06T06:07:00,2026-09-06T11:07:00.005Z,NO_MODULE,,,,,dom,waitlist module absent
2026-09-06T06:08:00,2026-09-06T11:08:00.004Z,NO_MODULE,,,,,dom,waitlist module absent
2026-09-06T06:09:00,2026-09-06T11:09:00.004Z,NO_MODULE,,,,,dom,waitlist module absent
2026-09-06T06:10:00,2026-09-06T11:10:00.005Z,NO_MODULE,,,,,dom,waitlist module absent
2026-09-06T06:11:00,2026-09-06T11:11:00.005Z,NO_MODULE,,,,,dom,waitlist module absent
2026-09-06T06:12:00,2026-09-06T11:12:00.006Z,NO_MODULE,,,,,dom,waitlist module absent
2026-09-06T06:13:00,2026-09-06T11:13:00.005Z,NO_MODULE,,,,,dom,waitlist module absent
2026-09-06T06:14:00,2026-09-06T11:14:00.005Z,NO_MODULE,,,,,dom,waitlist module absent
2026-09-06T06:15:00,2026-09-06T11:15:00.004Z,NO_MODULE,,,,,dom,waitlist module absent
2026-09-06T06:16:00,2026-09-06T11:16:00.004Z,NO_MODULE,,,,,dom,waitlist module absent
2026-09-06T06:17:00,2026-09-06T11:17:00.005Z,NO_MODULE,,,,,dom,waitlist module absent
2026-09-06T06:18:00,2026-09-06T11:18:00.004Z,NO_MODULE,,,,,dom,waitlist module absent
2026-09-06T06:19:00,2026-09-06T11:19:00.006Z,NO_MODULE,,,,,dom,waitlist module absent
2026-09-06T06:20:00,2026-09-06T11:20:00.004Z,NO_MODULE,,,,,dom,waitlist module absent
2026-09-06T06:21:00,2026-09-06T11:21:00.006Z,NO_MODULE,,,,,dom,waitlist module absent
2026-09-06T06:22:00,2026-09-06T11:22:00.004Z,NO_MODULE,,,,,dom,waitlist module absent
2026-09-06T06:23:00,2026-09-06T11:23:00.006Z,NO_MODULE,,,,,dom,waitlist module absent
2026-09-06T06:24:00,2026-09-06T11:24:00.003Z,NO_MODULE,,,,,dom,waitlist module absent
2026-09-06T06:25:00,2026-09-06T11:25:00.005Z,NO_MODULE,,,,,dom,waitlist module absent
2026-09-06T06:26:00,2026-09-06T11:26:00.005Z,NO_MODULE,,,,,dom,waitlist module absent
2026-09-06T06:27:00,2026-09-06T11:27:00.003Z,NO_MODULE,,,,,dom,waitlist module absent
2026-09-06T06:28:00,2026-09-06T11:28:00.005Z,NO_MODULE,,,,,dom,waitlist module absent
2026-09-06T06:29:00,2026-09-06T11:29:00.003Z,NO_MODULE,,,,,dom,waitlist module absent
2026-09-06T06:30:00,2026-09-06T11:30:00.005Z,NO_MODULE,,,,,dom,waitlist module absent
2026-09-06T06:31:00,2026-09-06T11:31:00.004Z,NO_MODULE,,,,,dom,waitlist module absent
2026-09-06T06:32:00,2026-09-06T11:32:00.004Z,NO_MODULE,,,,,dom,waitlist module absent
2026-09-06T06:33:00,2026-09-06T11:33:00.005Z,NO_MODULE,,,,,dom,waitlist module absent
2026-09-06T06:34:00,2026-09-06T11:34:00.006Z,NO_MODULE,,,,,dom,waitlist module absent
2026-09-06T06:35:00,2026-09-06T11:35:00.004Z,NO_MODULE,,,,,dom,waitlist module absent
2026-09-06T06:36:00,2026-09-06T11:36:00.004Z,NO_MODULE,,,,,dom,waitlist module absent
2026-09-06T06:37:00,2026-09-06T11:37:00.006Z,EMPTY_CLOSED,0,5,15,2,api,
2026-09-06T06:38:00,2026-09-06T11:38:00.021Z,EMPTY_CLOSED,0,5,15,2,api,
2026-09-06T06:39:00,2026-09-06T11:39:00.025Z,EMPTY_CLOSED,0,5,15,2,api,
2026-09-06T06:40:00,2026-09-06T11:40:00.028Z,NO_MODULE,,,,,dom,waitlist module absent
2026-09-06T06:41:00,2026-09-06T11:41:00.006Z,EMPTY_CLOSED,0,5,15,2,api,
2026-09-06T06:42:00,2026-09-06T11:42:00.028Z,EMPTY_CLOSED,0,5,15,2,api,
2026-09-06T06:43:00,2026-09-06T11:43:00.029Z,EMPTY_CLOSED,0,5,15,2,api,
2026-09-06T06:44:00,2026-09-06T11:44:00.030Z,EMPTY_CLOSED,0,5,15,2,api,
2026-09-06T06:45:00,2026-09-06T11:45:00.029Z,EMPTY_CLOSED,0,5,15,2,api,
2026-09-06T06:46:00,2026-09-06T11:46:00.028Z,EMPTY_CLOSED,0,5,15,2,api,
2026-09-06T06:47:00,2026-09-06T11:47:00.004Z,EMPTY_CLOSED,0,5,15,2,api,
2026-09-06T06:48:00,2026-09-06T11:48:00.028Z,EMPTY_CLOSED,0,5,15,2,api,
2026-09-06T06:49:00,2026-09-06T11:49:00.020Z,EMPTY_CLOSED,0,5,15,2,api,
2026-09-06T06:50:00,2026-09-06T11:50:00.029Z,EMPTY_CLOSED,0,5,15,2,api,
2026-09-06T06:51:00,2026-09-06T11:51:00.027Z,EMPTY_CLOSED,0,5,15,2,api,
2026-09-06T06:52:00,2026-09-06T11:52:00.030Z,EMPTY_CLOSED,0,5,15,2,api,
2026-09-06T06:53:00,2026-09-06T11:53:00.003Z,EMPTY_CLOSED,0,5,15,2,api,
2026-09-06T06:54:00,2026-09-06T11:54:00.007Z,EMPTY_CLOSED,0,5,15,2,api,
2026-09-06T06:55:00,2026-09-06T11:55:00.028Z,EMPTY_CLOSED,0,5,15,2,api,
2026-09-06T06:56:00,2026-09-06T11:56:00.012Z,EMPTY_CLOSED,0,5,15,2,api,
2026-09-06T06:57:00,2026-09-06T11:57:00.028Z,EMPTY_CLOSED,0,5,15,2,api,
2026-09-06T06:58:00,2026-09-06T11:58:00.025Z,EMPTY_CLOSED,0,5,15,2,api,
2026-09-06T06:59:00,2026-09-06T11:59:00.027Z,EMPTY_CLOSED,0,5,15,2,api,
2026-09-06T07:00:00,2026-09-06T12:00:00.030Z,EMPTY_CLOSED,0,5,15,2,api,
2026-09-06T07:01:00,2026-09-06T12:01:00.004Z,EMPTY_CLOSED,0,5,15,2,api,
2026-09-06T07:02:00,2026-09-06T12:02:00.027Z,EMPTY_CLOSED,0,5,15,2,api,
2026-09-06T07:03:00,2026-09-06T12:03:00.008Z,EMPTY_CLOSED,0,5,15,2,api,
2026-09-06T07:04:00,2026-09-06T12:04:00.026Z,EMPTY_CLOSED,0,5,15,2,api,
2026-09-06T07:05:00,2026-09-06T12:05:00.015Z,EMPTY_CLOSED,0,5,15,2,api,
2026-09-06T07:06:00,2026-09-06T12:06:00.028Z,EMPTY_CLOSED,0,5,15,2,api,
2026-09-06T07:07:00,2026-09-06T12:07:00.028Z,EMPTY_CLOSED,0,5,15,2,api,
2026-09-06T07:08:00,2026-09-06T12:08:00.029Z,EMPTY_CLOSED,0,5,15,2,api,
2026-09-06T07:09:00,2026-09-06T12:09:00.005Z,EMPTY_CLOSED,0,5,15,2,api,
2026-09-06T07:10:00,2026-09-06T12:10:00.027Z,EMPTY_CLOSED,0,5,15,2,api,
2026-09-06T07:11:00,2026-09-06T12:11:00.016Z,EMPTY_CLOSED,0,5,15,2,api,
2026-09-06T07:12:00,2026-09-06T12:12:00.020Z,EMPTY_CLOSED,0,5,15,2,api,
2026-09-06T07:13:00,2026-09-06T12:13:00.026Z,EMPTY_CLOSED,0,5,15,2,api,
2026-09-06T07:14:00,2026-09-06T12:14:00.027Z,EMPTY_CLOSED,0,5,15,2,api,
2026-09-06T07:15:00,2026-09-06T12:15:00.004Z,EMPTY_CLOSED,0,5,15,2,api,
2026-09-06T07:16:00,2026-09-06T12:16:00.007Z,EMPTY_CLOSED,0,5,15,2,api,
2026-09-06T07:17:00,2026-09-06T12:17:00.004Z,EMPTY_CLOSED,0,5,15,2,api,
2026-09-06T07:18:00,2026-09-06T12:18:00.028Z,EMPTY_CLOSED,0,5,15,2,api,
2026-09-06T07:19:00,2026-09-06T12:19:00.004Z,EMPTY_CLOSED,0,5,15,2,api,
2026-09-06T07:20:00,2026-09-06T12:20:00.020Z,EMPTY_CLOSED,0,5,15,2,api,
2026-09-06T07:21:00,2026-09-06T12:21:00.024Z,EMPTY_CLOSED,0,5,15,2,api,
2026-09-06T07:22:00,2026-09-06T12:22:00.028Z,EMPTY_CLOSED,0,5,15,2,api,
2026-09-06T07:23:00,2026-09-06T12:23:00.029Z,EMPTY_CLOSED,0,5,15,2,api,
2026-09-06T07:24:00,2026-09-06T12:24:00.019Z,EMPTY_CLOSED,0,5,15,2,api,
2026-09-06T07:25:00,2026-09-06T12:25:00.003Z,EMPTY_CLOSED,0,5,15,2,api,
2026-09-06T07:26:00,2026-09-06T12:26:00.004Z,EMPTY_CLOSED,0,5,15,2,api,
2026-09-06T07:27:00,2026-09-06T12:27:00.025Z,EMPTY_CLOSED,0,5,15,2,api,
2026-09-06T07:28:00,2026-09-06T12:28:00.004Z,EMPTY_CLOSED,0,5,15,2,api,
2026-09-06T07:29:00,2026-09-06T12:29:00.018Z,EMPTY_CLOSED,0,5,15,2,api,
2026-09-06T07:30:00,2026-09-06T12:30:00.027Z,EMPTY_CLOSED,0,5,15,2,api,
2026-09-06T07:31:00,2026-09-06T12:31:00.028Z,EMPTY_CLOSED,0,5,15,2,api,
2026-09-06T07:32:00,2026-09-06T12:32:00.027Z,EMPTY_CLOSED,0,5,15,2,api,
2026-09-06T07:33:00,2026-09-06T12:33:00.004Z,EMPTY_CLOSED,0,5,15,2,api,
2026-09-06T07:34:00,2026-09-06T12:34:00.027Z,EMPTY_CLOSED,0,5,15,2,api,
2026-09-06T07:35:00,2026-09-06T12:35:00.029Z,EMPTY_CLOSED,0,5,15,2,api,
2026-09-06T07:36:00,2026-09-06T12:36:00.028Z,EMPTY_CLOSED,0,5,15,2,api,
2026-09-06T07:37:00,2026-09-06T12:37:00.028Z,OPEN,1,5,15,2,api,
2026-09-06T07:38:00,2026-09-06T12:38:00.028Z,OPEN,1,5,15,2,api,
2026-09-06T07:39:00,2026-09-06T12:39:00.001Z,OPEN,1,5,15,2,api,
2026-09-06T07:40:00,2026-09-06T12:40:00.028Z,OPEN,1,5,15,2,api,
2026-09-06T07:41:00,2026-09-06T12:41:00.002Z,OPEN,1,5,15,2,api,
2026-09-06T07:42:00,2026-09-06T12:42:00.011Z,OPEN,2,10,20,2,api,
2026-09-06T07:43:00,2026-09-06T12:43:00.015Z,OPEN,2,10,20,2,api,
2026-09-06T07:44:00,2026-09-06T12:44:00.014Z,OPEN,2,10,20,2,api,
2026-09-06T07:45:00,2026-09-06T12:45:00.004Z,OPEN,2,10,20,2,api,
2026-09-06T07:46:00,2026-09-06T12:46:00.007Z,OPEN,2,10,20,2,api,
2026-09-06T07:47:00,2026-09-06T12:47:00.030Z,OPEN,3,10,20,2,api,
2026-09-06T07:48:00,2026-09-06T12:48:00.028Z,OPEN,3,10,20,2,api,
2026-09-06T07:49:00,2026-09-06T12:49:00.029Z,OPEN,3,10,20,2,api,
2026-09-06T07:50:00,2026-09-06T12:50:00.028Z,OPEN,3,10,20,2,api,
2026-09-06T07:51:00,2026-09-06T12:51:00.004Z,OPEN,3,10,20,2,api,
2026-09-06T07:52:00,2026-09-06T12:52:00.004Z,OPEN,3,10,20,2,api,
2026-09-06T07:53:00,2026-09-06T12:53:00.028Z,OPEN,2,10,20,2,api,
2026-09-06T07:54:00,2026-09-06T12:54:00.020Z,OPEN,2,10,20,2,api,
2026-09-06T07:55:00,2026-09-06T12:55:00.029Z,OPEN,2,10,20,2,api,
2026-09-06T07:56:00,2026-09-06T12:56:00.014Z,OPEN,2,10,20,2,api,
2026-09-06T07:57:00,2026-09-06T12:57:00.028Z,OPEN,2,10,20,2,api,
2026-09-06T07:58:00,2026-09-06T12:58:00.029Z,OPEN,2,10,20,2,api,
2026-09-06T07:59:00,2026-09-06T12:59:00.029Z,OPEN,2,10,20,2,api,
2026-09-06T08:00:00,2026-09-06T13:00:00.027Z,OPEN,2,10,20,2,api,
2026-09-06T08:01:00,2026-09-06T13:01:00.003Z,OPEN,2,10,20,2,api,
2026-09-06T08:02:00,2026-09-06T13:02:00.007Z,OPEN,2,10,20,2,api,
2026-09-06T08:03:00,2026-09-06T13:03:00.022Z,OPEN,3,10,20,2,api,
2026-09-06T08:04:00,2026-09-06T13:04:00.027Z,OPEN,3,10,20,2,api,
2026-09-06T08:05:00,2026-09-06T13:05:00.004Z,OPEN,3,10,20,2,api,
2026-09-06T08:06:00,2026-09-06T13:06:00.008Z,OPEN,3,10,20,2,api,
2026-09-06T08:07:00,2026-09-06T13:07:00.020Z,OPEN,3,10,20,2,api,
2026-09-06T08:08:00,2026-09-06T13:08:00.028Z,OPEN,3,10,20,2,api,
2026-09-06T08:09:00,2026-09-06T13:09:00.030Z,OPEN,3,10,20,2,api,
2026-09-06T08:10:00,2026-09-06T13:10:00.004Z,OPEN,3,10,20,2,api,
2026-09-06T08:11:00,2026-09-06T13:11:00.029Z,OPEN,3,10,20,2,api,
2026-09-06T08:12:00,2026-09-06T13:12:00.027Z,OPEN,3,10,20,2,api,
2026-09-06T08:13:00,2026-09-06T13:13:00.014Z,OPEN,3,10,20,2,api,
2026-09-06T08:14:00,2026-09-06T13:14:00.030Z,OPEN,3,10,20,2,api,
2026-09-06T08:15:00,2026-09-06T13:15:00.029Z,OPEN,3,10,20,2,api,
2026-09-06T08:16:00,2026-09-06T13:16:00.028Z,OPEN,3,10,20,2,api,
2026-09-06T08:17:00,2026-09-06T13:17:00.027Z,OPEN,3,10,20,2,api,
2026-09-06T08:18:00,2026-09-06T13:18:00.004Z,OPEN,3,10,20,2,api,
2026-09-06T08:19:00,2026-09-06T13:19:00.007Z,OPEN,3,10,20,2,api,
2026-09-06T08:20:00,2026-09-06T13:20:00.011Z,OPEN,3,10,20,2,api,
2026-09-06T08:21:00,2026-09-06T13:21:00.028Z,OPEN,3,10,20,2,api,
2026-09-06T08:22:00,2026-09-06T13:22:00.029Z,OPEN,4,10,20,2,api,
2026-09-06T08:23:00,2026-09-06T13:23:00.028Z,OPEN,4,10,20,2,api,
2026-09-06T08:24:00,2026-09-06T13:24:00.004Z,OPEN,4,10,20,2,api,
2026-09-06T08:25:00,2026-09-06T13:25:00.003Z,OPEN,4,10,20,2,api,
2026-09-06T08:26:00,2026-09-06T13:26:00.008Z,OPEN,4,10,20,2,api,
2026-09-06T08:27:00,2026-09-06T13:27:00.011Z,OPEN,4,10,20,2,api,
2026-09-06T08:28:00,2026-09-06T13:28:00.016Z,OPEN,5,10,20,2,api,
2026-09-06T08:29:00,2026-09-06T13:29:00.003Z,OPEN,5,10,20,2,api,
2026-09-06T08:30:00,2026-09-06T13:30:00.027Z,OPEN,6,15,25,2,api,
2026-09-06T08:31:00,2026-09-06T13:31:00.006Z,OPEN,6,15,25,2,api,
2026-09-06T08:32:00,2026-09-06T13:32:00.028Z,OPEN,6,15,25,2,api,
2026-09-06T08:33:00,2026-09-06T13:33:00.004Z,OPEN,7,15,25,2,api,
2026-09-06T08:34:00,2026-09-06T13:34:00.028Z,OPEN,7,15,25,2,api,
2026-09-06T08:35:00,2026-09-06T13:35:00.004Z,OPEN,8,15,25,2,api,
2026-09-06T08:36:00,2026-09-06T13:36:00.005Z,OPEN,9,15,25,2,api,
2026-09-06T08:37:00,2026-09-06T13:37:00.009Z,OPEN,9,15,25,2,api,
2026-09-06T08:38:00,2026-09-06T13:38:00.021Z,OPEN,9,15,25,2,api,
2026-09-06T08:39:00,2026-09-06T13:39:00.028Z,OPEN,9,15,25,2,api,
2026-09-06T08:40:00,2026-09-06T13:40:00.028Z,OPEN,11,20,30,2,api,
2026-09-06T08:41:00,2026-09-06T13:41:00.028Z,OPEN,12,20,30,2,api,
2026-09-06T08:42:00,2026-09-06T13:42:00.027Z,OPEN,12,20,30,2,api,
2026-09-06T08:43:00,2026-09-06T13:43:00.014Z,OPEN,11,20,30,2,api,
2026-09-06T08:44:00,2026-09-06T13:44:00.029Z,OPEN,11,20,30,2,api,
2026-09-06T08:45:00,2026-09-06T13:45:00.028Z,OPEN,12,20,30,2,api,
2026-09-06T08:46:00,2026-09-06T13:46:00.020Z,OPEN,13,25,35,2,api,
2026-09-06T08:47:00,2026-09-06T13:47:00.029Z,OPEN,13,25,35,2,api,
2026-09-06T08:48:00,2026-09-06T13:48:00.028Z,OPEN,13,25,35,2,api,
2026-09-06T08:49:00,2026-09-06T13:49:00.029Z,OPEN,13,25,35,2,api,
2026-09-06T08:50:00,2026-09-06T13:50:00.027Z,OPEN,12,20,30,2,api,
2026-09-06T08:51:00,2026-09-06T13:51:00.028Z,OPEN,14,25,35,2,api,
2026-09-06T08:52:00,2026-09-06T13:52:00.004Z,OPEN,13,25,35,2,api,
2026-09-06T08:53:00,2026-09-06T13:53:00.028Z,OPEN,13,25,35,2,api,
2026-09-06T08:54:00,2026-09-06T13:54:00.028Z,OPEN,13,25,35,2,api,
2026-09-06T08:55:00,2026-09-06T13:55:00.026Z,OPEN,13,25,35,2,api,
2026-09-06T08:56:00,2026-09-06T13:56:00.002Z,OPEN,12,20,30,2,api,
2026-09-06T08:57:00,2026-09-06T13:57:00.029Z,OPEN,13,25,35,2,api,
2026-09-06T08:58:00,2026-09-06T13:58:00.028Z,OPEN,11,20,30,2,api,
2026-09-06T08:59:00,2026-09-06T13:59:00.020Z,OPEN,11,20,30,2,api,
2026-09-06T09:00:00,2026-09-06T14:00:00.028Z,OPEN,12,20,30,2,api,
2026-09-06T09:01:00,2026-09-06T14:01:00.028Z,OPEN,13,25,35,2,api,
2026-09-06T09:02:00,2026-09-06T14:02:00.027Z,OPEN,12,20,30,2,api,
2026-09-06T09:03:00,2026-09-06T14:03:00.027Z,OPEN,11,20,30,2,api,
2026-09-06T09:04:00,2026-09-06T14:04:00.029Z,OPEN,11,20,30,2,api,
2026-09-06T09:05:00,2026-09-06T14:05:00.002Z,OPEN,11,20,30,2,api,
2026-09-06T09:06:00,2026-09-06T14:06:00.028Z,OPEN,14,25,35,2,api,
2026-09-06T09:07:00,2026-09-06T14:07:00.029Z,OPEN,14,25,35,2,api,
2026-09-06T09:08:00,2026-09-06T14:08:00.028Z,OPEN,14,25,35,2,api,
2026-09-06T09:09:00,2026-09-06T14:09:00.004Z,OPEN,15,25,35,2,api,
2026-09-06T09:10:00,2026-09-06T14:10:00.028Z,OPEN,16,25,35,2,api,
2026-09-06T09:11:00,2026-09-06T14:11:00.027Z,OPEN,16,25,35,2,api,
2026-09-06T09:12:00,2026-09-06T14:12:00.028Z,OPEN,16,25,35,2,api,
2026-09-06T09:13:00,2026-09-06T14:13:00.008Z,OPEN,15,25,35,2,api,
2026-09-06T09:14:00,2026-09-06T14:14:00.027Z,OPEN,17,30,40,2,api,
2026-09-06T09:15:00,2026-09-06T14:15:00.028Z,OPEN,16,25,35,2,api,
2026-09-06T09:16:00,2026-09-06T14:16:00.028Z,OPEN,16,25,35,2,api,
2026-09-06T09:17:00,2026-09-06T14:17:00.029Z,OPEN,16,25,35,2,api,
2026-09-06T09:18:00,2026-09-06T14:18:00.030Z,OPEN,17,30,40,2,api,
2026-09-06T09:19:00,2026-09-06T14:19:00.004Z,OPEN,17,30,40,2,api,
2026-09-06T09:20:00,2026-09-06T14:20:00.029Z,OPEN,15,25,35,2,api,
2026-09-06T09:21:00,2026-09-06T14:21:00.004Z,OPEN,15,25,35,2,api,
2026-09-06T09:22:00,2026-09-06T14:22:00.020Z,OPEN,15,25,35,2,api,
2026-09-06T09:23:00,2026-09-06T14:23:00.004Z,OPEN,14,25,35,2,api,
2026-09-06T09:24:00,2026-09-06T14:24:00.008Z,OPEN,14,25,35,2,api,
2026-09-06T09:25:00,2026-09-06T14:25:00.004Z,OPEN,13,25,35,2,api,
2026-09-06T09:26:00,2026-09-06T14:26:00.007Z,OPEN,15,25,35,2,api,
2026-09-06T09:27:00,2026-09-06T14:27:00.003Z,OPEN,16,25,35,2,api,
2026-09-06T09:28:00,2026-09-06T14:28:00.001Z,OPEN,15,25,35,2,api,
2026-09-06T09:29:00,2026-09-06T14:29:00.004Z,OPEN,15,25,35,2,api,
2026-09-06T09:30:11,2026-09-06T14:30:11.472Z,OPEN,17,30,40,2,api,
2026-09-06T09:31:00,2026-09-06T14:31:00.012Z,OPEN,18,30,40,2,api,
2026-09-06T09:32:00,2026-09-06T14:32:00.018Z,OPEN,20,35,45,2,api,
2026-09-06T09:33:00,2026-09-06T14:33:00.005Z,OPEN,19,30,40,2,api,
2026-09-06T09:34:00,2026-09-06T14:34:00.029Z,OPEN,19,30,40,2,api,
2026-09-06T09:35:00,2026-09-06T14:35:00.029Z,OPEN,18,30,40,2,api,
2026-09-06T09:36:00,2026-09-06T14:36:00.028Z,OPEN,18,30,40,2,api,
2026-09-06T09:37:00,2026-09-06T14:37:00.005Z,OPEN,20,35,45,2,api,
2026-09-06T09:38:00,2026-09-06T14:38:00.028Z,OPEN,19,30,40,2,api,
2026-09-06T09:39:00,2026-09-06T14:39:00.005Z,OPEN,18,30,40,2,api,
2026-09-06T09:40:00,2026-09-06T14:40:00.009Z,OPEN,18,30,40,2,api,
2026-09-06T09:41:00,2026-09-06T14:41:00.014Z,OPEN,20,35,45,2,api,
2026-09-06T09:42:00,2026-09-06T14:42:00.017Z,OPEN,22,35,45,2,api,
2026-09-06T09:43:00,2026-09-06T14:43:00.021Z,OPEN,22,35,45,2,api,
2026-09-06T09:44:00,2026-09-06T14:44:00.028Z,OPEN,24,40,50,2,api,
2026-09-06T09:45:00,2026-09-06T14:45:00.029Z,OPEN,25,40,50,2,api,
2026-09-06T09:46:00,2026-09-06T14:46:00.029Z,OPEN,27,40,50,2,api,
2026-09-06T09:47:00,2026-09-06T14:47:00.028Z,OPEN,28,45,55,2,api,
2026-09-06T09:48:00,2026-09-06T14:48:00.028Z,OPEN,31,50,60,2,api,
2026-09-06T09:49:00,2026-09-06T14:49:00.005Z,OPEN,31,50,60,2,api,
2026-09-06T09:50:00,2026-09-06T14:50:00.014Z,OPEN,34,50,60,2,api,
2026-09-06T09:51:00,2026-09-06T14:51:00.018Z,OPEN,34,50,60,2,api,
2026-09-06T09:52:00,2026-09-06T14:52:00.029Z,OPEN,33,50,60,2,api,
2026-09-06T09:53:00,2026-09-06T14:53:00.005Z,OPEN,34,50,60,2,api,
2026-09-06T09:54:00,2026-09-06T14:54:00.009Z,OPEN,35,55,65,2,api,
2026-09-06T09:55:00,2026-09-06T14:55:00.005Z,OPEN,34,50,60,2,api,
2026-09-06T09:56:00,2026-09-06T14:56:00.024Z,OPEN,32,50,60,2,api,
2026-09-06T09:57:00,2026-09-06T14:57:00.005Z,OPEN,34,50,60,2,api,
2026-09-06T09:58:00,2026-09-06T14:58:00.013Z,OPEN,35,55,65,2,api,
2026-09-06T09:59:00,2026-09-06T14:59:00.028Z,OPEN,34,50,60,2,api,
2026-09-06T10:00:00,2026-09-06T15:00:00.005Z,OPEN,34,50,60,2,api,
2026-09-06T10:01:00,2026-09-06T15:01:00.001Z,OPEN,35,55,65,2,api,
2026-09-06T10:02:00,2026-09-06T15:02:00.028Z,OPEN,35,55,65,2,api,
2026-09-06T10:03:00,2026-09-06T15:03:00.013Z,OPEN,34,50,60,2,api,
2026-09-06T10:04:00,2026-09-06T15:04:00.015Z,OPEN,35,55,65,2,api,
2026-09-06T10:05:00,2026-09-06T15:05:00.028Z,OPEN,34,50,60,2,api,
2026-09-06T10:06:00,2026-09-06T15:06:00.026Z,OPEN,35,55,65,2,api,
2026-09-06T10:07:00,2026-09-06T15:07:00.005Z,OPEN,34,50,60,2,api,
2026-09-06T10:08:00,2026-09-06T15:08:00.029Z,OPEN,35,55,65,2,api,
2026-09-06T10:09:00,2026-09-06T15:09:00.002Z,OPEN,35,55,65,2,api,
2026-09-06T10:10:00,2026-09-06T15:10:00.021Z,OPEN,34,50,60,2,api,
2026-09-06T10:11:00,2026-09-06T15:11:00.005Z,OPEN,34,50,60,2,api,
2026-09-06T10:12:00,2026-09-06T15:12:00.002Z,OPEN,35,55,65,2,api,
2026-09-06T10:13:00,2026-09-06T15:13:00.029Z,OPEN,36,55,65,2,api,
2026-09-06T10:14:00,2026-09-06T15:14:00.028Z,OPEN,37,55,65,2,api,
2026-09-06T10:15:00,2026-09-06T15:15:00.025Z,OPEN,37,55,65,2,api,
2026-09-06T10:16:00,2026-09-06T15:16:00.027Z,OPEN,37,55,65,2,api,
2026-09-06T10:17:00,2026-09-06T15:17:00.029Z,OPEN,38,55,70,2,api,
2026-09-06T10:18:00,2026-09-06T15:18:00.021Z,OPEN,37,55,65,2,api,
2026-09-06T10:19:00,2026-09-06T15:19:00.027Z,OPEN,37,55,65,2,api,
2026-09-06T10:20:00,2026-09-06T15:20:00.028Z,OPEN,36,55,65,2,api,
2026-09-06T10:21:00,2026-09-06T15:21:00.005Z,OPEN,37,55,65,2,api,
2026-09-06T10:22:00,2026-09-06T15:22:00.029Z,OPEN,36,55,65,2,api,
2026-09-06T10:23:00,2026-09-06T15:23:00.021Z,OPEN,35,55,65,2,api,
2026-09-06T10:24:00,2026-09-06T15:24:00.029Z,OPEN,36,55,65,2,api,
2026-09-06T10:25:00,2026-09-06T15:25:00.028Z,OPEN,35,55,65,2,api,
2026-09-06T10:26:00,2026-09-06T15:26:00.010Z,OPEN,34,50,60,2,api,
2026-09-06T10:27:00,2026-09-06T15:27:00.010Z,OPEN,35,55,65,2,api,
2026-09-06T10:28:00,2026-09-06T15:28:00.029Z,OPEN,35,55,65,2,api,
2026-09-06T10:29:00,2026-09-06T15:29:00.028Z,OPEN,35,55,65,2,api,
2026-09-06T10:30:00,2026-09-06T15:30:00.028Z,OPEN,35,55,65,2,api,
2026-09-06T10:31:00,2026-09-06T15:31:00.028Z,OPEN,36,55,65,2,api,
2026-09-06T10:32:00,2026-09-06T15:32:00.028Z,OPEN,38,55,70,2,api,
2026-09-06T10:33:00,2026-09-06T15:33:00.028Z,OPEN,38,55,70,2,api,
2026-09-06T10:34:00,2026-09-06T15:34:00.006Z,OPEN,39,55,70,2,api,
2026-09-06T10:35:00,2026-09-06T15:35:00.028Z,OPEN,37,55,65,2,api,
2026-09-06T10:36:00,2026-09-06T15:36:00.021Z,OPEN,37,55,65,2,api,
2026-09-06T10:37:00,2026-09-06T15:37:00.029Z,OPEN,37,55,65,2,api,
2026-09-06T10:38:00,2026-09-06T15:38:00.028Z,OPEN,37,55,65,2,api,
2026-09-06T10:39:00,2026-09-06T15:39:00.015Z,OPEN,38,55,70,2,api,
2026-09-06T10:40:00,2026-09-06T15:40:00.029Z,OPEN,38,55,70,2,api,
2026-09-06T10:41:00,2026-09-06T15:41:00.028Z,OPEN,37,55,65,2,api,
2026-09-06T10:42:00,2026-09-06T15:42:00.028Z,OPEN,35,55,65,2,api,
2026-09-06T10:43:00,2026-09-06T15:43:00.028Z,OPEN,35,55,65,2,api,
2026-09-06T10:44:00,2026-09-06T15:44:00.029Z,OPEN,35,55,65,2,api,
2026-09-06T10:45:00,2026-09-06T15:45:00.013Z,OPEN,37,55,65,2,api,
2026-09-06T10:46:00,2026-09-06T15:46:00.017Z,OPEN,36,55,65,2,api,
2026-09-06T10:47:00,2026-09-06T15:47:00.005Z,OPEN,35,55,65,2,api,
2026-09-06T10:48:00,2026-09-06T15:48:00.028Z,OPEN,33,50,60,2,api,
2026-09-06T10:49:00,2026-09-06T15:49:00.029Z,OPEN,32,50,60,2,api,
2026-09-06T10:50:00,2026-09-06T15:50:00.028Z,OPEN,32,50,60,2,api,
2026-09-06T10:51:00,2026-09-06T15:51:00.029Z,OPEN,31,50,60,2,api,
2026-09-06T10:52:00,2026-09-06T15:52:00.002Z,OPEN,30,45,55,2,api,
2026-09-06T10:53:00,2026-09-06T15:53:00.029Z,OPEN,29,45,55,2,api,
2026-09-06T10:54:00,2026-09-06T15:54:00.008Z,OPEN,30,45,55,2,api,
2026-09-06T10:55:00,2026-09-06T15:55:00.015Z,OPEN,28,45,55,2,api,
2026-09-06T10:56:00,2026-09-06T15:56:00.022Z,OPEN,31,50,60,2,api,
2026-09-06T10:57:00,2026-09-06T15:57:00.005Z,OPEN,31,50,60,2,api,
2026-09-06T10:58:00,2026-09-06T15:58:00.029Z,OPEN,31,50,60,2,api,
2026-09-06T10:59:00,2026-09-06T15:59:00.028Z,OPEN,31,50,60,2,api,
2026-09-06T11:00:00,2026-09-06T16:00:00.027Z,OPEN,32,50,60,2,api,
2026-09-06T11:01:00,2026-09-06T16:01:00.029Z,OPEN,31,50,60,2,api,
2026-09-06T11:02:00,2026-09-06T16:02:00.027Z,OPEN,31,50,60,2,api,
2026-09-06T11:03:00,2026-09-06T16:03:00.005Z,OPEN,31,50,60,2,api,
2026-09-06T11:04:00,2026-09-06T16:04:00.028Z,OPEN,31,50,60,2,api,
2026-09-06T11:05:00,2026-09-06T16:05:00.029Z,OPEN,32,50,60,2,api,
2026-09-06T11:06:00,2026-09-06T16:06:00.013Z,OPEN,34,50,60,2,api,
2026-09-06T11:07:00,2026-09-06T16:07:00.028Z,OPEN,34,50,60,2,api,
2026-09-06T11:08:00,2026-09-06T16:08:00.029Z,OPEN,34,50,60,2,api,
2026-09-06T11:09:00,2026-09-06T16:09:00.028Z,OPEN,34,50,60,2,api,
2026-09-06T11:10:00,2026-09-06T16:10:00.017Z,OPEN,35,55,65,2,api,
2026-09-06T11:11:00,2026-09-06T16:11:00.018Z,OPEN,35,55,65,2,api,
2026-09-06T11:12:00,2026-09-06T16:12:00.022Z,OPEN,34,50,60,2,api,
2026-09-06T11:13:00,2026-09-06T16:13:00.027Z,OPEN,35,55,65,2,api,
2026-09-06T11:14:00,2026-09-06T16:14:00.013Z,OPEN,35,55,65,2,api,
2026-09-06T11:15:00,2026-09-06T16:15:00.028Z,OPEN,36,55,65,2,api,
2026-09-06T11:16:00,2026-09-06T16:16:00.028Z,OPEN,35,55,65,2,api,
2026-09-06T11:17:00,2026-09-06T16:17:00.005Z,OPEN,34,50,60,2,api,
2026-09-06T11:18:00,2026-09-06T16:18:00.009Z,OPEN,32,50,60,2,api,
2026-09-06T11:19:00,2026-09-06T16:19:00.005Z,OPEN,34,50,60,2,api,
2026-09-06T11:20:00,2026-09-06T16:20:00.003Z,OPEN,34,50,60,2,api,
2026-09-06T11:21:00,2026-09-06T16:21:00.014Z,OPEN,34,50,60,2,api,
2026-09-06T11:22:00,2026-09-06T16:22:00.029Z,OPEN,34,50,60,2,api,
2026-09-06T11:23:00,2026-09-06T16:23:00.029Z,OPEN,37,55,65,2,api,
2026-09-06T11:24:00,2026-09-06T16:24:00.028Z,OPEN,33,50,60,2,api,
2026-09-06T11:25:00,2026-09-06T16:25:00.028Z,OPEN,35,55,65,2,api,
2026-09-06T11:26:00,2026-09-06T16:26:00.024Z,OPEN,37,55,65,2,api,
2026-09-06T11:27:00,2026-09-06T16:27:00.029Z,OPEN,40,55,70,2,api,
2026-09-06T11:28:00,2026-09-06T16:28:00.021Z,OPEN,40,55,70,2,api,
2026-09-06T11:29:00,2026-09-06T16:29:00.014Z,OPEN,39,55,70,2,api,
2026-09-06T11:30:00,2026-09-06T16:30:00.018Z,OPEN,39,55,70,2,api,
2026-09-06T11:31:00,2026-09-06T16:31:00.028Z,OPEN,39,55,70,2,api,
2026-09-06T11:32:00,2026-09-06T16:32:00.025Z,OPEN,36,55,65,2,api,
2026-09-06T11:33:00,2026-09-06T16:33:00.007Z,OPEN,36,55,65,2,api,
2026-09-06T11:34:00,2026-09-06T16:34:00.011Z,OPEN,36,55,65,2,api,
2026-09-06T11:35:00,2026-09-06T16:35:00.015Z,OPEN,37,55,65,2,api,
2026-09-06T11:36:00,2026-09-06T16:36:00.030Z,OPEN,38,55,70,2,api,
2026-09-06T11:37:00,2026-09-06T16:37:00.029Z,OPEN,39,55,70,2,api,
2026-09-06T11:38:00,2026-09-06T16:38:00.028Z,OPEN,40,55,70,2,api,
2026-09-06T11:39:00,2026-09-06T16:39:00.005Z,OPEN,40,55,70,2,api,
2026-09-06T11:40:00,2026-09-06T16:40:00.003Z,OPEN,39,55,70,2,api,
2026-09-06T11:41:00,2026-09-06T16:41:00.021Z,OPEN,41,55,70,2,api,
2026-09-06T11:42:00,2026-09-06T16:42:00.029Z,OPEN,42,60,75,2,api,
2026-09-06T11:43:00,2026-09-06T16:43:00.005Z,OPEN,40,55,70,2,api,
2026-09-06T11:44:00,2026-09-06T16:44:00.029Z,OPEN,40,55,70,2,api,
2026-09-06T11:45:00,2026-09-06T16:45:00.029Z,OPEN,39,55,70,2,api,
2026-09-06T11:46:00,2026-09-06T16:46:00.027Z,OPEN,37,55,65,2,api,
2026-09-06T11:47:00,2026-09-06T16:47:00.009Z,OPEN,36,55,65,2,api,
2026-09-06T11:48:00,2026-09-06T16:48:00.029Z,OPEN,35,55,65,2,api,
2026-09-06T11:49:00,2026-09-06T16:49:00.005Z,OPEN,37,55,65,2,api,
2026-09-06T11:50:00,2026-09-06T16:50:00.024Z,OPEN,37,55,65,2,api,
2026-09-06T11:51:00,2026-09-06T16:51:00.028Z,OPEN,36,55,65,2,api,
2026-09-06T11:52:00,2026-09-06T16:52:00.020Z,OPEN,35,55,65,2,api,
2026-09-06T11:53:00,2026-09-06T16:53:00.028Z,OPEN,36,55,65,2,api,
2026-09-06T11:54:00,2026-09-06T16:54:00.028Z,OPEN,36,55,65,2,api,
2026-09-06T11:55:00,2026-09-06T16:55:00.005Z,OPEN,37,55,65,2,api,
2026-09-06T11:56:00,2026-09-06T16:56:00.028Z,OPEN,35,55,65,2,api,
2026-09-06T11:57:00,2026-09-06T16:57:00.029Z,OPEN,34,50,60,2,api,
2026-09-06T11:58:00,2026-09-06T16:58:00.019Z,OPEN,32,50,60,2,api,
2026-09-06T11:59:00,2026-09-06T16:59:00.029Z,OPEN,31,50,60,2,api,
2026-09-06T12:00:00,2026-09-06T17:00:00.027Z,OPEN,26,40,50,2,api,
2026-09-06T12:01:00,2026-09-06T17:01:00.028Z,OPEN,22,35,45,2,api,
2026-09-06T12:02:00,2026-09-06T17:02:00.027Z,OPEN,22,35,45,2,api,
2026-09-06T12:03:00,2026-09-06T17:03:00.027Z,OPEN,22,35,45,2,api,
2026-09-06T12:04:00,2026-09-06T17:04:00.012Z,OPEN,24,40,50,2,api,
2026-09-06T12:05:00,2026-09-06T17:05:00.028Z,OPEN,25,40,50,2,api,
2026-09-06T12:06:00,2026-09-06T17:06:00.029Z,OPEN,25,40,50,2,api,
2026-09-06T12:07:00,2026-09-06T17:07:00.007Z,OPEN,26,40,50,2,api,
2026-09-06T12:08:00,2026-09-06T17:08:00.027Z,OPEN,26,40,50,2,api,
2026-09-06T12:09:00,2026-09-06T17:09:00.005Z,OPEN,26,40,50,2,api,
2026-09-06T12:10:00,2026-09-06T17:10:00.024Z,OPEN,24,40,50,2,api,
2026-09-06T12:11:00,2026-09-06T17:11:00.011Z,OPEN,25,40,50,2,api,
2026-09-06T12:12:00,2026-09-06T17:12:00.016Z,OPEN,26,40,50,2,api,
2026-09-06T12:13:00,2026-09-06T17:13:00.029Z,OPEN,27,40,50,2,api,
2026-09-06T12:14:00,2026-09-06T17:14:00.027Z,OPEN,25,40,50,2,api,
2026-09-06T12:15:00,2026-09-06T17:15:00.021Z,OPEN,26,40,50,2,api,
2026-09-06T12:16:00,2026-09-06T17:16:00.011Z,OPEN,26,40,50,2,api,
2026-09-06T12:17:00,2026-09-06T17:17:00.012Z,OPEN,25,40,50,2,api,
2026-09-06T12:18:00,2026-09-06T17:18:00.016Z,OPEN,24,40,50,2,api,
2026-09-06T12:19:00,2026-09-06T17:19:00.029Z,OPEN,24,40,50,2,api,
2026-09-06T12:20:00,2026-09-06T17:20:00.021Z,OPEN,24,40,50,2,api,
2026-09-06T12:21:00,2026-09-06T17:21:00.029Z,OPEN,25,40,50,2,api,
2026-09-06T12:22:00,2026-09-06T17:22:00.027Z,OPEN,22,35,45,2,api,
2026-09-06T12:23:00,2026-09-06T17:23:00.005Z,OPEN,22,35,45,2,api,
2026-09-06T12:24:00,2026-09-06T17:24:00.028Z,OPEN,22,35,45,2,api,
2026-09-06T12:25:00,2026-09-06T17:25:00.028Z,OPEN,22,35,45,2,api,
2026-09-06T12:26:00,2026-09-06T17:26:00.026Z,OPEN,22,35,45,2,api,
2026-09-06T12:27:00,2026-09-06T17:27:00.002Z,OPEN,22,35,45,2,api,
2026-09-06T12:28:00,2026-09-06T17:28:00.029Z,OPEN,23,35,45,2,api,
2026-09-06T12:29:00,2026-09-06T17:29:00.000Z,OPEN,24,40,50,2,api,
2026-09-06T12:30:00,2026-09-06T17:30:00.022Z,OPEN,22,35,45,2,api,
2026-09-06T12:31:00,2026-09-06T17:31:00.028Z,OPEN,20,35,45,2,api,
2026-09-06T12:32:00,2026-09-06T17:32:00.028Z,OPEN,19,30,40,2,api,
2026-09-06T12:33:00,2026-09-06T17:33:00.029Z,OPEN,19,30,40,2,api,
2026-09-06T12:34:00,2026-09-06T17:34:00.029Z,OPEN,18,30,40,2,api,
2026-09-06T12:35:00,2026-09-06T17:35:00.012Z,OPEN,17,30,40,2,api,
2026-09-06T12:36:00,2026-09-06T17:36:00.028Z,OPEN,15,25,35,2,api,
2026-09-06T12:37:00,2026-09-06T17:37:00.005Z,OPEN,16,25,35,2,api,
2026-09-06T12:38:00,2026-09-06T17:38:00.028Z,OPEN,17,30,40,2,api,
2026-09-06T12:39:00,2026-09-06T17:39:00.028Z,OPEN,16,25,35,2,api,
2026-09-06T12:40:00,2026-09-06T17:40:00.015Z,OPEN,16,25,35,2,api,
2026-09-06T12:41:00,2026-09-06T17:41:00.024Z,OPEN,15,25,35,2,api,
2026-09-06T12:42:00,2026-09-06T17:42:00.027Z,OPEN,13,25,35,2,api,
2026-09-06T12:43:00,2026-09-06T17:43:00.028Z,OPEN,14,25,35,2,api,
2026-09-06T12:44:00,2026-09-06T17:44:00.028Z,OPEN,13,25,35,2,api,
2026-09-06T12:45:00,2026-09-06T17:45:00.029Z,OPEN,12,20,30,2,api,
2026-09-06T12:46:00,2026-09-06T17:46:00.027Z,OPEN,13,25,35,2,api,
2026-09-06T12:47:00,2026-09-06T17:47:00.028Z,OPEN,12,20,30,2,api,
2026-09-06T12:48:00,2026-09-06T17:48:00.028Z,OPEN,11,20,30,2,api,
2026-09-06T12:49:00,2026-09-06T17:49:00.023Z,OPEN,11,20,30,2,api,
2026-09-06T12:50:00,2026-09-06T17:50:00.027Z,OPEN,9,15,25,2,api,
2026-09-06T12:51:00,2026-09-06T17:51:00.028Z,OPEN,9,15,25,2,api,
2026-09-06T12:52:00,2026-09-06T17:52:00.028Z,OPEN,9,15,25,2,api,
2026-09-06T12:53:00,2026-09-06T17:53:00.028Z,OPEN,8,15,25,2,api,
2026-09-06T12:54:00,2026-09-06T17:54:00.029Z,OPEN,8,15,25,2,api,
2026-09-06T12:55:00,2026-09-06T17:55:00.005Z,OPEN,7,15,25,2,api,
2026-09-06T12:56:00,2026-09-06T17:56:00.029Z,OPEN,7,15,25,2,api,
2026-09-06T12:57:00,2026-09-06T17:57:00.028Z,OPEN,4,10,20,2,api,
2026-09-06T12:58:00,2026-09-06T17:58:00.026Z,OPEN,4,10,20,2,api,
2026-09-06T12:59:00,2026-09-06T17:59:00.005Z,OPEN,4,10,20,2,api,
2026-09-06T13:00:00,2026-09-06T18:00:00.003Z,OPEN,4,10,20,2,api,
2026-09-06T13:01:00,2026-09-06T18:01:00.007Z,OPEN,2,10,20,2,api,
2026-09-06T13:02:00,2026-09-06T18:02:00.028Z,OPEN,2,10,20,2,api,
2026-09-06T13:03:00,2026-09-06T18:03:00.028Z,OPEN,2,10,20,2,api,
2026-09-06T13:04:00,2026-09-06T18:04:00.029Z,OPEN,2,10,20,2,api,
2026-09-06T13:05:00,2026-09-06T18:05:00.028Z,OPEN,1,5,15,2,api,
2026-09-06T13:06:00,2026-09-06T18:06:00.028Z,OPEN,1,5,15,2,api,
2026-09-06T13:07:00,2026-09-06T18:07:00.029Z,OPEN,1,5,15,2,api,
2026-09-06T13:08:00,2026-09-06T18:08:00.028Z,OPEN,1,5,15,2,api,
2026-09-06T13:09:00,2026-09-06T18:09:00.005Z,EMPTY_CLOSED,0,5,15,2,api,
2026-09-06T13:10:00,2026-09-06T18:10:00.005Z,EMPTY_CLOSED,0,5,15,2,api,
2026-09-06T13:11:00,2026-09-06T18:11:00.028Z,EMPTY_CLOSED,0,5,15,2,api,
2026-09-06T13:12:00,2026-09-06T18:12:00.013Z,EMPTY_CLOSED,0,5,15,2,api,
2026-09-06T13:13:00,2026-09-06T18:13:00.028Z,EMPTY_CLOSED,0,5,15,2,api,
2026-09-06T13:14:00,2026-09-06T18:14:00.027Z,EMPTY_CLOSED,0,5,15,2,api,
2026-09-06T13:15:00,2026-09-06T18:15:00.005Z,EMPTY_CLOSED,0,5,15,2,api,
2026-09-06T13:16:00,2026-09-06T18:16:00.028Z,EMPTY_CLOSED,0,5,15,2,api,
2026-09-06T13:17:00,2026-09-06T18:17:00.028Z,EMPTY_CLOSED,0,5,15,2,api,
2026-09-06T13:18:00,2026-09-06T18:18:00.022Z,EMPTY_CLOSED,0,5,15,2,api,
2026-09-06T13:19:00,2026-09-06T18:19:00.006Z,EMPTY_CLOSED,0,5,15,2,api,
2026-09-06T13:20:00,2026-09-06T18:20:00.029Z,EMPTY_CLOSED,0,5,15,2,api,
2026-09-06T13:21:00,2026-09-06T18:21:00.027Z,EMPTY_CLOSED,0,5,15,2,api,
2026-09-06T13:22:00,2026-09-06T18:22:00.027Z,OPEN,1,5,15,2,api,
2026-09-06T13:23:00,2026-09-06T18:23:00.005Z,OPEN,1,5,15,2,api,
2026-09-06T13:24:00,2026-09-06T18:24:00.029Z,OPEN,1,5,15,2,api,
2026-09-06T13:25:00,2026-09-06T18:25:00.028Z,OPEN,1,5,15,2,api,
2026-09-06T13:26:00,2026-09-06T18:26:00.026Z,OPEN,3,10,20,2,api,
2026-09-06T13:27:00,2026-09-06T18:27:00.027Z,OPEN,3,10,20,2,api,
2026-09-06T13:28:00,2026-09-06T18:28:00.028Z,OPEN,3,10,20,2,api,
2026-09-06T13:29:00,2026-09-06T18:29:00.005Z,OPEN,2,10,20,2,api,
2026-09-06T13:30:00,2026-09-06T18:30:00.000Z,EMPTY_CLOSED,0,5,15,2,api,
2026-09-06T13:31:00,2026-09-06T18:31:00.029Z,EMPTY_CLOSED,0,5,15,2,api,
2026-09-06T13:32:00,2026-09-06T18:32:00.028Z,EMPTY_CLOSED,0,5,15,2,api,
2026-09-06T13:33:00,2026-09-06T18:33:00.013Z,EMPTY_CLOSED,0,5,15,2,api,
2026-09-06T13:34:00,2026-09-06T18:34:00.029Z,EMPTY_CLOSED,0,5,15,2,api,
2026-09-06T13:35:00,2026-09-06T18:35:00.018Z,EMPTY_CLOSED,0,5,15,2,api,
2026-09-06T13:36:00,2026-09-06T18:36:00.005Z,EMPTY_CLOSED,0,5,15,2,api,
2026-09-06T13:37:00,2026-09-06T18:37:00.009Z,EMPTY_CLOSED,0,5,15,2,api,
2026-09-06T13:38:00,2026-09-06T18:38:00.021Z,EMPTY_CLOSED,0,5,15,2,api,
2026-09-06T13:39:00,2026-09-06T18:39:00.029Z,EMPTY_CLOSED,0,5,15,2,api,
2026-09-06T13:40:00,2026-09-06T18:40:00.029Z,EMPTY_CLOSED,0,5,15,2,api,
2026-09-06T13:41:00,2026-09-06T18:41:00.022Z,EMPTY_CLOSED,0,5,15,2,api,
2026-09-06T13:42:00,2026-09-06T18:42:00.026Z,EMPTY_CLOSED,0,5,15,2,api,
2026-09-06T13:43:00,2026-09-06T18:43:00.028Z,EMPTY_CLOSED,0,5,15,2,api,
2026-09-06T13:44:00,2026-09-06T18:44:00.028Z,EMPTY_CLOSED,0,5,15,2,api,
2026-09-06T13:45:00,2026-09-06T18:45:00.027Z,EMPTY_CLOSED,0,5,15,2,api,
2026-09-06T13:46:00,2026-09-06T18:46:00.029Z,EMPTY_CLOSED,0,5,15,2,api,
2026-09-06T13:47:00,2026-09-06T18:47:00.027Z,EMPTY_CLOSED,0,5,15,2,api,
2026-09-06T13:48:00,2026-09-06T18:48:00.029Z,EMPTY_CLOSED,0,5,15,2,api,
2026-09-06T13:49:00,2026-09-06T18:49:00.029Z,EMPTY_CLOSED,0,5,15,2,api,
2026-09-06T13:50:00,2026-09-06T18:50:00.028Z,EMPTY_CLOSED,0,5,15,2,api,
2026-09-06T13:51:00,2026-09-06T18:51:00.029Z,OPEN,1,5,15,2,api,
2026-09-06T13:52:00,2026-09-06T18:52:00.014Z,OPEN,1,5,15,2,api,
2026-09-06T13:53:00,2026-09-06T18:53:00.028Z,OPEN,1,5,15,2,api,
2026-09-06T13:54:00,2026-09-06T18:54:00.013Z,EMPTY_CLOSED,0,5,15,2,api,
2026-09-06T13:55:00,2026-09-06T18:55:00.028Z,EMPTY_CLOSED,0,5,15,2,api,
2026-09-06T13:56:00,2026-09-06T18:56:00.028Z,EMPTY_CLOSED,0,5,15,2,api,
2026-09-06T13:57:00,2026-09-06T18:57:00.028Z,EMPTY_CLOSED,0,5,15,2,api,
2026-09-06T13:58:00,2026-09-06T18:58:00.028Z,EMPTY_CLOSED,0,5,15,2,api,
2026-09-06T13:59:00,2026-09-06T18:59:00.004Z,EMPTY_CLOSED,0,5,15,2,api,
2026-09-06T14:00:11,2026-09-06T19:00:11.537Z,EMPTY_CLOSED,0,5,15,2,api,
2026-09-06T14:01:00,2026-09-06T19:01:00.004Z,EMPTY_CLOSED,0,5,15,2,api,
2026-09-06T14:02:00,2026-09-06T19:02:00.027Z,EMPTY_CLOSED,0,5,15,2,api,
2026-09-06T14:03:00,2026-09-06T19:03:00.019Z,EMPTY_CLOSED,0,5,15,2,api,
2026-09-06T14:04:00,2026-09-06T19:04:00.008Z,EMPTY_CLOSED,0,5,15,2,api,
2026-09-06T14:05:00,2026-09-06T19:05:00.028Z,EMPTY_CLOSED,0,5,15,2,api,
2026-09-06T14:06:00,2026-09-06T19:06:00.028Z,EMPTY_CLOSED,0,5,15,2,api,
2026-09-06T14:07:00,2026-09-06T19:07:00.024Z,EMPTY_CLOSED,0,5,15,2,api,
2026-09-06T14:08:00,2026-09-06T19:08:00.028Z,EMPTY_CLOSED,0,5,15,2,api,
2026-09-06T14:09:00,2026-09-06T19:09:00.024Z,EMPTY_CLOSED,0,5,15,2,api,
2026-09-06T14:10:00,2026-09-06T19:10:00.026Z,EMPTY_CLOSED,0,5,15,2,api,
2026-09-06T14:11:00,2026-09-06T19:11:00.028Z,EMPTY_CLOSED,0,5,15,2,api,
2026-09-06T14:12:00,2026-09-06T19:12:00.023Z,EMPTY_CLOSED,0,5,15,2,api,
2026-09-06T14:13:00,2026-09-06T19:13:00.027Z,EMPTY_CLOSED,0,5,15,2,api,
2026-09-06T14:14:00,2026-09-06T19:14:00.029Z,EMPTY_CLOSED,0,5,15,2,api,
2026-09-06T14:15:00,2026-09-06T19:15:00.024Z,EMPTY_CLOSED,0,5,15,2,api,
2026-09-06T14:16:00,2026-09-06T19:16:00.008Z,EMPTY_CLOSED,0,5,15,2,api,
2026-09-06T14:17:00,2026-09-06T19:17:00.029Z,EMPTY_CLOSED,0,5,15,2,api,
2026-09-06T14:18:00,2026-09-06T19:18:00.008Z,EMPTY_CLOSED,0,5,15,2,api,
2026-09-06T14:19:00,2026-09-06T19:19:00.013Z,EMPTY_CLOSED,0,5,15,2,api,
2026-09-06T14:20:00,2026-09-06T19:20:00.017Z,EMPTY_CLOSED,0,5,15,2,api,
2026-09-06T14:21:00,2026-09-06T19:21:00.029Z,EMPTY_CLOSED,0,5,15,2,api,
2026-09-06T14:22:00,2026-09-06T19:22:00.002Z,EMPTY_CLOSED,0,5,15,2,api,
2026-09-06T14:23:00,2026-09-06T19:23:00.006Z,EMPTY_CLOSED,0,5,15,2,api,
2026-09-06T14:24:00,2026-09-06T19:24:00.028Z,EMPTY_CLOSED,0,5,15,2,api,
2026-09-06T14:25:00,2026-09-06T19:25:00.028Z,EMPTY_CLOSED,0,5,15,2,api,
2026-09-06T14:26:00,2026-09-06T19:26:00.006Z,EMPTY_CLOSED,0,5,15,2,api,
2026-09-06T14:27:00,2026-09-06T19:27:00.028Z,EMPTY_CLOSED,0,5,15,2,api,
2026-09-06T14:28:00,2026-09-06T19:28:00.028Z,EMPTY_CLOSED,0,5,15,2,api,
2026-09-06T14:29:00,2026-09-06T19:29:00.028Z,EMPTY_CLOSED,0,5,15,2,api,
2026-09-06T14:30:00,2026-09-06T19:30:00.008Z,EMPTY_CLOSED,0,5,15,2,api,
2026-09-06T14:31:00,2026-09-06T19:31:00.012Z,EMPTY_CLOSED,0,5,15,2,api,
2026-09-06T14:32:00,2026-09-06T19:32:00.016Z,EMPTY_CLOSED,0,5,15,2,api,
2026-09-06T14:33:00,2026-09-06T19:33:00.002Z,EMPTY_CLOSED,0,5,15,2,api,
2026-09-06T14:34:00,2026-09-06T19:34:00.029Z,EMPTY_CLOSED,0,5,15,2,api,
2026-09-06T14:35:00,2026-09-06T19:35:00.028Z,EMPTY_CLOSED,0,5,15,2,api,
2026-09-06T14:36:00,2026-09-06T19:36:00.008Z,EMPTY_CLOSED,0,5,15,2,api,
2026-09-06T14:37:00,2026-09-06T19:37:00.028Z,EMPTY_CLOSED,0,5,15,2,api,
2026-09-06T14:38:00,2026-09-06T19:38:00.024Z,EMPTY_CLOSED,0,5,15,2,api,
2026-09-06T14:39:00,2026-09-06T19:39:00.027Z,EMPTY_CLOSED,0,5,15,2,api,
2026-09-06T14:40:00,2026-09-06T19:40:00.027Z,EMPTY_CLOSED,0,5,15,2,api,
2026-09-06T14:41:00,2026-09-06T19:41:00.024Z,EMPTY_CLOSED,0,5,15,2,api,
2026-09-06T14:42:00,2026-09-06T19:42:00.022Z,NO_MODULE,,,,,dom,waitlist module absent
2026-09-06T14:43:00,2026-09-06T19:43:00.005Z,NO_MODULE,,,,,dom,waitlist module absent
2026-09-06T14:44:00,2026-09-06T19:44:00.005Z,NO_MODULE,,,,,dom,waitlist module absent
2026-09-06T14:45:00,2026-09-06T19:45:00.005Z,EMPTY_CLOSED,0,5,15,2,api,
2026-09-06T14:46:00,2026-09-06T19:46:00.017Z,EMPTY_CLOSED,0,5,15,2,api,
2026-09-06T14:47:00,2026-09-06T19:47:00.027Z,NO_MODULE,,,,,dom,waitlist module absent
2026-09-06T14:48:00,2026-09-06T19:48:00.005Z,NO_MODULE,,,,,dom,waitlist module absent
2026-09-06T14:49:00,2026-09-06T19:49:00.004Z,NO_MODULE,,,,,dom,waitlist module absent
2026-09-06T14:50:00,2026-09-06T19:50:00.006Z,NO_MODULE,,,,,dom,waitlist module absent
2026-09-06T14:51:00,2026-09-06T19:51:00.004Z,NO_MODULE,,,,,dom,waitlist module absent
2026-09-06T14:52:00,2026-09-06T19:52:00.000Z,NO_MODULE,,,,,dom,waitlist module absent
2026-09-06T14:53:00,2026-09-06T19:53:00.004Z,NO_MODULE,,,,,dom,waitlist module absent
2026-09-06T14:54:00,2026-09-06T19:54:00.005Z,NO_MODULE,,,,,dom,waitlist module absent
2026-09-06T14:55:00,2026-09-06T19:55:00.006Z,NO_MODULE,,,,,dom,waitlist module absent
2026-09-06T14:55:59,2026-09-06T19:56:00.000Z,NO_MODULE,,,,,dom,waitlist module absent
2026-09-06T14:57:00,2026-09-06T19:57:00.004Z,NO_MODULE,,,,,dom,waitlist module absent
2026-09-06T14:58:00,2026-09-06T19:58:00.004Z,NO_MODULE,,,,,dom,waitlist module absent
2026-09-06T14:59:00,2026-09-06T19:59:00.005Z,NO_MODULE,,,,,dom,waitlist module absent
2026-09-06T15:00:00,2026-09-06T20:00:00.002Z,NO_MODULE,,,,,dom,waitlist module absent
2026-09-06T15:00:59,2026-09-06T20:01:00.000Z,NO_MODULE,,,,,dom,waitlist module absent
2026-09-06T15:02:00,2026-09-06T20:02:00.005Z,NO_MODULE,,,,,dom,waitlist module absent
2026-09-06T15:03:00,2026-09-06T20:03:00.006Z,NO_MODULE,,,,,dom,waitlist module absent
2026-09-06T15:04:00,2026-09-06T20:04:00.004Z,NO_MODULE,,,,,dom,waitlist module absent
2026-09-06T15:05:00,2026-09-06T20:05:00.004Z,NO_MODULE,,,,,dom,waitlist module absent
2026-09-06T15:06:00,2026-09-06T20:06:00.004Z,NO_MODULE,,,,,dom,waitlist module absent
2026-09-06T15:07:00,2026-09-06T20:07:00.006Z,NO_MODULE,,,,,dom,waitlist module absent
2026-09-06T15:08:00,2026-09-06T20:08:00.005Z,NO_MODULE,,,,,dom,waitlist module absent
2026-09-06T15:09:00,2026-09-06T20:09:00.005Z,NO_MODULE,,,,,dom,waitlist module absent
2026-09-06T15:10:00,2026-09-06T20:10:00.006Z,NO_MODULE,,,,,dom,waitlist module absent
2026-09-06T15:11:00,2026-09-06T20:11:00.006Z,NO_MODULE,,,,,dom,waitlist module absent
2026-09-06T15:12:00,2026-09-06T20:12:00.004Z,NO_MODULE,,,,,dom,waitlist module absent
2026-09-06T15:13:00,2026-09-06T20:13:00.005Z,NO_MODULE,,,,,dom,waitlist module absent
2026-09-06T15:14:00,2026-09-06T20:14:00.006Z,NO_MODULE,,,,,dom,waitlist module absent
2026-09-06T15:15:00,2026-09-06T20:15:00.004Z,NO_MODULE,,,,,dom,waitlist module absent
2026-09-06T15:16:00,2026-09-06T20:16:00.006Z,NO_MODULE,,,,,dom,waitlist module absent
2026-09-06T15:17:00,2026-09-06T20:17:00.004Z,NO_MODULE,,,,,dom,waitlist module absent
2026-09-06T15:18:00,2026-09-06T20:18:00.005Z,NO_MODULE,,,,,dom,waitlist module absent
2026-09-06T15:19:00,2026-09-06T20:19:00.004Z,NO_MODULE,,,,,dom,waitlist module absent
2026-09-06T15:20:00,2026-09-06T20:20:00.005Z,NO_MODULE,,,,,dom,waitlist module absent
2026-09-06T15:21:00,2026-09-06T20:21:00.006Z,NO_MODULE,,,,,dom,waitlist module absent
2026-09-06T15:22:00,2026-09-06T20:22:00.005Z,NO_MODULE,,,,,dom,waitlist module absent
2026-09-06T15:23:00,2026-09-06T20:23:00.004Z,NO_MODULE,,,,,dom,waitlist module absent
2026-09-06T15:24:00,2026-09-06T20:24:00.004Z,NO_MODULE,,,,,dom,waitlist module absent
2026-09-06T15:25:00,2026-09-06T20:25:00.004Z,NO_MODULE,,,,,dom,waitlist module absent
2026-09-06T15:26:00,2026-09-06T20:26:00.004Z,NO_MODULE,,,,,dom,waitlist module absent
2026-09-06T15:27:00,2026-09-06T20:27:00.005Z,NO_MODULE,,,,,dom,waitlist module absent
2026-09-06T15:28:00,2026-09-06T20:28:00.005Z,NO_MODULE,,,,,dom,waitlist module absent
2026-09-06T15:29:00,2026-09-06T20:29:00.004Z,NO_MODULE,,,,,dom,waitlist module absent
2026-09-07T06:00:05,2026-09-07T11:00:05.668Z,NO_MODULE,,,,,dom,waitlist module absent
2026-09-07T06:01:00,2026-09-07T11:01:00.004Z,NO_MODULE,,,,,dom,waitlist module absent
2026-09-07T06:02:00,2026-09-07T11:02:00.005Z,NO_MODULE,,,,,dom,waitlist module absent
2026-09-07T06:03:00,2026-09-07T11:03:00.005Z,NO_MODULE,,,,,dom,waitlist module absent
2026-09-07T06:04:00,2026-09-07T11:04:00.006Z,NO_MODULE,,,,,dom,waitlist module absent
2026-09-07T06:05:00,2026-09-07T11:05:00.005Z,NO_MODULE,,,,,dom,waitlist module absent
2026-09-07T06:06:00,2026-09-07T11:06:00.005Z,NO_MODULE,,,,,dom,waitlist module absent
2026-09-07T06:07:00,2026-09-07T11:07:00.005Z,NO_MODULE,,,,,dom,waitlist module absent
2026-09-07T06:08:00,2026-09-07T11:08:00.005Z,NO_MODULE,,,,,dom,waitlist module absent
2026-09-07T06:09:00,2026-09-07T11:09:00.005Z,NO_MODULE,,,,,dom,waitlist module absent
2026-09-07T06:10:00,2026-09-07T11:10:00.005Z,NO_MODULE,,,,,dom,waitlist module absent
2026-09-07T06:11:00,2026-09-07T11:11:00.000Z,NO_MODULE,,,,,dom,waitlist module absent
2026-09-07T06:12:00,2026-09-07T11:12:00.005Z,NO_MODULE,,,,,dom,waitlist module absent
2026-09-07T06:13:00,2026-09-07T11:13:00.004Z,NO_MODULE,,,,,dom,waitlist module absent
2026-09-07T06:14:00,2026-09-07T11:14:00.005Z,NO_MODULE,,,,,dom,waitlist module absent
2026-09-07T06:15:00,2026-09-07T11:15:00.005Z,NO_MODULE,,,,,dom,waitlist module absent
2026-09-07T06:16:00,2026-09-07T11:16:00.005Z,NO_MODULE,,,,,dom,waitlist module absent
2026-09-07T06:17:00,2026-09-07T11:17:00.005Z,NO_MODULE,,,,,dom,waitlist module absent
2026-09-07T06:18:00,2026-09-07T11:18:00.004Z,NO_MODULE,,,,,dom,waitlist module absent
2026-09-07T06:19:00,2026-09-07T11:19:00.005Z,NO_MODULE,,,,,dom,waitlist module absent
2026-09-07T06:20:00,2026-09-07T11:20:00.005Z,NO_MODULE,,,,,dom,waitlist module absent
2026-09-07T06:21:00,2026-09-07T11:21:00.005Z,NO_MODULE,,,,,dom,waitlist module absent
2026-09-07T06:22:00,2026-09-07T11:22:00.005Z,NO_MODULE,,,,,dom,waitlist module absent
2026-09-07T06:23:00,2026-09-07T11:23:00.004Z,NO_MODULE,,,,,dom,waitlist module absent
2026-09-07T06:24:00,2026-09-07T11:24:00.004Z,NO_MODULE,,,,,dom,waitlist module absent
2026-09-07T06:25:00,2026-09-07T11:25:00.005Z,NO_MODULE,,,,,dom,waitlist module absent
2026-09-07T06:26:00,2026-09-07T11:26:00.005Z,NO_MODULE,,,,,dom,waitlist module absent
2026-09-07T06:27:00,2026-09-07T11:27:00.005Z,NO_MODULE,,,,,dom,waitlist module absent
2026-09-07T06:28:00,2026-09-07T11:28:00.005Z,NO_MODULE,,,,,dom,waitlist module absent
2026-09-07T06:29:00,2026-09-07T11:29:00.005Z,NO_MODULE,,,,,dom,waitlist module absent
2026-09-07T06:30:00,2026-09-07T11:30:00.005Z,NO_MODULE,,,,,dom,waitlist module absent
2026-09-07T06:31:00,2026-09-07T11:31:00.004Z,NO_MODULE,,,,,dom,waitlist module absent
2026-09-07T06:32:00,2026-09-07T11:32:00.004Z,NO_MODULE,,,,,dom,waitlist module absent
2026-09-07T06:33:00,2026-09-07T11:33:00.005Z,NO_MODULE,,,,,dom,waitlist module absent
2026-09-07T06:34:00,2026-09-07T11:34:00.004Z,NO_MODULE,,,,,dom,waitlist module absent
2026-09-07T06:35:00,2026-09-07T11:35:00.004Z,NO_MODULE,,,,,dom,waitlist module absent
2026-09-07T06:36:00,2026-09-07T11:36:00.006Z,EMPTY_CLOSED,0,5,15,2,api,
2026-09-07T06:37:00,2026-09-07T11:37:00.028Z,EMPTY_CLOSED,0,5,15,2,api,
2026-09-07T06:38:00,2026-09-07T11:38:00.028Z,NO_MODULE,,,,,dom,waitlist module absent
2026-09-07T06:39:00,2026-09-07T11:39:00.004Z,EMPTY_CLOSED,0,5,15,2,api,
2026-09-07T06:40:00,2026-09-07T11:40:00.028Z,EMPTY_CLOSED,0,5,15,2,api,
2026-09-07T06:41:00,2026-09-07T11:41:00.029Z,EMPTY_CLOSED,0,5,15,2,api,
2026-09-07T06:42:00,2026-09-07T11:42:00.012Z,EMPTY_CLOSED,0,5,15,2,api,
2026-09-07T06:43:00,2026-09-07T11:43:00.029Z,EMPTY_CLOSED,0,5,15,2,api,
2026-09-07T06:44:00,2026-09-07T11:44:00.012Z,EMPTY_CLOSED,0,5,15,2,api,
2026-09-07T06:45:00,2026-09-07T11:45:00.005Z,EMPTY_CLOSED,0,5,15,2,api,
2026-09-07T06:46:00,2026-09-07T11:46:00.029Z,EMPTY_CLOSED,0,5,15,2,api,
2026-09-07T06:47:00,2026-09-07T11:47:00.029Z,EMPTY_CLOSED,0,5,15,2,api,
2026-09-07T06:48:00,2026-09-07T11:48:00.028Z,EMPTY_CLOSED,0,5,15,2,api,
2026-09-07T06:49:00,2026-09-07T11:49:00.028Z,EMPTY_CLOSED,0,5,15,2,api,
2026-09-07T06:50:00,2026-09-07T11:50:00.012Z,EMPTY_CLOSED,0,5,15,2,api,
2026-09-07T06:51:00,2026-09-07T11:51:00.028Z,EMPTY_CLOSED,0,5,15,2,api,
2026-09-07T06:52:00,2026-09-07T11:52:00.026Z,EMPTY_CLOSED,0,5,15,2,api,
2026-09-07T06:53:00,2026-09-07T11:53:00.027Z,EMPTY_CLOSED,0,5,15,2,api,
2026-09-07T06:54:00,2026-09-07T11:54:00.012Z,EMPTY_CLOSED,0,5,15,2,api,
2026-09-07T06:55:00,2026-09-07T11:55:00.029Z,EMPTY_CLOSED,0,5,15,2,api,
2026-09-07T06:56:00,2026-09-07T11:56:00.029Z,EMPTY_CLOSED,0,5,15,2,api,
2026-09-07T06:57:00,2026-09-07T11:57:00.029Z,EMPTY_CLOSED,0,5,15,2,api,
2026-09-07T06:58:00,2026-09-07T11:58:00.027Z,EMPTY_CLOSED,0,5,15,2,api,
2026-09-07T06:59:00,2026-09-07T11:59:00.029Z,EMPTY_CLOSED,0,5,15,2,api,
2026-09-07T07:00:00,2026-09-07T12:00:00.027Z,EMPTY_CLOSED,0,5,15,2,api,
2026-09-07T07:01:00,2026-09-07T12:01:00.028Z,EMPTY_CLOSED,0,5,15,2,api,
2026-09-07T07:02:00,2026-09-07T12:02:00.028Z,EMPTY_CLOSED,0,5,15,2,api,
2026-09-07T07:03:00,2026-09-07T12:03:00.028Z,EMPTY_CLOSED,0,5,15,2,api,
2026-09-07T07:04:00,2026-09-07T12:04:00.028Z,EMPTY_CLOSED,0,5,15,2,api,
2026-09-07T07:05:00,2026-09-07T12:05:00.028Z,EMPTY_CLOSED,0,5,15,2,api,
2026-09-07T07:06:00,2026-09-07T12:06:00.028Z,EMPTY_CLOSED,0,5,15,2,api,
2026-09-07T07:07:00,2026-09-07T12:07:00.028Z,EMPTY_CLOSED,0,5,15,2,api,
2026-09-07T07:08:00,2026-09-07T12:08:00.029Z,EMPTY_CLOSED,0,5,15,2,api,
2026-09-07T07:09:00,2026-09-07T12:09:00.005Z,EMPTY_CLOSED,0,5,15,2,api,
2026-09-07T07:10:00,2026-09-07T12:10:00.028Z,EMPTY_CLOSED,0,5,15,2,api,
2026-09-07T07:11:00,2026-09-07T12:11:00.029Z,EMPTY_CLOSED,0,5,15,2,api,
2026-09-07T07:12:00,2026-09-07T12:12:00.029Z,EMPTY_CLOSED,0,5,15,2,api,
2026-09-07T07:13:00,2026-09-07T12:13:00.028Z,EMPTY_CLOSED,0,5,15,2,api,
2026-09-07T07:14:00,2026-09-07T12:14:00.001Z,EMPTY_CLOSED,0,5,15,2,api,
2026-09-07T07:15:00,2026-09-07T12:15:00.005Z,EMPTY_CLOSED,0,5,15,2,api,
2026-09-07T07:16:00,2026-09-07T12:16:00.012Z,EMPTY_CLOSED,0,5,15,2,api,
2026-09-07T07:17:00,2026-09-07T12:17:00.028Z,EMPTY_CLOSED,0,5,15,2,api,
2026-09-07T07:18:00,2026-09-07T12:18:00.013Z,EMPTY_CLOSED,0,5,15,2,api,
2026-09-07T07:19:00,2026-09-07T12:19:00.017Z,EMPTY_CLOSED,0,5,15,2,api,
2026-09-07T07:20:00,2026-09-07T12:20:00.028Z,EMPTY_CLOSED,0,5,15,2,api,
2026-09-07T07:21:00,2026-09-07T12:21:00.029Z,EMPTY_CLOSED,0,5,15,2,api,
2026-09-07T07:22:00,2026-09-07T12:22:00.028Z,EMPTY_CLOSED,0,5,15,2,api,
2026-09-07T07:23:00,2026-09-07T12:23:00.021Z,EMPTY_CLOSED,0,5,15,2,api,
2026-09-07T07:24:00,2026-09-07T12:24:00.012Z,EMPTY_CLOSED,0,5,15,2,api,
2026-09-07T07:25:00,2026-09-07T12:25:00.017Z,EMPTY_CLOSED,0,5,15,2,api,
2026-09-07T07:26:00,2026-09-07T12:26:00.028Z,EMPTY_CLOSED,0,5,15,2,api,
2026-09-07T07:27:00,2026-09-07T12:27:00.029Z,EMPTY_CLOSED,0,5,15,2,api,
2026-09-07T07:28:00,2026-09-07T12:28:00.012Z,EMPTY_CLOSED,0,5,15,2,api,
2026-09-07T07:29:00,2026-09-07T12:29:00.028Z,EMPTY_CLOSED,0,5,15,2,api,
2026-09-07T07:30:00,2026-09-07T12:30:00.012Z,EMPTY_CLOSED,0,5,15,2,api,
2026-09-07T07:31:00,2026-09-07T12:31:00.012Z,EMPTY_CLOSED,0,5,15,2,api,
2026-09-07T07:32:00,2026-09-07T12:32:00.028Z,EMPTY_CLOSED,0,5,15,2,api,
2026-09-07T07:33:00,2026-09-07T12:33:00.027Z,EMPTY_CLOSED,0,5,15,2,api,
2026-09-07T07:34:00,2026-09-07T12:34:00.012Z,EMPTY_CLOSED,0,5,15,2,api,
2026-09-07T07:35:00,2026-09-07T12:35:00.016Z,EMPTY_CLOSED,0,5,15,2,api,
2026-09-07T07:36:00,2026-09-07T12:36:00.028Z,EMPTY_CLOSED,0,5,15,2,api,
2026-09-07T07:37:00,2026-09-07T12:37:00.012Z,EMPTY_CLOSED,0,5,15,2,api,
2026-09-07T07:38:00,2026-09-07T12:38:00.012Z,EMPTY_CLOSED,0,5,15,2,api,
2026-09-07T07:39:00,2026-09-07T12:39:00.028Z,EMPTY_CLOSED,0,5,15,2,api,
2026-09-07T07:40:00,2026-09-07T12:40:00.012Z,EMPTY_CLOSED,0,5,15,2,api,
2026-09-07T07:41:00,2026-09-07T12:41:00.029Z,EMPTY_CLOSED,0,5,15,2,api,
2026-09-07T07:42:00,2026-09-07T12:42:00.029Z,EMPTY_CLOSED,0,5,15,2,api,
2026-09-07T07:43:00,2026-09-07T12:43:00.028Z,EMPTY_CLOSED,0,5,15,2,api,
2026-09-07T07:44:00,2026-09-07T12:44:00.028Z,EMPTY_CLOSED,0,5,15,2,api,
2026-09-07T07:45:00,2026-09-07T12:45:00.029Z,EMPTY_CLOSED,0,5,15,2,api,
2026-09-07T07:46:00,2026-09-07T12:46:00.028Z,EMPTY_CLOSED,0,5,15,2,api,
2026-09-07T07:47:00,2026-09-07T12:47:00.004Z,EMPTY_CLOSED,0,5,15,2,api,
2026-09-07T07:48:00,2026-09-07T12:48:00.028Z,EMPTY_CLOSED,0,5,15,2,api,
2026-09-07T07:49:00,2026-09-07T12:49:00.029Z,EMPTY_CLOSED,0,5,15,2,api,
2026-09-07T07:50:00,2026-09-07T12:50:00.015Z,EMPTY_CLOSED,0,5,15,2,api,
2026-09-07T07:51:00,2026-09-07T12:51:00.020Z,EMPTY_CLOSED,0,5,15,2,api,
2026-09-07T07:52:00,2026-09-07T12:52:00.023Z,EMPTY_CLOSED,0,5,15,2,api,
2026-09-07T07:53:00,2026-09-07T12:53:00.027Z,EMPTY_CLOSED,0,5,15,2,api,
2026-09-07T07:54:00,2026-09-07T12:54:00.012Z,EMPTY_CLOSED,0,5,15,2,api,
2026-09-07T07:55:00,2026-09-07T12:55:00.029Z,EMPTY_CLOSED,0,5,15,2,api,
2026-09-07T07:56:00,2026-09-07T12:56:00.012Z,EMPTY_CLOSED,0,5,15,2,api,
2026-09-07T07:57:00,2026-09-07T12:57:00.029Z,EMPTY_CLOSED,0,5,15,2,api,
2026-09-07T07:58:00,2026-09-07T12:58:00.010Z,EMPTY_CLOSED,0,5,15,2,api,
2026-09-07T07:59:00,2026-09-07T12:59:00.028Z,EMPTY_CLOSED,0,5,15,2,api,
2026-09-07T08:00:00,2026-09-07T13:00:00.029Z,EMPTY_CLOSED,0,5,15,2,api,
2026-09-07T08:01:00,2026-09-07T13:01:00.028Z,EMPTY_CLOSED,0,5,15,2,api,
2026-09-07T08:02:00,2026-09-07T13:02:00.028Z,EMPTY_CLOSED,0,5,15,2,api,
2026-09-07T08:03:00,2026-09-07T13:03:00.029Z,EMPTY_CLOSED,0,5,15,2,api,
2026-09-07T08:04:00,2026-09-07T13:04:00.029Z,EMPTY_CLOSED,0,5,15,2,api,
2026-09-07T08:05:00,2026-09-07T13:05:00.028Z,EMPTY_CLOSED,0,5,15,2,api,
2026-09-07T08:06:00,2026-09-07T13:06:00.029Z,EMPTY_CLOSED,0,5,15,2,api,
2026-09-07T08:07:00,2026-09-07T13:07:00.029Z,EMPTY_CLOSED,0,5,15,2,api,
2026-09-07T08:08:00,2026-09-07T13:08:00.029Z,EMPTY_CLOSED,0,5,15,2,api,
2026-09-07T08:09:00,2026-09-07T13:09:00.028Z,EMPTY_CLOSED,0,5,15,2,api,
2026-09-07T08:10:00,2026-09-07T13:10:00.012Z,EMPTY_CLOSED,0,5,15,2,api,
2026-09-07T08:11:00,2026-09-07T13:11:00.018Z,EMPTY_CLOSED,0,5,15,2,api,
2026-09-07T08:12:00,2026-09-07T13:12:00.021Z,EMPTY_CLOSED,0,5,15,2,api,
2026-09-07T08:13:00,2026-09-07T13:13:00.029Z,EMPTY_CLOSED,0,5,15,2,api,
2026-09-07T08:14:00,2026-09-07T13:14:00.029Z,EMPTY_CLOSED,0,5,15,2,api,
2026-09-07T08:15:00,2026-09-07T13:15:00.016Z,EMPTY_CLOSED,0,5,15,2,api,
2026-09-07T08:16:00,2026-09-07T13:16:00.016Z,EMPTY_CLOSED,0,5,15,2,api,
2026-09-07T08:17:00,2026-09-07T13:17:00.029Z,EMPTY_CLOSED,0,5,15,2,api,
2026-09-07T08:18:00,2026-09-07T13:18:00.029Z,EMPTY_CLOSED,0,5,15,2,api,
2026-09-07T08:19:00,2026-09-07T13:19:00.029Z,EMPTY_CLOSED,0,5,15,2,api,
2026-09-07T08:20:00,2026-09-07T13:20:00.029Z,EMPTY_CLOSED,0,5,15,2,api,
2026-09-07T08:21:00,2026-09-07T13:21:00.015Z,EMPTY_CLOSED,0,5,15,2,api,
2026-09-07T08:22:00,2026-09-07T13:22:00.026Z,EMPTY_CLOSED,0,5,15,2,api,
2026-09-07T08:23:00,2026-09-07T13:23:00.012Z,EMPTY_CLOSED,0,5,15,2,api,
2026-09-07T08:24:00,2026-09-07T13:24:00.029Z,EMPTY_CLOSED,0,5,15,2,api,
2026-09-07T08:25:00,2026-09-07T13:25:00.028Z,EMPTY_CLOSED,0,5,15,2,api,
2026-09-07T08:26:00,2026-09-07T13:26:00.012Z,EMPTY_CLOSED,0,5,15,2,api,
2026-09-07T08:27:00,2026-09-07T13:27:00.028Z,EMPTY_CLOSED,0,5,15,2,api,
2026-09-07T08:28:00,2026-09-07T13:28:00.012Z,EMPTY_CLOSED,0,5,15,2,api,
2026-09-07T08:29:00,2026-09-07T13:29:00.028Z,EMPTY_CLOSED,0,5,15,2,api,
2026-09-07T08:30:00,2026-09-07T13:30:00.012Z,EMPTY_CLOSED,0,5,15,2,api,
2026-09-07T08:31:00,2026-09-07T13:31:00.012Z,EMPTY_CLOSED,0,5,15,2,api,
2026-09-07T08:32:00,2026-09-07T13:32:00.012Z,EMPTY_CLOSED,0,5,15,2,api,
2026-09-07T08:33:00,2026-09-07T13:33:00.029Z,EMPTY_CLOSED,0,5,15,2,api,
2026-09-07T08:34:00,2026-09-07T13:34:00.012Z,EMPTY_CLOSED,0,5,15,2,api,
2026-09-07T08:35:00,2026-09-07T13:35:00.028Z,EMPTY_CLOSED,0,5,15,2,api,
2026-09-07T08:36:00,2026-09-07T13:36:00.012Z,EMPTY_CLOSED,0,5,15,2,api,
2026-09-07T08:37:00,2026-09-07T13:37:00.029Z,EMPTY_CLOSED,0,5,15,2,api,
2026-09-07T08:38:00,2026-09-07T13:38:00.028Z,EMPTY_CLOSED,0,5,15,2,api,
2026-09-07T08:39:00,2026-09-07T13:39:00.029Z,EMPTY_CLOSED,0,5,15,2,api,
2026-09-07T08:40:00,2026-09-07T13:40:00.028Z,EMPTY_CLOSED,0,5,15,2,api,
2026-09-07T08:41:00,2026-09-07T13:41:00.003Z,EMPTY_CLOSED,0,5,15,2,api,
2026-09-07T08:42:00,2026-09-07T13:42:00.029Z,EMPTY_CLOSED,0,5,15,2,api,
2026-09-07T08:43:00,2026-09-07T13:43:00.029Z,EMPTY_CLOSED,0,5,15,2,api,
2026-09-07T08:44:00,2026-09-07T13:44:00.012Z,EMPTY_CLOSED,0,5,15,2,api,
2026-09-07T08:45:00,2026-09-07T13:45:00.016Z,EMPTY_CLOSED,0,5,15,2,api,
2026-09-07T08:46:00,2026-09-07T13:46:00.021Z,EMPTY_CLOSED,0,5,15,2,api,
2026-09-07T08:47:00,2026-09-07T13:47:00.029Z,EMPTY_CLOSED,0,5,15,2,api,
2026-09-07T08:48:00,2026-09-07T13:48:00.029Z,EMPTY_CLOSED,0,5,15,2,api,
2026-09-07T08:49:00,2026-09-07T13:49:00.012Z,EMPTY_CLOSED,0,5,15,2,api,
2026-09-07T08:50:00,2026-09-07T13:50:00.012Z,OPEN,1,5,15,2,api,
2026-09-07T08:51:00,2026-09-07T13:51:00.016Z,OPEN,1,5,15,2,api,
2026-09-07T08:52:00,2026-09-07T13:52:00.020Z,OPEN,2,10,20,2,api,
2026-09-07T08:53:00,2026-09-07T13:53:00.028Z,OPEN,3,10,20,2,api,
2026-09-07T08:54:00,2026-09-07T13:54:00.029Z,OPEN,4,10,20,2,api,
2026-09-07T08:55:00,2026-09-07T13:55:00.029Z,OPEN,7,15,25,2,api,
2026-09-07T08:56:00,2026-09-07T13:56:00.004Z,OPEN,10,20,30,2,api,
2026-09-07T08:57:00,2026-09-07T13:57:00.002Z,OPEN,11,20,30,2,api,
2026-09-07T08:58:00,2026-09-07T13:58:00.006Z,OPEN,11,20,30,2,api,
2026-09-07T08:59:00,2026-09-07T13:59:00.010Z,OPEN,12,20,30,2,api,
2026-09-07T09:00:00,2026-09-07T14:00:00.029Z,OPEN,11,20,30,2,api,
2026-09-07T09:01:00,2026-09-07T14:01:00.027Z,OPEN,14,25,35,2,api,
2026-09-07T09:02:00,2026-09-07T14:02:00.012Z,OPEN,13,25,35,2,api,
2026-09-07T09:03:00,2026-09-07T14:03:00.029Z,OPEN,13,25,35,2,api,
2026-09-07T09:04:00,2026-09-07T14:04:00.027Z,OPEN,14,25,35,2,api,
2026-09-07T09:05:00,2026-09-07T14:05:00.029Z,OPEN,12,20,30,2,api,
2026-09-07T09:06:00,2026-09-07T14:06:00.028Z,OPEN,14,25,35,2,api,
2026-09-07T09:07:00,2026-09-07T14:07:00.016Z,OPEN,15,25,35,2,api,
2026-09-07T09:08:00,2026-09-07T14:08:00.029Z,OPEN,14,25,35,2,api,
2026-09-07T09:09:00,2026-09-07T14:09:00.028Z,OPEN,18,30,40,2,api,
2026-09-07T09:10:00,2026-09-07T14:10:00.029Z,OPEN,19,30,40,2,api,
2026-09-07T09:11:00,2026-09-07T14:11:00.002Z,OPEN,18,30,40,2,api,
2026-09-07T09:12:00,2026-09-07T14:12:00.029Z,OPEN,19,30,40,2,api,
2026-09-07T09:13:00,2026-09-07T14:13:00.028Z,OPEN,17,30,40,2,api,
2026-09-07T09:14:00,2026-09-07T14:14:00.029Z,OPEN,16,25,35,2,api,
2026-09-07T09:15:00,2026-09-07T14:15:00.012Z,OPEN,15,25,35,2,api,
2026-09-07T09:16:00,2026-09-07T14:16:00.004Z,OPEN,16,25,35,2,api,
2026-09-07T09:17:00,2026-09-07T14:17:00.027Z,OPEN,19,30,40,2,api,
2026-09-07T09:18:00,2026-09-07T14:18:00.028Z,OPEN,21,35,45,2,api,
2026-09-07T09:19:00,2026-09-07T14:19:00.028Z,OPEN,23,35,45,2,api,
2026-09-07T09:20:00,2026-09-07T14:20:00.029Z,OPEN,23,35,45,2,api,
2026-09-07T09:21:00,2026-09-07T14:21:00.028Z,OPEN,24,40,50,2,api,
2026-09-07T09:22:00,2026-09-07T14:22:00.027Z,OPEN,24,40,50,2,api,
2026-09-07T09:23:00,2026-09-07T14:23:00.028Z,OPEN,24,40,50,2,api,
2026-09-07T09:24:00,2026-09-07T14:24:00.012Z,OPEN,28,45,55,2,api,
2026-09-07T09:25:00,2026-09-07T14:25:00.016Z,OPEN,26,40,50,2,api,
2026-09-07T09:26:00,2026-09-07T14:26:00.029Z,OPEN,24,40,50,2,api,
2026-09-07T09:27:00,2026-09-07T14:27:00.029Z,OPEN,26,40,50,2,api,
2026-09-07T09:28:00,2026-09-07T14:28:00.017Z,OPEN,27,40,50,2,api,
2026-09-07T09:29:00,2026-09-07T14:29:00.021Z,OPEN,28,45,55,2,api,
2026-09-07T09:30:13,2026-09-07T14:30:13.501Z,OPEN,28,45,55,2,api,
2026-09-07T09:31:00,2026-09-07T14:31:00.007Z,OPEN,28,45,55,2,api,
2026-09-07T09:32:00,2026-09-07T14:32:00.044Z,OPEN,28,45,55,2,api,
2026-09-07T09:33:00,2026-09-07T14:33:00.044Z,OPEN,26,40,50,2,api,
2026-09-07T09:34:00,2026-09-07T14:34:00.021Z,OPEN,27,40,50,2,api,
2026-09-07T09:35:00,2026-09-07T14:35:00.001Z,OPEN,28,45,55,2,api,
2026-09-07T09:36:00,2026-09-07T14:36:00.028Z,OPEN,31,50,60,2,api,
2026-09-07T09:37:00,2026-09-07T14:37:00.043Z,OPEN,29,45,55,2,api,
2026-09-07T09:38:00,2026-09-07T14:38:00.044Z,OPEN,30,45,55,2,api,
2026-09-07T09:39:00,2026-09-07T14:39:00.016Z,OPEN,34,50,60,2,api,
2026-09-07T09:40:00,2026-09-07T14:40:00.043Z,OPEN,35,55,65,2,api,
2026-09-07T09:41:00,2026-09-07T14:41:00.044Z,OPEN,35,55,65,2,api,
2026-09-07T09:42:00,2026-09-07T14:42:00.044Z,OPEN,34,50,60,2,api,
2026-09-07T09:43:00,2026-09-07T14:43:00.041Z,OPEN,36,55,65,2,api,
2026-09-07T09:44:00,2026-09-07T14:44:00.044Z,OPEN,36,55,65,2,api,
2026-09-07T09:45:00,2026-09-07T14:45:00.044Z,OPEN,36,55,65,2,api,
2026-09-07T09:46:00,2026-09-07T14:46:00.020Z,OPEN,38,55,70,2,api,
2026-09-07T09:47:00,2026-09-07T14:47:00.037Z,OPEN,42,60,75,2,api,
2026-09-07T09:48:00,2026-09-07T14:48:00.044Z,OPEN,41,55,70,2,api,
2026-09-07T09:49:00,2026-09-07T14:49:00.028Z,OPEN,39,55,70,2,api,
2026-09-07T09:50:00,2026-09-07T14:50:00.043Z,OPEN,40,55,70,2,api,
2026-09-07T09:51:00,2026-09-07T14:51:00.044Z,OPEN,40,55,70,2,api,
2026-09-07T09:52:00,2026-09-07T14:52:00.045Z,OPEN,40,55,70,2,api,
2026-09-07T09:53:00,2026-09-07T14:53:00.044Z,OPEN,40,55,70,2,api,
2026-09-07T09:54:00,2026-09-07T14:54:00.044Z,OPEN,40,55,70,2,api,
2026-09-07T09:55:00,2026-09-07T14:55:00.030Z,OPEN,42,60,75,2,api,
2026-09-07T09:56:00,2026-09-07T14:56:00.034Z,OPEN,42,60,75,2,api,
2026-09-07T09:57:00,2026-09-07T14:57:00.045Z,OPEN,42,60,75,2,api,
2026-09-07T09:58:00,2026-09-07T14:58:00.044Z,OPEN,43,60,75,2,api,
2026-09-07T09:59:00,2026-09-07T14:59:00.044Z,OPEN,44,60,75,2,api,
2026-09-07T10:00:00,2026-09-07T15:00:00.012Z,OPEN,43,60,75,2,api,
2026-09-07T10:01:00,2026-09-07T15:01:00.044Z,OPEN,44,60,75,2,api,
2026-09-07T10:02:00,2026-09-07T15:02:00.012Z,OPEN,43,60,75,2,api,
2026-09-07T10:03:00,2026-09-07T15:03:00.044Z,OPEN,44,60,75,2,api,
2026-09-07T10:04:00,2026-09-07T15:04:00.012Z,OPEN,44,60,75,2,api,
2026-09-07T10:05:00,2026-09-07T15:05:00.041Z,OPEN,45,60,75,2,api,
2026-09-07T10:06:00,2026-09-07T15:06:00.043Z,OPEN,46,65,80,2,api,
2026-09-07T10:07:00,2026-09-07T15:07:00.044Z,OPEN,46,65,80,2,api,
2026-09-07T10:08:00,2026-09-07T15:08:00.044Z,OPEN,45,60,75,2,api,
2026-09-07T10:09:00,2026-09-07T15:09:00.044Z,OPEN,44,60,75,2,api,
2026-09-07T10:10:00,2026-09-07T15:10:00.002Z,OPEN,45,60,75,2,api,
2026-09-07T10:11:00,2026-09-07T15:11:00.043Z,OPEN,46,65,80,2,api,
2026-09-07T10:12:00,2026-09-07T15:12:00.043Z,OPEN,47,65,80,2,api,
2026-09-07T10:13:00,2026-09-07T15:13:00.011Z,OPEN,45,60,75,2,api,
2026-09-07T10:14:00,2026-09-07T15:14:00.015Z,OPEN,44,60,75,2,api,
2026-09-07T10:15:00,2026-09-07T15:15:00.043Z,OPEN,44,60,75,2,api,
2026-09-07T10:16:00,2026-09-07T15:16:00.020Z,OPEN,44,60,75,2,api,
2026-09-07T10:17:00,2026-09-07T15:17:00.044Z,OPEN,44,60,75,2,api,
2026-09-07T10:18:00,2026-09-07T15:18:00.012Z,OPEN,42,60,75,2,api,
2026-09-07T10:19:00,2026-09-07T15:19:00.043Z,OPEN,42,60,75,2,api,
2026-09-07T10:20:00,2026-09-07T15:20:00.043Z,OPEN,42,60,75,2,api,
2026-09-07T10:21:00,2026-09-07T15:21:00.043Z,OPEN,42,60,75,2,api,
2026-09-07T10:22:00,2026-09-07T15:22:00.035Z,OPEN,42,60,75,2,api,
2026-09-07T10:23:00,2026-09-07T15:23:00.044Z,OPEN,43,60,75,2,api,
2026-09-07T10:24:00,2026-09-07T15:24:00.004Z,OPEN,42,60,75,2,api,
2026-09-07T10:25:00,2026-09-07T15:25:00.035Z,OPEN,40,55,70,2,api,
2026-09-07T10:26:00,2026-09-07T15:26:00.043Z,OPEN,45,60,75,2,api,
2026-09-07T10:27:00,2026-09-07T15:27:00.043Z,OPEN,47,65,80,2,api,
2026-09-07T10:28:00,2026-09-07T15:28:00.043Z,OPEN,45,60,75,2,api,
2026-09-07T10:29:00,2026-09-07T15:29:00.043Z,OPEN,44,60,75,2,api,
2026-09-07T10:30:00,2026-09-07T15:30:00.038Z,OPEN,43,60,75,2,api,
2026-09-07T10:31:00,2026-09-07T15:31:00.008Z,OPEN,43,60,75,2,api,
2026-09-07T10:32:00,2026-09-07T15:32:00.043Z,OPEN,43,60,75,2,api,
2026-09-07T10:33:00,2026-09-07T15:33:00.043Z,OPEN,41,55,70,2,api,
2026-09-07T10:34:00,2026-09-07T15:34:00.012Z,OPEN,41,55,70,2,api,
2026-09-07T10:35:00,2026-09-07T15:35:00.016Z,OPEN,41,55,70,2,api,
2026-09-07T10:36:00,2026-09-07T15:36:00.019Z,OPEN,42,60,75,2,api,
2026-09-07T10:37:00,2026-09-07T15:37:00.044Z,OPEN,42,60,75,2,api,
2026-09-07T10:38:00,2026-09-07T15:38:00.012Z,OPEN,42,60,75,2,api,
2026-09-07T10:39:00,2026-09-07T15:39:00.012Z,OPEN,44,60,75,2,api,
2026-09-07T10:40:00,2026-09-07T15:40:00.044Z,OPEN,42,60,75,2,api,
2026-09-07T10:41:00,2026-09-07T15:41:00.028Z,OPEN,39,55,70,2,api,
2026-09-07T10:42:00,2026-09-07T15:42:00.010Z,OPEN,39,55,70,2,api,
2026-09-07T10:43:00,2026-09-07T15:43:00.030Z,OPEN,38,55,70,2,api,
2026-09-07T10:44:00,2026-09-07T15:44:00.045Z,OPEN,37,55,65,2,api,
2026-09-07T10:45:00,2026-09-07T15:45:00.044Z,OPEN,39,55,70,2,api,
2026-09-07T10:46:00,2026-09-07T15:46:00.044Z,OPEN,40,55,70,2,api,
2026-09-07T10:47:00,2026-09-07T15:47:00.044Z,OPEN,42,60,75,2,api,
2026-09-07T10:48:00,2026-09-07T15:48:00.044Z,OPEN,42,60,75,2,api,
2026-09-07T10:49:00,2026-09-07T15:49:00.043Z,OPEN,42,60,75,2,api,
2026-09-07T10:50:00,2026-09-07T15:50:00.043Z,OPEN,41,55,70,2,api,
2026-09-07T10:51:00,2026-09-07T15:51:00.044Z,OPEN,40,55,70,2,api,
2026-09-07T10:52:00,2026-09-07T15:52:00.012Z,OPEN,41,55,70,2,api,
2026-09-07T10:53:00,2026-09-07T15:53:00.044Z,OPEN,42,60,75,2,api,
2026-09-07T10:54:00,2026-09-07T15:54:00.012Z,OPEN,42,60,75,2,api,
2026-09-07T10:55:00,2026-09-07T15:55:00.044Z,OPEN,42,60,75,2,api,
2026-09-07T10:56:00,2026-09-07T15:56:00.044Z,OPEN,42,60,75,2,api,
2026-09-07T10:57:00,2026-09-07T15:57:00.044Z,OPEN,43,60,75,2,api,
2026-09-07T10:58:00,2026-09-07T15:58:00.020Z,OPEN,43,60,75,2,api,
2026-09-07T10:59:00,2026-09-07T15:59:00.044Z,OPEN,42,60,75,2,api,
2026-09-07T11:00:00,2026-09-07T16:00:00.012Z,OPEN,43,60,75,2,api,
2026-09-07T11:01:00,2026-09-07T16:01:00.020Z,OPEN,44,60,75,2,api,
2026-09-07T11:02:00,2026-09-07T16:02:00.023Z,OPEN,44,60,75,2,api,
2026-09-07T11:03:00,2026-09-07T16:03:00.043Z,OPEN,43,60,75,2,api,
2026-09-07T11:04:00,2026-09-07T16:04:00.043Z,OPEN,43,60,75,2,api,
2026-09-07T11:05:00,2026-09-07T16:05:00.004Z,OPEN,42,60,75,2,api,
2026-09-07T11:06:00,2026-09-07T16:06:00.044Z,OPEN,42,60,75,2,api,
2026-09-07T11:07:00,2026-09-07T16:07:00.043Z,OPEN,42,60,75,2,api,
2026-09-07T11:08:00,2026-09-07T16:08:00.012Z,OPEN,44,60,75,2,api,
2026-09-07T11:09:00,2026-09-07T16:09:00.044Z,OPEN,43,60,75,2,api,
2026-09-07T11:10:00,2026-09-07T16:10:00.044Z,OPEN,44,60,75,2,api,
2026-09-07T11:11:00,2026-09-07T16:11:00.044Z,OPEN,45,60,75,2,api,
2026-09-07T11:12:00,2026-09-07T16:12:00.008Z,OPEN,44,60,75,2,api,
2026-09-07T11:13:00,2026-09-07T16:13:00.044Z,OPEN,43,60,75,2,api,
2026-09-07T11:14:00,2026-09-07T16:14:00.044Z,OPEN,43,60,75,2,api,
2026-09-07T11:15:00,2026-09-07T16:15:00.042Z,OPEN,43,60,75,2,api,
2026-09-07T11:16:00,2026-09-07T16:16:00.012Z,OPEN,41,55,70,2,api,
2026-09-07T11:17:00,2026-09-07T16:17:00.044Z,OPEN,41,55,70,2,api,
2026-09-07T11:18:00,2026-09-07T16:18:00.012Z,OPEN,41,55,70,2,api,
2026-09-07T11:19:00,2026-09-07T16:19:00.020Z,OPEN,42,60,75,2,api,
2026-09-07T11:20:00,2026-09-07T16:20:00.028Z,OPEN,42,60,75,2,api,
2026-09-07T11:21:00,2026-09-07T16:21:00.031Z,OPEN,40,55,70,2,api,
2026-09-07T11:22:00,2026-09-07T16:22:00.044Z,OPEN,39,55,70,2,api,
2026-09-07T11:23:00,2026-09-07T16:23:00.024Z,OPEN,39,55,70,2,api,
2026-09-07T11:24:00,2026-09-07T16:24:00.031Z,OPEN,39,55,70,2,api,
2026-09-07T11:25:00,2026-09-07T16:25:00.044Z,OPEN,38,55,70,2,api,
2026-09-07T11:26:00,2026-09-07T16:26:00.042Z,OPEN,37,55,65,2,api,
2026-09-07T11:27:00,2026-09-07T16:27:00.044Z,OPEN,38,55,70,2,api,
2026-09-07T11:28:00,2026-09-07T16:28:00.044Z,OPEN,38,55,70,2,api,
2026-09-07T11:29:00,2026-09-07T16:29:00.022Z,OPEN,39,55,70,2,api,
2026-09-07T11:30:00,2026-09-07T16:30:00.044Z,OPEN,39,55,70,2,api,
2026-09-07T11:31:00,2026-09-07T16:31:00.044Z,OPEN,39,55,70,2,api,
2026-09-07T11:32:00,2026-09-07T16:32:00.012Z,OPEN,37,55,65,2,api,
2026-09-07T11:33:00,2026-09-07T16:33:00.015Z,OPEN,37,55,65,2,api,
2026-09-07T11:34:00,2026-09-07T16:34:00.012Z,OPEN,37,55,65,2,api,
2026-09-07T11:35:00,2026-09-07T16:35:00.027Z,OPEN,39,55,70,2,api,
2026-09-07T11:36:00,2026-09-07T16:36:00.043Z,OPEN,39,55,70,2,api,
2026-09-07T11:37:00,2026-09-07T16:37:00.044Z,OPEN,39,55,70,2,api,
2026-09-07T11:38:00,2026-09-07T16:38:00.036Z,OPEN,38,55,70,2,api,
2026-09-07T11:39:00,2026-09-07T16:39:00.043Z,OPEN,37,55,65,2,api,
2026-09-07T11:40:00,2026-09-07T16:40:00.035Z,OPEN,37,55,65,2,api,
2026-09-07T11:41:00,2026-09-07T16:41:00.039Z,OPEN,37,55,65,2,api,
2026-09-07T11:42:00,2026-09-07T16:42:00.044Z,OPEN,38,55,70,2,api,
2026-09-07T11:43:00,2026-09-07T16:43:00.036Z,OPEN,38,55,70,2,api,
2026-09-07T11:44:00,2026-09-07T16:44:00.033Z,OPEN,36,55,65,2,api,
2026-09-07T11:45:00,2026-09-07T16:45:00.043Z,OPEN,37,55,65,2,api,
2026-09-07T11:46:00,2026-09-07T16:46:00.028Z,OPEN,37,55,65,2,api,
2026-09-07T11:47:00,2026-09-07T16:47:00.037Z,OPEN,36,55,65,2,api,
2026-09-07T11:48:00,2026-09-07T16:48:00.010Z,OPEN,36,55,65,2,api,
2026-09-07T11:49:00,2026-09-07T16:49:00.029Z,OPEN,35,55,65,2,api,
2026-09-07T11:50:00,2026-09-07T16:50:00.043Z,OPEN,33,50,60,2,api,
2026-09-07T11:51:00,2026-09-07T16:51:00.043Z,OPEN,29,45,55,2,api,
2026-09-07T11:52:00,2026-09-07T16:52:00.002Z,OPEN,29,45,55,2,api,
2026-09-07T11:53:00,2026-09-07T16:53:00.005Z,OPEN,28,45,55,2,api,
2026-09-07T11:54:00,2026-09-07T16:54:00.043Z,OPEN,27,40,50,2,api,
2026-09-07T11:55:00,2026-09-07T16:55:00.045Z,OPEN,25,40,50,2,api,
2026-09-07T11:56:00,2026-09-07T16:56:00.044Z,OPEN,23,35,45,2,api,
2026-09-07T11:57:00,2026-09-07T16:57:00.001Z,OPEN,23,35,45,2,api,
2026-09-07T11:58:00,2026-09-07T16:58:00.025Z,OPEN,23,35,45,2,api,
2026-09-07T11:59:00,2026-09-07T16:59:00.044Z,OPEN,24,40,50,2,api,
2026-09-07T12:00:00,2026-09-07T17:00:00.036Z,OPEN,24,40,50,2,api,
2026-09-07T12:01:00,2026-09-07T17:01:00.020Z,OPEN,25,40,50,2,api,
2026-09-07T12:02:00,2026-09-07T17:02:00.040Z,OPEN,24,40,50,2,api,
2026-09-07T12:03:00,2026-09-07T17:03:00.043Z,OPEN,21,35,45,2,api,
2026-09-07T12:04:00,2026-09-07T17:04:00.013Z,OPEN,21,35,45,2,api,
2026-09-07T12:05:00,2026-09-07T17:05:00.044Z,OPEN,20,35,45,2,api,
2026-09-07T12:06:00,2026-09-07T17:06:00.044Z,OPEN,20,35,45,2,api,
2026-09-07T12:07:00,2026-09-07T17:07:00.024Z,OPEN,22,35,45,2,api,
2026-09-07T12:08:00,2026-09-07T17:08:00.044Z,OPEN,22,35,45,2,api,
2026-09-07T12:09:00,2026-09-07T17:09:00.044Z,OPEN,23,35,45,2,api,
2026-09-07T12:10:00,2026-09-07T17:10:00.012Z,NO_MODULE,,,,,dom,waitlist module absent
2026-09-07T12:11:00,2026-09-07T17:11:00.004Z,OPEN,21,35,45,2,api,
2026-09-07T12:12:00,2026-09-07T17:12:00.012Z,NO_MODULE,,,,,dom,waitlist module absent
2026-09-07T12:13:00,2026-09-07T17:13:00.004Z,NO_MODULE,,,,,dom,waitlist module absent
2026-09-07T12:14:00,2026-09-07T17:14:00.004Z,NO_MODULE,,,,,dom,waitlist module absent
2026-09-07T12:15:00,2026-09-07T17:15:00.004Z,NO_MODULE,,,,,dom,waitlist module absent
2026-09-07T12:16:00,2026-09-07T17:16:00.005Z,OPEN,16,25,35,2,api,
2026-09-07T12:17:00,2026-09-07T17:17:00.044Z,NO_MODULE,,,,,dom,waitlist module absent
2026-09-07T12:18:00,2026-09-07T17:18:00.005Z,NO_MODULE,,,,,dom,waitlist module absent
2026-09-07T12:19:00,2026-09-07T17:19:00.005Z,NO_MODULE,,,,,dom,waitlist module absent
2026-09-07T12:20:00,2026-09-07T17:20:00.004Z,OPEN,18,30,40,2,api,
2026-09-07T12:21:00,2026-09-07T17:21:00.044Z,NO_MODULE,,,,,dom,waitlist module absent
2026-09-07T12:22:00,2026-09-07T17:22:00.005Z,NO_MODULE,,,,,dom,waitlist module absent
2026-09-07T12:23:00,2026-09-07T17:23:00.005Z,NO_MODULE,,,,,dom,waitlist module absent
2026-09-07T12:24:00,2026-09-07T17:24:00.005Z,NO_MODULE,,,,,dom,waitlist module absent
2026-09-07T12:25:00,2026-09-07T17:25:00.005Z,NO_MODULE,,,,,dom,waitlist module absent
2026-09-07T12:26:00,2026-09-07T17:26:00.005Z,NO_MODULE,,,,,dom,waitlist module absent
2026-09-07T12:27:00,2026-09-07T17:27:00.005Z,NO_MODULE,,,,,dom,waitlist module absent
2026-09-07T12:28:00,2026-09-07T17:28:00.005Z,NO_MODULE,,,,,dom,waitlist module absent
2026-09-07T12:29:00,2026-09-07T17:29:00.005Z,NO_MODULE,,,,,dom,waitlist module absent
2026-09-07T12:30:00,2026-09-07T17:30:00.005Z,NO_MODULE,,,,,dom,waitlist module absent
2026-09-07T12:31:00,2026-09-07T17:31:00.006Z,NO_MODULE,,,,,dom,waitlist module absent
2026-09-07T12:32:00,2026-09-07T17:32:00.004Z,NO_MODULE,,,,,dom,waitlist module absent
2026-09-07T12:33:00,2026-09-07T17:33:00.005Z,NO_MODULE,,,,,dom,waitlist module absent
2026-09-07T12:34:00,2026-09-07T17:34:00.005Z,NO_MODULE,,,,,dom,waitlist module absent
2026-09-07T12:35:00,2026-09-07T17:35:00.005Z,NO_MODULE,,,,,dom,waitlist module absent
2026-09-07T12:36:00,2026-09-07T17:36:00.005Z,NO_MODULE,,,,,dom,waitlist module absent
2026-09-07T12:37:00,2026-09-07T17:37:00.005Z,NO_MODULE,,,,,dom,waitlist module absent
2026-09-07T12:38:00,2026-09-07T17:38:00.005Z,NO_MODULE,,,,,dom,waitlist module absent
2026-09-07T12:39:00,2026-09-07T17:39:00.005Z,NO_MODULE,,,,,dom,waitlist module absent
2026-09-07T12:40:00,2026-09-07T17:40:00.005Z,NO_MODULE,,,,,dom,waitlist module absent
2026-09-07T12:41:00,2026-09-07T17:41:00.004Z,NO_MODULE,,,,,dom,waitlist module absent
2026-09-07T12:42:00,2026-09-07T17:42:00.004Z,NO_MODULE,,,,,dom,waitlist module absent
2026-09-07T12:43:00,2026-09-07T17:43:00.004Z,NO_MODULE,,,,,dom,waitlist module absent
2026-09-07T12:44:00,2026-09-07T17:44:00.005Z,NO_MODULE,,,,,dom,waitlist module absent
2026-09-07T12:45:00,2026-09-07T17:45:00.005Z,NO_MODULE,,,,,dom,waitlist module absent
2026-09-07T12:46:00,2026-09-07T17:46:00.005Z,NO_MODULE,,,,,dom,waitlist module absent
2026-09-07T12:47:00,2026-09-07T17:47:00.005Z,NO_MODULE,,,,,dom,waitlist module absent
2026-09-07T12:48:00,2026-09-07T17:48:00.004Z,NO_MODULE,,,,,dom,waitlist module absent
2026-09-07T12:49:00,2026-09-07T17:49:00.004Z,NO_MODULE,,,,,dom,waitlist module absent
2026-09-07T12:50:00,2026-09-07T17:50:00.004Z,NO_MODULE,,,,,dom,waitlist module absent
2026-09-07T12:51:00,2026-09-07T17:51:00.005Z,NO_MODULE,,,,,dom,waitlist module absent
2026-09-07T12:52:00,2026-09-07T17:52:00.004Z,NO_MODULE,,,,,dom,waitlist module absent
2026-09-07T12:53:00,2026-09-07T17:53:00.004Z,NO_MODULE,,,,,dom,waitlist module absent
2026-09-07T12:54:00,2026-09-07T17:54:00.005Z,NO_MODULE,,,,,dom,waitlist module absent
2026-09-07T12:55:00,2026-09-07T17:55:00.005Z,NO_MODULE,,,,,dom,waitlist module absent
2026-09-07T12:56:00,2026-09-07T17:56:00.004Z,NO_MODULE,,,,,dom,waitlist module absent
2026-09-07T12:57:00,2026-09-07T17:57:00.004Z,NO_MODULE,,,,,dom,waitlist module absent
2026-09-07T12:58:00,2026-09-07T17:58:00.004Z,NO_MODULE,,,,,dom,waitlist module absent
2026-09-07T12:59:00,2026-09-07T17:59:00.004Z,NO_MODULE,,,,,dom,waitlist module absent
2026-09-07T13:00:00,2026-09-07T18:00:00.005Z,NO_MODULE,,,,,dom,waitlist module absent
2026-09-07T13:01:00,2026-09-07T18:01:00.005Z,NO_MODULE,,,,,dom,waitlist module absent
2026-09-07T13:02:00,2026-09-07T18:02:00.005Z,NO_MODULE,,,,,dom,waitlist module absent
2026-09-07T13:03:00,2026-09-07T18:03:00.005Z,NO_MODULE,,,,,dom,waitlist module absent
2026-09-07T13:04:00,2026-09-07T18:04:00.005Z,NO_MODULE,,,,,dom,waitlist module absent
2026-09-07T13:05:00,2026-09-07T18:05:00.005Z,NO_MODULE,,,,,dom,waitlist module absent
2026-09-07T13:06:00,2026-09-07T18:06:00.004Z,NO_MODULE,,,,,dom,waitlist module absent
2026-09-07T13:07:00,2026-09-07T18:07:00.005Z,NO_MODULE,,,,,dom,waitlist module absent
2026-09-07T13:08:00,2026-09-07T18:08:00.006Z,NO_MODULE,,,,,dom,waitlist module absent
2026-09-07T13:09:00,2026-09-07T18:09:00.005Z,NO_MODULE,,,,,dom,waitlist module absent
2026-09-07T13:10:00,2026-09-07T18:10:00.004Z,NO_MODULE,,,,,dom,waitlist module absent
2026-09-07T13:11:00,2026-09-07T18:11:00.005Z,NO_MODULE,,,,,dom,waitlist module absent
2026-09-07T13:12:00,2026-09-07T18:12:00.005Z,NO_MODULE,,,,,dom,waitlist module absent
2026-09-07T13:13:00,2026-09-07T18:13:00.005Z,NO_MODULE,,,,,dom,waitlist module absent
2026-09-07T13:14:00,2026-09-07T18:14:00.002Z,NO_MODULE,,,,,dom,waitlist module absent
2026-09-07T13:15:00,2026-09-07T18:15:00.005Z,NO_MODULE,,,,,dom,waitlist module absent
2026-09-07T13:16:00,2026-09-07T18:16:00.005Z,NO_MODULE,,,,,dom,waitlist module absent
2026-09-07T13:17:00,2026-09-07T18:17:00.005Z,NO_MODULE,,,,,dom,waitlist module absent
2026-09-07T13:18:00,2026-09-07T18:18:00.005Z,NO_MODULE,,,,,dom,waitlist module absent
2026-09-07T13:19:00,2026-09-07T18:19:00.005Z,NO_MODULE,,,,,dom,waitlist module absent
2026-09-07T13:20:00,2026-09-07T18:20:00.005Z,NO_MODULE,,,,,dom,waitlist module absent
2026-09-07T13:21:00,2026-09-07T18:21:00.005Z,NO_MODULE,,,,,dom,waitlist module absent
2026-09-07T13:22:00,2026-09-07T18:22:00.005Z,NO_MODULE,,,,,dom,waitlist module absent
2026-09-07T13:23:00,2026-09-07T18:23:00.005Z,NO_MODULE,,,,,dom,waitlist module absent
2026-09-07T13:24:00,2026-09-07T18:24:00.005Z,NO_MODULE,,,,,dom,waitlist module absent
2026-09-07T13:25:00,2026-09-07T18:25:00.005Z,NO_MODULE,,,,,dom,waitlist module absent
2026-09-07T13:26:00,2026-09-07T18:26:00.005Z,NO_MODULE,,,,,dom,waitlist module absent
2026-09-07T13:27:00,2026-09-07T18:27:00.004Z,NO_MODULE,,,,,dom,waitlist module absent
2026-09-07T13:28:00,2026-09-07T18:28:00.004Z,NO_MODULE,,,,,dom,waitlist module absent
2026-09-07T13:29:00,2026-09-07T18:29:00.005Z,NO_MODULE,,,,,dom,waitlist module absent
2026-09-07T13:30:00,2026-09-07T18:30:00.005Z,NO_MODULE,,,,,dom,waitlist module absent
2026-09-07T13:31:00,2026-09-07T18:31:00.004Z,NO_MODULE,,,,,dom,waitlist module absent
2026-09-07T13:32:00,2026-09-07T18:32:00.005Z,NO_MODULE,,,,,dom,waitlist module absent
2026-09-07T13:33:00,2026-09-07T18:33:00.005Z,NO_MODULE,,,,,dom,waitlist module absent
2026-09-07T13:34:00,2026-09-07T18:34:00.004Z,NO_MODULE,,,,,dom,waitlist module absent
2026-09-07T13:35:00,2026-09-07T18:35:00.004Z,NO_MODULE,,,,,dom,waitlist module absent
2026-09-07T13:36:00,2026-09-07T18:36:00.004Z,NO_MODULE,,,,,dom,waitlist module absent
2026-09-07T13:37:00,2026-09-07T18:37:00.004Z,NO_MODULE,,,,,dom,waitlist module absent
2026-09-07T13:38:00,2026-09-07T18:38:00.005Z,NO_MODULE,,,,,dom,waitlist module absent
2026-09-07T13:39:00,2026-09-07T18:39:00.004Z,NO_MODULE,,,,,dom,waitlist module absent
2026-09-07T13:40:00,2026-09-07T18:40:00.005Z,NO_MODULE,,,,,dom,waitlist module absent
2026-09-07T13:41:00,2026-09-07T18:41:00.005Z,NO_MODULE,,,,,dom,waitlist module absent
2026-09-07T13:42:00,2026-09-07T18:42:00.005Z,NO_MODULE,,,,,dom,waitlist module absent
2026-09-07T13:43:00,2026-09-07T18:43:00.005Z,NO_MODULE,,,,,dom,waitlist module absent
2026-09-07T13:44:00,2026-09-07T18:44:00.005Z,NO_MODULE,,,,,dom,waitlist module absent
2026-09-07T13:45:00,2026-09-07T18:45:00.004Z,NO_MODULE,,,,,dom,waitlist module absent
2026-09-07T13:46:00,2026-09-07T18:46:00.005Z,NO_MODULE,,,,,dom,waitlist module absent
2026-09-07T13:47:00,2026-09-07T18:47:00.005Z,NO_MODULE,,,,,dom,waitlist module absent
2026-09-07T13:48:00,2026-09-07T18:48:00.005Z,NO_MODULE,,,,,dom,waitlist module absent
2026-09-07T13:49:00,2026-09-07T18:49:00.005Z,NO_MODULE,,,,,dom,waitlist module absent
2026-09-07T13:50:00,2026-09-07T18:50:00.004Z,NO_MODULE,,,,,dom,waitlist module absent
2026-09-07T13:51:00,2026-09-07T18:51:00.005Z,NO_MODULE,,,,,dom,waitlist module absent
2026-09-07T13:52:00,2026-09-07T18:52:00.005Z,NO_MODULE,,,,,dom,waitlist module absent
2026-09-07T13:53:00,2026-09-07T18:53:00.005Z,NO_MODULE,,,,,dom,waitlist module absent
2026-09-07T13:54:00,2026-09-07T18:54:00.005Z,NO_MODULE,,,,,dom,waitlist module absent
2026-09-07T13:55:00,2026-09-07T18:55:00.004Z,NO_MODULE,,,,,dom,waitlist module absent
2026-09-07T13:56:00,2026-09-07T18:56:00.005Z,NO_MODULE,,,,,dom,waitlist module absent
2026-09-07T13:57:00,2026-09-07T18:57:00.005Z,NO_MODULE,,,,,dom,waitlist module absent
2026-09-07T13:58:00,2026-09-07T18:58:00.005Z,NO_MODULE,,,,,dom,waitlist module absent
2026-09-07T13:59:00,2026-09-07T18:59:00.005Z,NO_MODULE,,,,,dom,waitlist module absent
2026-09-07T14:00:11,2026-09-07T19:00:11.255Z,NO_MODULE,,,,,dom,waitlist module absent
2026-09-07T14:01:00,2026-09-07T19:01:00.005Z,NO_MODULE,,,,,dom,waitlist module absent
2026-09-07T14:02:00,2026-09-07T19:02:00.005Z,NO_MODULE,,,,,dom,waitlist module absent
2026-09-07T14:03:00,2026-09-07T19:03:00.002Z,NO_MODULE,,,,,dom,waitlist module absent
2026-09-07T14:04:00,2026-09-07T19:04:00.005Z,NO_MODULE,,,,,dom,waitlist module absent
2026-09-07T14:05:00,2026-09-07T19:05:00.005Z,NO_MODULE,,,,,dom,waitlist module absent
2026-09-07T14:06:00,2026-09-07T19:06:00.005Z,NO_MODULE,,,,,dom,waitlist module absent
2026-09-07T14:07:00,2026-09-07T19:07:00.005Z,NO_MODULE,,,,,dom,waitlist module absent
2026-09-07T14:08:00,2026-09-07T19:08:00.005Z,NO_MODULE,,,,,dom,waitlist module absent
2026-09-07T14:09:00,2026-09-07T19:09:00.005Z,NO_MODULE,,,,,dom,waitlist module absent
2026-09-07T14:10:00,2026-09-07T19:10:00.004Z,NO_MODULE,,,,,dom,waitlist module absent
2026-09-07T14:11:00,2026-09-07T19:11:00.005Z,NO_MODULE,,,,,dom,waitlist module absent
2026-09-07T14:12:00,2026-09-07T19:12:00.004Z,NO_MODULE,,,,,dom,waitlist module absent
2026-09-07T14:13:00,2026-09-07T19:13:00.005Z,NO_MODULE,,,,,dom,waitlist module absent
2026-09-07T14:14:00,2026-09-07T19:14:00.005Z,NO_MODULE,,,,,dom,waitlist module absent
2026-09-07T14:15:00,2026-09-07T19:15:00.005Z,NO_MODULE,,,,,dom,waitlist module absent
2026-09-07T14:16:00,2026-09-07T19:16:00.004Z,NO_MODULE,,,,,dom,waitlist module absent
2026-09-07T14:17:00,2026-09-07T19:17:00.005Z,NO_MODULE,,,,,dom,waitlist module absent
2026-09-07T14:18:00,2026-09-07T19:18:00.005Z,NO_MODULE,,,,,dom,waitlist module absent
2026-09-07T14:19:00,2026-09-07T19:19:00.005Z,NO_MODULE,,,,,dom,waitlist module absent
2026-09-07T14:20:00,2026-09-07T19:20:00.005Z,NO_MODULE,,,,,dom,waitlist module absent
2026-09-07T14:21:00,2026-09-07T19:21:00.005Z,NO_MODULE,,,,,dom,waitlist module absent
2026-09-07T14:22:00,2026-09-07T19:22:00.006Z,NO_MODULE,,,,,dom,waitlist module absent
2026-09-07T14:23:00,2026-09-07T19:23:00.005Z,NO_MODULE,,,,,dom,waitlist module absent
2026-09-07T14:24:00,2026-09-07T19:24:00.005Z,NO_MODULE,,,,,dom,waitlist module absent
2026-09-07T14:25:00,2026-09-07T19:25:00.005Z,NO_MODULE,,,,,dom,waitlist module absent
2026-09-07T14:26:00,2026-09-07T19:26:00.004Z,NO_MODULE,,,,,dom,waitlist module absent
2026-09-07T14:27:00,2026-09-07T19:27:00.005Z,NO_MODULE,,,,,dom,waitlist module absent
2026-09-07T14:28:00,2026-09-07T19:28:00.005Z,NO_MODULE,,,,,dom,waitlist module absent
2026-09-07T14:29:00,2026-09-07T19:29:00.004Z,NO_MODULE,,,,,dom,waitlist module absent
2026-09-07T14:30:00,2026-09-07T19:30:00.004Z,NO_MODULE,,,,,dom,waitlist module absent
2026-09-07T14:31:00,2026-09-07T19:31:00.005Z,NO_MODULE,,,,,dom,waitlist module absent
2026-09-07T14:32:00,2026-09-07T19:32:00.005Z,NO_MODULE,,,,,dom,waitlist module absent
2026-09-07T14:33:00,2026-09-07T19:33:00.005Z,NO_MODULE,,,,,dom,waitlist module absent
2026-09-07T14:34:00,2026-09-07T19:34:00.005Z,NO_MODULE,,,,,dom,waitlist module absent
2026-09-07T14:35:00,2026-09-07T19:35:00.005Z,NO_MODULE,,,,,dom,waitlist module absent
2026-09-07T14:36:00,2026-09-07T19:36:00.004Z,NO_MODULE,,,,,dom,waitlist module absent
2026-09-07T14:37:00,2026-09-07T19:37:00.005Z,NO_MODULE,,,,,dom,waitlist module absent
2026-09-07T14:38:00,2026-09-07T19:38:00.005Z,NO_MODULE,,,,,dom,waitlist module absent
2026-09-07T14:39:00,2026-09-07T19:39:00.004Z,NO_MODULE,,,,,dom,waitlist module absent
2026-09-07T14:40:00,2026-09-07T19:40:00.005Z,NO_MODULE,,,,,dom,waitlist module absent
2026-09-07T14:41:00,2026-09-07T19:41:00.002Z,NO_MODULE,,,,,dom,waitlist module absent
2026-09-07T14:42:00,2026-09-07T19:42:00.004Z,NO_MODULE,,,,,dom,waitlist module absent
2026-09-07T14:43:00,2026-09-07T19:43:00.005Z,NO_MODULE,,,,,dom,waitlist module absent
2026-09-07T14:44:00,2026-09-07T19:44:00.005Z,NO_MODULE,,,,,dom,waitlist module absent
2026-09-07T14:45:00,2026-09-07T19:45:00.005Z,NO_MODULE,,,,,dom,waitlist module absent
2026-09-07T14:46:00,2026-09-07T19:46:00.005Z,NO_MODULE,,,,,dom,waitlist module absent
2026-09-07T14:47:00,2026-09-07T19:47:00.005Z,NO_MODULE,,,,,dom,waitlist module absent
2026-09-07T14:48:00,2026-09-07T19:48:00.005Z,NO_MODULE,,,,,dom,waitlist module absent
2026-09-07T14:49:00,2026-09-07T19:49:00.006Z,NO_MODULE,,,,,dom,waitlist module absent
2026-09-07T14:50:00,2026-09-07T19:50:00.004Z,NO_MODULE,,,,,dom,waitlist module absent
2026-09-07T14:51:00,2026-09-07T19:51:00.004Z,NO_MODULE,,,,,dom,waitlist module absent
2026-09-07T14:52:00,2026-09-07T19:52:00.004Z,NO_MODULE,,,,,dom,waitlist module absent
2026-09-07T14:53:00,2026-09-07T19:53:00.004Z,NO_MODULE,,,,,dom,waitlist module absent
2026-09-07T14:54:00,2026-09-07T19:54:00.005Z,NO_MODULE,,,,,dom,waitlist module absent
2026-09-07T14:55:00,2026-09-07T19:55:00.004Z,NO_MODULE,,,,,dom,waitlist module absent
2026-09-07T14:56:00,2026-09-07T19:56:00.005Z,NO_MODULE,,,,,dom,waitlist module absent
2026-09-07T14:57:00,2026-09-07T19:57:00.005Z,NO_MODULE,,,,,dom,waitlist module absent
2026-09-07T14:58:00,2026-09-07T19:58:00.004Z,NO_MODULE,,,,,dom,waitlist module absent
2026-09-07T14:59:00,2026-09-07T19:59:00.005Z,NO_MODULE,,,,,dom,waitlist module absent
2026-09-07T15:00:00,2026-09-07T20:00:00.005Z,NO_MODULE,,,,,dom,waitlist module absent
2026-09-07T15:01:00,2026-09-07T20:01:00.005Z,NO_MODULE,,,,,dom,waitlist module absent
2026-09-07T15:02:00,2026-09-07T20:02:00.005Z,NO_MODULE,,,,,dom,waitlist module absent
2026-09-07T15:03:00,2026-09-07T20:03:00.005Z,NO_MODULE,,,,,dom,waitlist module absent
2026-09-07T15:04:00,2026-09-07T20:04:00.006Z,NO_MODULE,,,,,dom,waitlist module absent
2026-09-07T15:05:00,2026-09-07T20:05:00.005Z,NO_MODULE,,,,,dom,waitlist module absent
2026-09-07T15:06:00,2026-09-07T20:06:00.005Z,NO_MODULE,,,,,dom,waitlist module absent
2026-09-07T15:07:00,2026-09-07T20:07:00.005Z,NO_MODULE,,,,,dom,waitlist module absent
2026-09-07T15:08:00,2026-09-07T20:08:00.005Z,NO_MODULE,,,,,dom,waitlist module absent
2026-09-07T15:09:00,2026-09-07T20:09:00.001Z,NO_MODULE,,,,,dom,waitlist module absent
2026-09-07T15:10:00,2026-09-07T20:10:00.004Z,NO_MODULE,,,,,dom,waitlist module absent
2026-09-07T15:11:00,2026-09-07T20:11:00.000Z,NO_MODULE,,,,,dom,waitlist module absent
2026-09-07T15:12:00,2026-09-07T20:12:00.004Z,NO_MODULE,,,,,dom,waitlist module absent
2026-09-07T15:13:00,2026-09-07T20:13:00.004Z,NO_MODULE,,,,,dom,waitlist module absent
2026-09-07T15:14:00,2026-09-07T20:14:00.004Z,NO_MODULE,,,,,dom,waitlist module absent
2026-09-07T15:15:00,2026-09-07T20:15:00.005Z,NO_MODULE,,,,,dom,waitlist module absent
2026-09-07T15:16:00,2026-09-07T20:16:00.005Z,NO_MODULE,,,,,dom,waitlist module absent
2026-09-07T15:17:00,2026-09-07T20:17:00.005Z,NO_MODULE,,,,,dom,waitlist module absent
2026-09-07T15:18:00,2026-09-07T20:18:00.005Z,NO_MODULE,,,,,dom,waitlist module absent
2026-09-07T15:19:00,2026-09-07T20:19:00.005Z,NO_MODULE,,,,,dom,waitlist module absent
2026-09-07T15:20:00,2026-09-07T20:20:00.004Z,NO_MODULE,,,,,dom,waitlist module absent
2026-09-07T15:21:00,2026-09-07T20:21:00.004Z,NO_MODULE,,,,,dom,waitlist module absent
2026-09-07T15:22:00,2026-09-07T20:22:00.005Z,NO_MODULE,,,,,dom,waitlist module absent
2026-09-07T15:23:00,2026-09-07T20:23:00.004Z,NO_MODULE,,,,,dom,waitlist module absent
2026-09-07T15:24:00,2026-09-07T20:24:00.004Z,NO_MODULE,,,,,dom,waitlist module absent
2026-09-07T15:25:00,2026-09-07T20:25:00.005Z,NO_MODULE,,,,,dom,waitlist module absent
2026-09-07T15:26:00,2026-09-07T20:26:00.005Z,NO_MODULE,,,,,dom,waitlist module absent
2026-09-07T15:27:00,2026-09-07T20:27:00.005Z,NO_MODULE,,,,,dom,waitlist module absent
2026-09-07T15:28:00,2026-09-07T20:28:00.005Z,NO_MODULE,,,,,dom,waitlist module absent
2026-09-07T15:29:00,2026-09-07T20:29:00.005Z,NO_MODULE,,,,,dom,waitlist module absent
2026-09-08T06:00:15,2026-09-08T11:00:15.303Z,NO_MODULE,,,,,dom,waitlist module absent
2026-09-08T06:01:00,2026-09-08T11:01:00.000Z,NO_MODULE,,,,,dom,waitlist module absent
2026-09-08T06:02:00,2026-09-08T11:02:00.005Z,NO_MODULE,,,,,dom,waitlist module absent
2026-09-08T06:03:00,2026-09-08T11:03:00.006Z,NO_MODULE,,,,,dom,waitlist module absent
2026-09-08T06:04:00,2026-09-08T11:04:00.002Z,NO_MODULE,,,,,dom,waitlist module absent
2026-09-08T06:05:00,2026-09-08T11:05:00.005Z,NO_MODULE,,,,,dom,waitlist module absent
2026-09-08T06:06:00,2026-09-08T11:06:00.005Z,NO_MODULE,,,,,dom,waitlist module absent
2026-09-08T06:07:00,2026-09-08T11:07:00.005Z,NO_MODULE,,,,,dom,waitlist module absent
2026-09-08T06:08:00,2026-09-08T11:08:00.005Z,NO_MODULE,,,,,dom,waitlist module absent
2026-09-08T06:09:00,2026-09-08T11:09:00.000Z,NO_MODULE,,,,,dom,waitlist module absent
2026-09-08T06:10:00,2026-09-08T11:10:00.006Z,NO_MODULE,,,,,dom,waitlist module absent
2026-09-08T06:11:00,2026-09-08T11:11:00.004Z,NO_MODULE,,,,,dom,waitlist module absent
2026-09-08T06:12:00,2026-09-08T11:12:00.004Z,NO_MODULE,,,,,dom,waitlist module absent
2026-09-08T06:13:00,2026-09-08T11:13:00.004Z,NO_MODULE,,,,,dom,waitlist module absent
2026-09-08T06:14:00,2026-09-08T11:14:00.004Z,NO_MODULE,,,,,dom,waitlist module absent
2026-09-08T06:15:00,2026-09-08T11:15:00.005Z,NO_MODULE,,,,,dom,waitlist module absent
2026-09-08T06:16:00,2026-09-08T11:16:00.006Z,NO_MODULE,,,,,dom,waitlist module absent
2026-09-08T06:17:00,2026-09-08T11:17:00.005Z,NO_MODULE,,,,,dom,waitlist module absent
2026-09-08T06:18:00,2026-09-08T11:18:00.004Z,NO_MODULE,,,,,dom,waitlist module absent
2026-09-08T06:19:00,2026-09-08T11:19:00.005Z,NO_MODULE,,,,,dom,waitlist module absent
2026-09-08T06:20:00,2026-09-08T11:20:00.004Z,NO_MODULE,,,,,dom,waitlist module absent
2026-09-08T06:21:00,2026-09-08T11:21:00.004Z,NO_MODULE,,,,,dom,waitlist module absent
2026-09-08T06:22:00,2026-09-08T11:22:00.005Z,NO_MODULE,,,,,dom,waitlist module absent
2026-09-08T06:23:00,2026-09-08T11:23:00.005Z,NO_MODULE,,,,,dom,waitlist module absent
2026-09-08T06:24:00,2026-09-08T11:24:00.005Z,NO_MODULE,,,,,dom,waitlist module absent
2026-09-08T06:25:00,2026-09-08T11:25:00.006Z,NO_MODULE,,,,,dom,waitlist module absent
2026-09-08T06:26:00,2026-09-08T11:26:00.004Z,NO_MODULE,,,,,dom,waitlist module absent
2026-09-08T06:27:00,2026-09-08T11:27:00.005Z,NO_MODULE,,,,,dom,waitlist module absent
2026-09-08T06:28:00,2026-09-08T11:28:00.006Z,NO_MODULE,,,,,dom,waitlist module absent
2026-09-08T06:29:00,2026-09-08T11:29:00.005Z,NO_MODULE,,,,,dom,waitlist module absent
2026-09-08T06:30:00,2026-09-08T11:30:00.005Z,NO_MODULE,,,,,dom,waitlist module absent
2026-09-08T06:31:00,2026-09-08T11:31:00.005Z,NO_MODULE,,,,,dom,waitlist module absent
2026-09-08T06:32:00,2026-09-08T11:32:00.004Z,NO_MODULE,,,,,dom,waitlist module absent
2026-09-08T06:33:00,2026-09-08T11:33:00.005Z,NO_MODULE,,,,,dom,waitlist module absent
2026-09-08T06:34:00,2026-09-08T11:34:00.004Z,NO_MODULE,,,,,dom,waitlist module absent
2026-09-08T06:35:00,2026-09-08T11:35:00.000Z,NO_MODULE,,,,,dom,waitlist module absent
2026-09-08T06:36:00,2026-09-08T11:36:00.005Z,NO_MODULE,,,,,dom,waitlist module absent
2026-09-08T06:37:00,2026-09-08T11:37:00.004Z,NO_MODULE,,,,,dom,waitlist module absent
2026-09-08T06:38:00,2026-09-08T11:38:00.006Z,EMPTY_CLOSED,0,5,15,2,api,
2026-09-08T06:39:00,2026-09-08T11:39:00.028Z,NO_MODULE,,,,,dom,waitlist module absent
2026-09-08T06:40:00,2026-09-08T11:40:00.004Z,EMPTY_CLOSED,0,5,15,2,api,
2026-09-08T06:41:00,2026-09-08T11:41:00.028Z,EMPTY_CLOSED,0,5,15,2,api,
2026-09-08T06:42:00,2026-09-08T11:42:00.028Z,NO_MODULE,,,,,dom,waitlist module absent
2026-09-08T06:43:00,2026-09-08T11:43:00.003Z,EMPTY_CLOSED,0,5,15,2,api,
2026-09-08T06:44:00,2026-09-08T11:44:00.027Z,EMPTY_CLOSED,0,5,15,2,api,
2026-09-08T06:45:00,2026-09-08T11:45:00.027Z,EMPTY_CLOSED,0,5,15,2,api,
2026-09-08T06:46:00,2026-09-08T11:46:00.029Z,EMPTY_CLOSED,0,5,15,2,api,
2026-09-08T06:47:00,2026-09-08T11:47:00.026Z,EMPTY_CLOSED,0,5,15,2,api,
2026-09-08T06:48:00,2026-09-08T11:48:00.028Z,EMPTY_CLOSED,0,5,15,2,api,
2026-09-08T06:49:00,2026-09-08T11:49:00.026Z,EMPTY_CLOSED,0,5,15,2,api,
2026-09-08T06:50:00,2026-09-08T11:50:00.024Z,EMPTY_CLOSED,0,5,15,2,api,
2026-09-08T06:51:00,2026-09-08T11:51:00.028Z,EMPTY_CLOSED,0,5,15,2,api,
2026-09-08T06:52:00,2026-09-08T11:52:00.024Z,EMPTY_CLOSED,0,5,15,2,api,
2026-09-08T06:53:00,2026-09-08T11:53:00.027Z,EMPTY_CLOSED,0,5,15,2,api,
2026-09-08T06:54:00,2026-09-08T11:54:00.028Z,EMPTY_CLOSED,0,5,15,2,api,
2026-09-08T06:55:00,2026-09-08T11:55:00.010Z,EMPTY_CLOSED,0,5,15,2,api,
2026-09-08T06:56:00,2026-09-08T11:56:00.014Z,EMPTY_CLOSED,0,5,15,2,api,
2026-09-08T06:57:00,2026-09-08T11:57:00.020Z,EMPTY_CLOSED,0,5,15,2,api,
2026-09-08T06:58:00,2026-09-08T11:58:00.026Z,EMPTY_CLOSED,0,5,15,2,api,
2026-09-08T06:59:00,2026-09-08T11:59:00.029Z,EMPTY_CLOSED,0,5,15,2,api,
2026-09-08T07:00:00,2026-09-08T12:00:00.029Z,EMPTY_CLOSED,0,5,15,2,api,
2026-09-08T07:01:00,2026-09-08T12:01:00.008Z,EMPTY_CLOSED,0,5,15,2,api,
2026-09-08T07:02:00,2026-09-08T12:02:00.013Z,EMPTY_CLOSED,0,5,15,2,api,
2026-09-08T07:03:00,2026-09-08T12:03:00.024Z,EMPTY_CLOSED,0,5,15,2,api,
2026-09-08T07:04:00,2026-09-08T12:04:00.028Z,EMPTY_CLOSED,0,5,15,2,api,
2026-09-08T07:05:00,2026-09-08T12:05:00.014Z,EMPTY_CLOSED,0,5,15,2,api,
2026-09-08T07:06:00,2026-09-08T12:06:00.024Z,EMPTY_CLOSED,0,5,15,2,api,
2026-09-08T07:07:00,2026-09-08T12:07:00.028Z,EMPTY_CLOSED,0,5,15,2,api,
2026-09-08T07:08:00,2026-09-08T12:08:00.028Z,EMPTY_CLOSED,0,5,15,2,api,
2026-09-08T07:09:00,2026-09-08T12:09:00.029Z,EMPTY_CLOSED,0,5,15,2,api,
2026-09-08T07:10:00,2026-09-08T12:10:00.028Z,EMPTY_CLOSED,0,5,15,2,api,
2026-09-08T07:11:00,2026-09-08T12:11:00.027Z,EMPTY_CLOSED,0,5,15,2,api,
2026-09-08T07:12:00,2026-09-08T12:12:00.028Z,EMPTY_CLOSED,0,5,15,2,api,
2026-09-08T07:13:00,2026-09-08T12:13:00.012Z,EMPTY_CLOSED,0,5,15,2,api,
2026-09-08T07:14:00,2026-09-08T12:14:00.008Z,EMPTY_CLOSED,0,5,15,2,api,
2026-09-08T07:15:00,2026-09-08T12:15:00.010Z,EMPTY_CLOSED,0,5,15,2,api,
2026-09-08T07:16:00,2026-09-08T12:16:00.026Z,EMPTY_CLOSED,0,5,15,2,api,
2026-09-08T07:17:00,2026-09-08T12:17:00.027Z,EMPTY_CLOSED,0,5,15,2,api,
2026-09-08T07:18:00,2026-09-08T12:18:00.028Z,EMPTY_CLOSED,0,5,15,2,api,
2026-09-08T07:19:00,2026-09-08T12:19:00.016Z,EMPTY_CLOSED,0,5,15,2,api,
2026-09-08T07:20:00,2026-09-08T12:20:00.020Z,EMPTY_CLOSED,0,5,15,2,api,
2026-09-08T07:21:00,2026-09-08T12:21:00.028Z,EMPTY_CLOSED,0,5,15,2,api,
2026-09-08T07:22:00,2026-09-08T12:22:00.024Z,EMPTY_CLOSED,0,5,15,2,api,
2026-09-08T07:23:00,2026-09-08T12:23:00.029Z,EMPTY_CLOSED,0,5,15,2,api,
2026-09-08T07:24:00,2026-09-08T12:24:00.027Z,EMPTY_CLOSED,0,5,15,2,api,
2026-09-08T07:25:00,2026-09-08T12:25:00.027Z,EMPTY_CLOSED,0,5,15,2,api,
2026-09-08T07:26:00,2026-09-08T12:26:00.028Z,EMPTY_CLOSED,0,5,15,2,api,
2026-09-08T07:27:00,2026-09-08T12:27:00.029Z,EMPTY_CLOSED,0,5,15,2,api,
2026-09-08T07:28:00,2026-09-08T12:28:00.024Z,EMPTY_CLOSED,0,5,15,2,api,
2026-09-08T07:29:00,2026-09-08T12:29:00.011Z,EMPTY_CLOSED,0,5,15,2,api,
2026-09-08T07:30:00,2026-09-08T12:30:00.027Z,EMPTY_CLOSED,0,5,15,2,api,
2026-09-08T07:31:00,2026-09-08T12:31:00.029Z,EMPTY_CLOSED,0,5,15,2,api,
2026-09-08T07:32:00,2026-09-08T12:32:00.024Z,EMPTY_CLOSED,0,5,15,2,api,
2026-09-08T07:33:00,2026-09-08T12:33:00.028Z,EMPTY_CLOSED,0,5,15,2,api,
2026-09-08T07:34:00,2026-09-08T12:34:00.028Z,EMPTY_CLOSED,0,5,15,2,api,
2026-09-08T07:35:00,2026-09-08T12:35:00.029Z,EMPTY_CLOSED,0,5,15,2,api,
2026-09-08T07:36:00,2026-09-08T12:36:00.024Z,EMPTY_CLOSED,0,5,15,2,api,
2026-09-08T07:37:00,2026-09-08T12:37:00.028Z,EMPTY_CLOSED,0,5,15,2,api,
2026-09-08T07:38:00,2026-09-08T12:38:00.029Z,EMPTY_CLOSED,0,5,15,2,api,
2026-09-08T07:39:00,2026-09-08T12:39:00.028Z,EMPTY_CLOSED,0,5,15,2,api,
2026-09-08T07:40:00,2026-09-08T12:40:00.027Z,EMPTY_CLOSED,0,5,15,2,api,
2026-09-08T07:41:00,2026-09-08T12:41:00.028Z,EMPTY_CLOSED,0,5,15,2,api,
2026-09-08T07:42:00,2026-09-08T12:42:00.029Z,EMPTY_CLOSED,0,5,15,2,api,
2026-09-08T07:43:00,2026-09-08T12:43:00.028Z,EMPTY_CLOSED,0,5,15,2,api,
2026-09-08T07:44:00,2026-09-08T12:44:00.024Z,EMPTY_CLOSED,0,5,15,2,api,
2026-09-08T07:45:00,2026-09-08T12:45:00.010Z,EMPTY_CLOSED,0,5,15,2,api,
2026-09-08T07:46:00,2026-09-08T12:46:00.017Z,EMPTY_CLOSED,0,5,15,2,api,
2026-09-08T07:47:00,2026-09-08T12:47:00.006Z,EMPTY_CLOSED,0,5,15,2,api,
2026-09-08T07:48:00,2026-09-08T12:48:00.028Z,EMPTY_CLOSED,0,5,15,2,api,
2026-09-08T07:49:00,2026-09-08T12:49:00.029Z,EMPTY_CLOSED,0,5,15,2,api,
2026-09-08T07:50:00,2026-09-08T12:50:00.029Z,EMPTY_CLOSED,0,5,15,2,api,
2026-09-08T07:51:00,2026-09-08T12:51:00.028Z,EMPTY_CLOSED,0,5,15,2,api,
2026-09-08T07:52:00,2026-09-08T12:52:00.028Z,EMPTY_CLOSED,0,5,15,2,api,
2026-09-08T07:53:00,2026-09-08T12:53:00.028Z,EMPTY_CLOSED,0,5,15,2,api,
2026-09-08T07:54:00,2026-09-08T12:54:00.028Z,EMPTY_CLOSED,0,5,15,2,api,
2026-09-08T07:55:00,2026-09-08T12:55:00.003Z,EMPTY_CLOSED,0,5,15,2,api,
2026-09-08T07:56:00,2026-09-08T12:56:00.029Z,EMPTY_CLOSED,0,5,15,2,api,
2026-09-08T07:57:00,2026-09-08T12:57:00.028Z,EMPTY_CLOSED,0,5,15,2,api,
2026-09-08T07:58:00,2026-09-08T12:58:00.009Z,EMPTY_CLOSED,0,5,15,2,api,
2026-09-08T07:59:00,2026-09-08T12:59:00.022Z,EMPTY_CLOSED,0,5,15,2,api,
2026-09-08T08:00:00,2026-09-08T13:00:00.026Z,EMPTY_CLOSED,0,5,15,2,api,
2026-09-08T08:01:00,2026-09-08T13:01:00.029Z,EMPTY_CLOSED,0,5,15,2,api,
2026-09-08T08:02:00,2026-09-08T13:02:00.028Z,EMPTY_CLOSED,0,5,15,2,api,
2026-09-08T08:03:00,2026-09-08T13:03:00.028Z,EMPTY_CLOSED,0,5,15,2,api,
2026-09-08T08:04:00,2026-09-08T13:04:00.028Z,EMPTY_CLOSED,0,5,15,2,api,
2026-09-08T08:05:00,2026-09-08T13:05:00.028Z,EMPTY_CLOSED,0,5,15,2,api,
2026-09-08T08:06:00,2026-09-08T13:06:00.008Z,EMPTY_CLOSED,0,5,15,2,api,
2026-09-08T08:07:00,2026-09-08T13:07:00.028Z,EMPTY_CLOSED,0,5,15,2,api,
2026-09-08T08:08:00,2026-09-08T13:08:00.024Z,EMPTY_CLOSED,0,5,15,2,api,
2026-09-08T08:09:00,2026-09-08T13:09:00.027Z,EMPTY_CLOSED,0,5,15,2,api,
2026-09-08T08:10:00,2026-09-08T13:10:00.024Z,EMPTY_CLOSED,0,5,15,2,api,
2026-09-08T08:11:00,2026-09-08T13:11:00.027Z,EMPTY_CLOSED,0,5,15,2,api,
2026-09-08T08:12:00,2026-09-08T13:12:00.028Z,EMPTY_CLOSED,0,5,15,2,api,
2026-09-08T08:13:00,2026-09-08T13:13:00.028Z,EMPTY_CLOSED,0,5,15,2,api,
2026-09-08T08:14:00,2026-09-08T13:14:00.024Z,EMPTY_CLOSED,0,5,15,2,api,
2026-09-08T08:15:00,2026-09-08T13:15:00.023Z,EMPTY_CLOSED,0,5,15,2,api,
2026-09-08T08:16:00,2026-09-08T13:16:00.026Z,EMPTY_CLOSED,0,5,15,2,api,
2026-09-08T08:17:00,2026-09-08T13:17:00.013Z,EMPTY_CLOSED,0,5,15,2,api,
2026-09-08T08:18:00,2026-09-08T13:18:00.024Z,EMPTY_CLOSED,0,5,15,2,api,
2026-09-08T08:19:00,2026-09-08T13:19:00.008Z,EMPTY_CLOSED,0,5,15,2,api,
2026-09-08T08:20:00,2026-09-08T13:20:00.027Z,EMPTY_CLOSED,0,5,15,2,api,
2026-09-08T08:21:00,2026-09-08T13:21:00.029Z,EMPTY_CLOSED,0,5,15,2,api,
2026-09-08T08:22:00,2026-09-08T13:22:00.028Z,EMPTY_CLOSED,0,5,15,2,api,
2026-09-08T08:23:00,2026-09-08T13:23:00.027Z,EMPTY_CLOSED,0,5,15,2,api,
2026-09-08T08:24:00,2026-09-08T13:24:00.025Z,EMPTY_CLOSED,0,5,15,2,api,
2026-09-08T08:25:00,2026-09-08T13:25:00.028Z,EMPTY_CLOSED,0,5,15,2,api,
2026-09-08T08:26:00,2026-09-08T13:26:00.024Z,EMPTY_CLOSED,0,5,15,2,api,
2026-09-08T08:27:00,2026-09-08T13:27:00.028Z,EMPTY_CLOSED,0,5,15,2,api,
2026-09-08T08:28:00,2026-09-08T13:28:00.024Z,EMPTY_CLOSED,0,5,15,2,api,
2026-09-08T08:29:00,2026-09-08T13:29:00.028Z,EMPTY_CLOSED,0,5,15,2,api,
2026-09-08T08:30:00,2026-09-08T13:30:00.028Z,EMPTY_CLOSED,0,5,15,2,api,
2026-09-08T08:31:00,2026-09-08T13:31:00.017Z,EMPTY_CLOSED,0,5,15,2,api,
2026-09-08T08:32:00,2026-09-08T13:32:00.024Z,EMPTY_CLOSED,0,5,15,2,api,
2026-09-08T08:33:00,2026-09-08T13:33:00.028Z,EMPTY_CLOSED,0,5,15,2,api,
2026-09-08T08:34:00,2026-09-08T13:34:00.024Z,EMPTY_CLOSED,0,5,15,2,api,
2026-09-08T08:35:00,2026-09-08T13:35:00.029Z,EMPTY_CLOSED,0,5,15,2,api,
2026-09-08T08:36:00,2026-09-08T13:36:00.028Z,EMPTY_CLOSED,0,5,15,2,api,
2026-09-08T08:37:00,2026-09-08T13:37:00.028Z,EMPTY_CLOSED,0,5,15,2,api,
2026-09-08T08:38:00,2026-09-08T13:38:00.027Z,EMPTY_CLOSED,0,5,15,2,api,
2026-09-08T08:39:00,2026-09-08T13:39:00.029Z,EMPTY_CLOSED,0,5,15,2,api,
2026-09-08T08:40:00,2026-09-08T13:40:00.024Z,EMPTY_CLOSED,0,5,15,2,api,
2026-09-08T08:41:00,2026-09-08T13:41:00.029Z,EMPTY_CLOSED,0,5,15,2,api,
2026-09-08T08:42:00,2026-09-08T13:42:00.028Z,EMPTY_CLOSED,0,5,15,2,api,
2026-09-08T08:43:00,2026-09-08T13:43:00.005Z,EMPTY_CLOSED,0,5,15,2,api,
2026-09-08T08:44:00,2026-09-08T13:44:00.028Z,EMPTY_CLOSED,0,5,15,2,api,
2026-09-08T08:45:00,2026-09-08T13:45:00.008Z,EMPTY_CLOSED,0,5,15,2,api,
2026-09-08T08:46:00,2026-09-08T13:46:00.027Z,EMPTY_CLOSED,0,5,15,2,api,
2026-09-08T08:47:00,2026-09-08T13:47:00.028Z,EMPTY_CLOSED,0,5,15,2,api,
2026-09-08T08:48:00,2026-09-08T13:48:00.018Z,EMPTY_CLOSED,0,5,15,2,api,
2026-09-08T08:49:00,2026-09-08T13:49:00.017Z,EMPTY_CLOSED,0,5,15,2,api,
2026-09-08T08:50:00,2026-09-08T13:50:00.026Z,EMPTY_CLOSED,0,5,15,2,api,
2026-09-08T08:51:00,2026-09-08T13:51:00.028Z,EMPTY_CLOSED,0,5,15,2,api,
2026-09-08T08:52:00,2026-09-08T13:52:00.028Z,EMPTY_CLOSED,0,5,15,2,api,
2026-09-08T08:53:00,2026-09-08T13:53:00.029Z,EMPTY_CLOSED,0,5,15,2,api,
2026-09-08T08:54:00,2026-09-08T13:54:00.029Z,EMPTY_CLOSED,0,5,15,2,api,
2026-09-08T08:55:00,2026-09-08T13:55:00.016Z,EMPTY_CLOSED,0,5,15,2,api,
2026-09-08T08:56:00,2026-09-08T13:56:00.008Z,EMPTY_CLOSED,0,5,15,2,api,
2026-09-08T08:57:00,2026-09-08T13:57:00.028Z,EMPTY_CLOSED,0,5,15,2,api,
2026-09-08T08:58:00,2026-09-08T13:58:00.028Z,EMPTY_CLOSED,0,5,15,2,api,
2026-09-08T08:59:00,2026-09-08T13:59:00.028Z,EMPTY_CLOSED,0,5,15,2,api,
2026-09-08T09:00:00,2026-09-08T14:00:00.024Z,EMPTY_CLOSED,0,5,15,2,api,
2026-09-08T09:01:00,2026-09-08T14:01:00.006Z,EMPTY_CLOSED,0,5,15,2,api,
2026-09-08T09:02:00,2026-09-08T14:02:00.028Z,EMPTY_CLOSED,0,5,15,2,api,
2026-09-08T09:03:00,2026-09-08T14:03:00.028Z,OPEN,1,5,15,2,api,
2026-09-08T09:04:00,2026-09-08T14:04:00.029Z,OPEN,1,5,15,2,api,
2026-09-08T09:05:00,2026-09-08T14:05:00.027Z,OPEN,1,5,15,2,api,
2026-09-08T09:06:00,2026-09-08T14:06:00.024Z,EMPTY_CLOSED,0,5,15,2,api,
2026-09-08T09:07:00,2026-09-08T14:07:00.029Z,EMPTY_CLOSED,0,5,15,2,api,
2026-09-08T09:08:00,2026-09-08T14:08:00.028Z,EMPTY_CLOSED,0,5,15,2,api,
2026-09-08T09:09:00,2026-09-08T14:09:00.027Z,EMPTY_CLOSED,0,5,15,2,api,
2026-09-08T09:10:00,2026-09-08T14:10:00.029Z,EMPTY_CLOSED,0,5,15,2,api,
2026-09-08T09:11:00,2026-09-08T14:11:00.028Z,EMPTY_CLOSED,0,5,15,2,api,
2026-09-08T09:12:00,2026-09-08T14:12:00.027Z,EMPTY_CLOSED,0,5,15,2,api,
2026-09-08T09:13:00,2026-09-08T14:13:00.024Z,EMPTY_CLOSED,0,5,15,2,api,
2026-09-08T09:14:00,2026-09-08T14:14:00.028Z,EMPTY_CLOSED,0,5,15,2,api,
2026-09-08T09:15:00,2026-09-08T14:15:00.027Z,EMPTY_CLOSED,0,5,15,2,api,
2026-09-08T09:16:00,2026-09-08T14:16:00.028Z,EMPTY_CLOSED,0,5,15,2,api,
2026-09-08T09:17:00,2026-09-08T14:17:00.028Z,EMPTY_CLOSED,0,5,15,2,api,
2026-09-08T09:18:00,2026-09-08T14:18:00.029Z,EMPTY_CLOSED,0,5,15,2,api,
2026-09-08T09:19:00,2026-09-08T14:19:00.028Z,EMPTY_CLOSED,0,5,15,2,api,
2026-09-08T09:20:00,2026-09-08T14:20:00.024Z,EMPTY_CLOSED,0,5,15,2,api,
2026-09-08T09:21:00,2026-09-08T14:21:00.005Z,EMPTY_CLOSED,0,5,15,2,api,
2026-09-08T09:22:00,2026-09-08T14:22:00.024Z,EMPTY_CLOSED,0,5,15,2,api,
2026-09-08T09:23:00,2026-09-08T14:23:00.014Z,EMPTY_CLOSED,0,5,15,2,api,
2026-09-08T09:24:00,2026-09-08T14:24:00.022Z,EMPTY_CLOSED,0,5,15,2,api,
2026-09-08T09:25:00,2026-09-08T14:25:00.000Z,EMPTY_CLOSED,0,5,15,2,api,
2026-09-08T09:26:00,2026-09-08T14:26:00.001Z,EMPTY_CLOSED,0,5,15,2,api,
2026-09-08T09:27:00,2026-09-08T14:27:00.029Z,EMPTY_CLOSED,0,5,15,2,api,
2026-09-08T09:28:00,2026-09-08T14:28:00.024Z,EMPTY_CLOSED,0,5,15,2,api,
2026-09-08T09:29:00,2026-09-08T14:29:00.028Z,EMPTY_CLOSED,0,5,15,2,api,
2026-09-08T09:30:21,2026-09-08T14:30:21.267Z,ERROR,,,,,none,chrome did not come up on CDP port | 
2026-09-08T09:31:00,2026-09-08T14:31:00.004Z,EMPTY_CLOSED,0,5,15,2,api,
2026-09-08T09:32:00,2026-09-08T14:32:00.009Z,EMPTY_CLOSED,0,5,15,2,api,
2026-09-08T09:33:00,2026-09-08T14:33:00.013Z,EMPTY_CLOSED,0,5,15,2,api,
2026-09-08T09:34:00,2026-09-08T14:34:00.027Z,EMPTY_CLOSED,0,5,15,2,api,
2026-09-08T09:35:00,2026-09-08T14:35:00.014Z,EMPTY_CLOSED,0,5,15,2,api,
2026-09-08T09:36:00,2026-09-08T14:36:00.018Z,EMPTY_CLOSED,0,5,15,2,api,
2026-09-08T09:37:00,2026-09-08T14:37:00.028Z,EMPTY_CLOSED,0,5,15,2,api,
2026-09-08T09:38:00,2026-09-08T14:38:00.005Z,EMPTY_CLOSED,0,5,15,2,api,
2026-09-08T09:39:00,2026-09-08T14:39:00.009Z,EMPTY_CLOSED,0,5,15,2,api,
2026-09-08T09:40:00,2026-09-08T14:40:00.014Z,EMPTY_CLOSED,0,5,15,2,api,
2026-09-08T09:41:00,2026-09-08T14:41:00.028Z,EMPTY_CLOSED,0,5,15,2,api,
2026-09-08T09:42:00,2026-09-08T14:42:00.026Z,EMPTY_CLOSED,0,5,15,2,api,
2026-09-08T09:43:00,2026-09-08T14:43:00.028Z,EMPTY_CLOSED,0,5,15,2,api,
2026-09-08T09:44:00,2026-09-08T14:44:00.028Z,EMPTY_CLOSED,0,5,15,2,api,
2026-09-08T09:45:00,2026-09-08T14:45:00.028Z,EMPTY_CLOSED,0,5,15,2,api,
2026-09-08T09:46:00,2026-09-08T14:46:00.028Z,EMPTY_CLOSED,0,5,15,2,api,
2026-09-08T09:47:00,2026-09-08T14:47:00.028Z,EMPTY_CLOSED,0,5,15,2,api,
2026-09-08T09:48:00,2026-09-08T14:48:00.028Z,EMPTY_CLOSED,0,5,15,2,api,
2026-09-08T09:49:00,2026-09-08T14:49:00.028Z,EMPTY_CLOSED,0,5,15,2,api,
2026-09-08T09:50:00,2026-09-08T14:50:00.028Z,EMPTY_CLOSED,0,5,15,2,api,
2026-09-08T09:51:00,2026-09-08T14:51:00.028Z,EMPTY_CLOSED,0,5,15,2,api,
2026-09-08T09:52:00,2026-09-08T14:52:00.006Z,EMPTY_CLOSED,0,5,15,2,api,
2026-09-08T09:53:00,2026-09-08T14:53:00.028Z,EMPTY_CLOSED,0,5,15,2,api,
2026-09-08T09:54:00,2026-09-08T14:54:00.022Z,EMPTY_CLOSED,0,5,15,2,api,
2026-09-08T09:55:00,2026-09-08T14:55:00.009Z,EMPTY_CLOSED,0,5,15,2,api,
2026-09-08T09:56:00,2026-09-08T14:56:00.028Z,EMPTY_CLOSED,0,5,15,2,api,
2026-09-08T09:57:00,2026-09-08T14:57:00.028Z,EMPTY_CLOSED,0,5,15,2,api,
2026-09-08T09:58:00,2026-09-08T14:58:00.028Z,EMPTY_CLOSED,0,5,15,2,api,
2026-09-08T09:59:00,2026-09-08T14:59:00.028Z,EMPTY_CLOSED,0,5,15,2,api,
2026-09-08T10:00:00,2026-09-08T15:00:00.028Z,EMPTY_CLOSED,0,5,15,2,api,
2026-09-08T10:01:00,2026-09-08T15:01:00.014Z,EMPTY_CLOSED,0,5,15,2,api,
2026-09-08T10:02:00,2026-09-08T15:02:00.008Z,EMPTY_CLOSED,0,5,15,2,api,
2026-09-08T10:03:00,2026-09-08T15:03:00.027Z,EMPTY_CLOSED,0,5,15,2,api,
2026-09-08T10:04:00,2026-09-08T15:04:00.028Z,EMPTY_CLOSED,0,5,15,2,api,
2026-09-08T10:05:00,2026-09-08T15:05:00.006Z,EMPTY_CLOSED,0,5,15,2,api,
2026-09-08T10:06:00,2026-09-08T15:06:00.028Z,EMPTY_CLOSED,0,5,15,2,api,
2026-09-08T10:07:00,2026-09-08T15:07:00.028Z,EMPTY_CLOSED,0,5,15,2,api,
2026-09-08T10:08:00,2026-09-08T15:08:00.028Z,EMPTY_CLOSED,0,5,15,2,api,
2026-09-08T10:09:00,2026-09-08T15:09:00.027Z,EMPTY_CLOSED,0,5,15,2,api,
2026-09-08T10:10:00,2026-09-08T15:10:00.006Z,EMPTY_CLOSED,0,5,15,2,api,
2026-09-08T10:11:00,2026-09-08T15:11:00.010Z,EMPTY_CLOSED,0,5,15,2,api,
2026-09-08T10:12:00,2026-09-08T15:12:00.022Z,EMPTY_CLOSED,0,5,15,2,api,
2026-09-08T10:13:00,2026-09-08T15:13:00.026Z,EMPTY_CLOSED,0,5,15,2,api,
2026-09-08T10:14:00,2026-09-08T15:14:00.013Z,EMPTY_CLOSED,0,5,15,2,api,
2026-09-08T10:15:00,2026-09-08T15:15:00.017Z,OPEN,1,5,15,2,api,
2026-09-08T10:16:00,2026-09-08T15:16:00.028Z,OPEN,1,5,15,2,api,
2026-09-08T10:17:00,2026-09-08T15:17:00.028Z,OPEN,1,5,15,2,api,
2026-09-08T10:18:00,2026-09-08T15:18:00.006Z,OPEN,1,5,15,2,api,
2026-09-08T10:19:00,2026-09-08T15:19:00.010Z,OPEN,1,5,15,2,api,
2026-09-08T10:20:00,2026-09-08T15:20:00.027Z,OPEN,1,5,15,2,api,
2026-09-08T10:21:00,2026-09-08T15:21:00.028Z,OPEN,2,10,20,2,api,
2026-09-08T10:22:00,2026-09-08T15:22:00.028Z,OPEN,2,10,20,2,api,
2026-09-08T10:23:00,2026-09-08T15:23:00.028Z,OPEN,2,10,20,2,api,
2026-09-08T10:24:00,2026-09-08T15:24:00.027Z,OPEN,2,10,20,2,api,
2026-09-08T10:25:00,2026-09-08T15:25:00.028Z,OPEN,2,10,20,2,api,
2026-09-08T10:26:00,2026-09-08T15:26:00.026Z,OPEN,2,10,20,2,api,
2026-09-08T10:27:00,2026-09-08T15:27:00.027Z,OPEN,2,10,20,2,api,
2026-09-08T10:28:00,2026-09-08T15:28:00.028Z,OPEN,2,10,20,2,api,
2026-09-08T10:29:00,2026-09-08T15:29:00.027Z,OPEN,2,10,20,2,api,
2026-09-08T10:30:00,2026-09-08T15:30:00.011Z,OPEN,2,10,20,2,api,
2026-09-08T10:31:00,2026-09-08T15:31:00.006Z,OPEN,2,10,20,2,api,
2026-09-08T10:32:00,2026-09-08T15:32:00.010Z,OPEN,2,10,20,2,api,
2026-09-08T10:33:00,2026-09-08T15:33:00.022Z,OPEN,2,10,20,2,api,
2026-09-08T10:34:00,2026-09-08T15:34:00.025Z,OPEN,2,10,20,2,api,
2026-09-08T10:35:00,2026-09-08T15:35:00.028Z,OPEN,2,10,20,2,api,
2026-09-08T10:36:00,2026-09-08T15:36:00.028Z,OPEN,2,10,20,2,api,
2026-09-08T10:37:00,2026-09-08T15:37:00.026Z,OPEN,2,10,20,2,api,
2026-09-08T10:38:00,2026-09-08T15:38:00.028Z,OPEN,2,10,20,2,api,
2026-09-08T10:39:00,2026-09-08T15:39:00.028Z,OPEN,2,10,20,2,api,
2026-09-08T10:40:00,2026-09-08T15:40:00.028Z,OPEN,2,10,20,2,api,
2026-09-08T10:41:00,2026-09-08T15:41:00.022Z,OPEN,2,10,20,2,api,
2026-09-08T10:42:00,2026-09-08T15:42:00.028Z,OPEN,2,10,20,2,api,
2026-09-08T10:43:00,2026-09-08T15:43:00.014Z,OPEN,3,10,20,2,api,
2026-09-08T10:44:00,2026-09-08T15:44:00.027Z,OPEN,4,10,20,2,api,
2026-09-08T10:45:00,2026-09-08T15:45:00.028Z,OPEN,4,10,20,2,api,
2026-09-08T10:46:00,2026-09-08T15:46:00.022Z,OPEN,4,10,20,2,api,
2026-09-08T10:47:00,2026-09-08T15:47:00.027Z,OPEN,4,10,20,2,api,
2026-09-08T10:48:00,2026-09-08T15:48:00.028Z,OPEN,4,10,20,2,api,
2026-09-08T10:49:00,2026-09-08T15:49:00.028Z,OPEN,5,10,20,2,api,
2026-09-08T10:50:00,2026-09-08T15:50:00.028Z,OPEN,6,15,25,2,api,
2026-09-08T10:51:00,2026-09-08T15:51:00.028Z,OPEN,6,15,25,2,api,
2026-09-08T10:52:00,2026-09-08T15:52:00.028Z,OPEN,4,10,20,2,api,
2026-09-08T10:53:00,2026-09-08T15:53:00.028Z,OPEN,4,10,20,2,api,
2026-09-08T10:54:00,2026-09-08T15:54:00.028Z,OPEN,3,10,20,2,api,
2026-09-08T10:55:00,2026-09-08T15:55:00.014Z,OPEN,3,10,20,2,api,
2026-09-08T10:56:00,2026-09-08T15:56:00.028Z,OPEN,3,10,20,2,api,
2026-09-08T10:57:00,2026-09-08T15:57:00.027Z,OPEN,3,10,20,2,api,
2026-09-08T10:58:00,2026-09-08T15:58:00.028Z,OPEN,3,10,20,2,api,
2026-09-08T10:59:00,2026-09-08T15:59:00.022Z,OPEN,1,5,15,2,api,
2026-09-08T11:00:00,2026-09-08T16:00:00.028Z,OPEN,1,5,15,2,api,
2026-09-08T11:01:00,2026-09-08T16:01:00.027Z,OPEN,1,5,15,2,api,
2026-09-08T11:02:00,2026-09-08T16:02:00.026Z,OPEN,1,5,15,2,api,
2026-09-08T11:03:00,2026-09-08T16:03:00.023Z,OPEN,1,5,15,2,api,
2026-09-08T11:04:00,2026-09-08T16:04:00.027Z,OPEN,1,5,15,2,api,
2026-09-08T11:05:00,2026-09-08T16:05:00.028Z,OPEN,1,5,15,2,api,
2026-09-08T11:06:00,2026-09-08T16:06:00.028Z,OPEN,1,5,15,2,api,
2026-09-08T11:07:00,2026-09-08T16:07:00.028Z,OPEN,1,5,15,2,api,
2026-09-08T11:08:00,2026-09-08T16:08:00.019Z,OPEN,1,5,15,2,api,
2026-09-08T11:09:00,2026-09-08T16:09:00.028Z,OPEN,1,5,15,2,api,
2026-09-08T11:10:00,2026-09-08T16:10:00.026Z,OPEN,1,5,15,2,api,
2026-09-08T11:11:00,2026-09-08T16:11:00.026Z,OPEN,1,5,15,2,api,
2026-09-08T11:12:00,2026-09-08T16:12:00.006Z,OPEN,1,5,15,2,api,
2026-09-08T11:13:00,2026-09-08T16:13:00.010Z,OPEN,1,5,15,2,api,
2026-09-08T11:14:00,2026-09-08T16:14:00.013Z,OPEN,1,5,15,2,api,
2026-09-08T11:15:00,2026-09-08T16:15:00.017Z,OPEN,1,5,15,2,api,
2026-09-08T11:16:00,2026-09-08T16:16:00.029Z,OPEN,1,5,15,2,api,
2026-09-08T11:17:00,2026-09-08T16:17:00.028Z,OPEN,1,5,15,2,api,
2026-09-08T11:18:00,2026-09-08T16:18:00.028Z,OPEN,1,5,15,2,api,
2026-09-08T11:19:00,2026-09-08T16:19:00.024Z,OPEN,1,5,15,2,api,
2026-09-08T11:20:00,2026-09-08T16:20:00.027Z,OPEN,1,5,15,2,api,
2026-09-08T11:21:00,2026-09-08T16:21:00.028Z,OPEN,1,5,15,2,api,
2026-09-08T11:22:00,2026-09-08T16:22:00.027Z,OPEN,1,5,15,2,api,
2026-09-08T11:23:00,2026-09-08T16:23:00.006Z,OPEN,1,5,15,2,api,
2026-09-08T11:24:00,2026-09-08T16:24:00.008Z,OPEN,1,5,15,2,api,
2026-09-08T11:25:00,2026-09-08T16:25:00.014Z,OPEN,1,5,15,2,api,
2026-09-08T11:26:00,2026-09-08T16:26:00.017Z,OPEN,1,5,15,2,api,
2026-09-08T11:27:00,2026-09-08T16:27:00.007Z,OPEN,1,5,15,2,api,
2026-09-08T11:28:00,2026-09-08T16:28:00.023Z,OPEN,1,5,15,2,api,
2026-09-08T11:29:00,2026-09-08T16:29:00.028Z,OPEN,1,5,15,2,api,
2026-09-08T11:30:00,2026-09-08T16:30:00.008Z,OPEN,1,5,15,2,api,
2026-09-08T11:31:00,2026-09-08T16:31:00.027Z,OPEN,2,10,20,2,api,
2026-09-08T11:32:00,2026-09-08T16:32:00.028Z,OPEN,2,10,20,2,api,
2026-09-08T11:33:00,2026-09-08T16:33:00.011Z,OPEN,2,10,20,2,api,
2026-09-08T11:34:00,2026-09-08T16:34:00.028Z,OPEN,2,10,20,2,api,
2026-09-08T11:35:00,2026-09-08T16:35:00.028Z,OPEN,2,10,20,2,api,
2026-09-08T11:36:00,2026-09-08T16:36:00.006Z,OPEN,2,10,20,2,api,
2026-09-08T11:37:00,2026-09-08T16:37:00.027Z,OPEN,2,10,20,2,api,
2026-09-08T11:38:00,2026-09-08T16:38:00.028Z,OPEN,3,10,20,2,api,
2026-09-08T11:39:00,2026-09-08T16:39:00.028Z,OPEN,3,10,20,2,api,
2026-09-08T11:40:00,2026-09-08T16:40:00.028Z,OPEN,3,10,20,2,api,
2026-09-08T11:41:00,2026-09-08T16:41:00.028Z,OPEN,3,10,20,2,api,
2026-09-08T11:42:00,2026-09-08T16:42:00.014Z,OPEN,3,10,20,2,api,
2026-09-08T11:43:00,2026-09-08T16:43:00.017Z,OPEN,3,10,20,2,api,
2026-09-08T11:44:00,2026-09-08T16:44:00.021Z,OPEN,3,10,20,2,api,
2026-09-08T11:45:00,2026-09-08T16:45:00.025Z,OPEN,4,10,20,2,api,
2026-09-08T11:46:00,2026-09-08T16:46:00.014Z,OPEN,3,10,20,2,api,
2026-09-08T11:47:00,2026-09-08T16:47:00.028Z,OPEN,3,10,20,2,api,
2026-09-08T11:48:00,2026-09-08T16:48:00.023Z,OPEN,3,10,20,2,api,
2026-09-08T11:49:00,2026-09-08T16:49:00.006Z,OPEN,3,10,20,2,api,
2026-09-08T11:50:00,2026-09-08T16:50:00.027Z,OPEN,2,10,20,2,api,
2026-09-08T11:51:00,2026-09-08T16:51:00.022Z,OPEN,2,10,20,2,api,
2026-09-08T11:52:00,2026-09-08T16:52:00.014Z,OPEN,3,10,20,2,api,
2026-09-08T11:53:00,2026-09-08T16:53:00.028Z,OPEN,4,10,20,2,api,
2026-09-08T11:54:00,2026-09-08T16:54:00.028Z,OPEN,5,10,20,2,api,
2026-09-08T11:55:00,2026-09-08T16:55:00.028Z,OPEN,5,10,20,2,api,
2026-09-08T11:56:00,2026-09-08T16:56:00.027Z,OPEN,5,10,20,2,api,
2026-09-08T11:57:00,2026-09-08T16:57:00.028Z,OPEN,5,10,20,2,api,
2026-09-08T11:58:00,2026-09-08T16:58:00.028Z,OPEN,4,10,20,2,api,
2026-09-08T11:59:00,2026-09-08T16:59:00.027Z,OPEN,4,10,20,2,api,
2026-09-08T12:00:00,2026-09-08T17:00:00.028Z,OPEN,7,15,25,2,api,
2026-09-08T12:01:00,2026-09-08T17:01:00.028Z,OPEN,7,15,25,2,api,
2026-09-08T12:02:00,2026-09-08T17:02:00.006Z,OPEN,6,15,25,2,api,
2026-09-08T12:03:00,2026-09-08T17:03:00.028Z,OPEN,5,10,20,2,api,
2026-09-08T12:04:00,2026-09-08T17:04:00.027Z,OPEN,5,10,20,2,api,
2026-09-08T12:05:00,2026-09-08T17:05:00.003Z,OPEN,4,10,20,2,api,
2026-09-08T12:06:00,2026-09-08T17:06:00.027Z,OPEN,4,10,20,2,api,
2026-09-08T12:07:00,2026-09-08T17:07:00.027Z,OPEN,5,10,20,2,api,
2026-09-08T12:08:00,2026-09-08T17:08:00.028Z,OPEN,5,10,20,2,api,
2026-09-08T12:09:00,2026-09-08T17:09:00.027Z,OPEN,5,10,20,2,api,
2026-09-08T12:10:00,2026-09-08T17:10:00.028Z,OPEN,5,10,20,2,api,
2026-09-08T12:11:00,2026-09-08T17:11:00.028Z,OPEN,5,10,20,2,api,
2026-09-08T12:12:00,2026-09-08T17:12:00.010Z,OPEN,6,15,25,2,api,
2026-09-08T12:13:00,2026-09-08T17:13:00.028Z,OPEN,5,10,20,2,api,
2026-09-08T12:14:00,2026-09-08T17:14:00.028Z,OPEN,5,10,20,2,api,
2026-09-08T12:15:00,2026-09-08T17:15:00.006Z,OPEN,4,10,20,2,api,
2026-09-08T12:16:00,2026-09-08T17:16:00.028Z,OPEN,3,10,20,2,api,
2026-09-08T12:17:00,2026-09-08T17:17:00.006Z,OPEN,2,10,20,2,api,
2026-09-08T12:18:00,2026-09-08T17:18:00.028Z,OPEN,2,10,20,2,api,
2026-09-08T12:19:00,2026-09-08T17:19:00.027Z,OPEN,2,10,20,2,api,
2026-09-08T12:20:00,2026-09-08T17:20:00.028Z,OPEN,1,5,15,2,api,
2026-09-08T12:21:00,2026-09-08T17:21:00.028Z,OPEN,2,10,20,2,api,
2026-09-08T12:22:00,2026-09-08T17:22:00.028Z,OPEN,1,5,15,2,api,
2026-09-08T12:23:00,2026-09-08T17:23:00.027Z,OPEN,1,5,15,2,api,
2026-09-08T12:24:00,2026-09-08T17:24:00.028Z,EMPTY_CLOSED,0,5,15,2,api,
2026-09-08T12:25:00,2026-09-08T17:25:00.027Z,EMPTY_CLOSED,0,5,15,2,api,
2026-09-08T12:26:00,2026-09-08T17:26:00.027Z,EMPTY_CLOSED,0,5,15,2,api,
2026-09-08T12:27:00,2026-09-08T17:27:00.010Z,EMPTY_CLOSED,0,5,15,2,api,
2026-09-08T12:28:00,2026-09-08T17:28:00.014Z,OPEN,2,10,20,2,api,
2026-09-08T12:29:00,2026-09-08T17:29:00.028Z,OPEN,2,10,20,2,api,
2026-09-08T12:30:00,2026-09-08T17:30:00.022Z,OPEN,2,10,20,2,api,
2026-09-08T12:31:00,2026-09-08T17:31:00.028Z,EMPTY_CLOSED,0,5,15,2,api,
2026-09-08T12:32:00,2026-09-08T17:32:00.028Z,OPEN,1,5,15,2,api,
2026-09-08T12:33:00,2026-09-08T17:33:00.025Z,EMPTY_CLOSED,0,5,15,2,api,
2026-09-08T12:34:00,2026-09-08T17:34:00.028Z,EMPTY_CLOSED,0,5,15,2,api,
2026-09-08T12:35:00,2026-09-08T17:35:00.028Z,EMPTY_CLOSED,0,5,15,2,api,
2026-09-08T12:36:00,2026-09-08T17:36:00.028Z,EMPTY_CLOSED,0,5,15,2,api,
2026-09-08T12:37:00,2026-09-08T17:37:00.027Z,EMPTY_CLOSED,0,5,15,2,api,
2026-09-08T12:38:00,2026-09-08T17:38:00.016Z,EMPTY_CLOSED,0,5,15,2,api,
2026-09-08T12:39:00,2026-09-08T17:39:00.020Z,EMPTY_CLOSED,0,5,15,2,api,
2026-09-08T12:40:00,2026-09-08T17:40:00.023Z,EMPTY_CLOSED,0,5,15,2,api,
2026-09-08T12:41:00,2026-09-08T17:41:00.007Z,EMPTY_CLOSED,0,5,15,2,api,
2026-09-08T12:42:00,2026-09-08T17:42:00.003Z,EMPTY_CLOSED,0,5,15,2,api,
2026-09-08T12:43:00,2026-09-08T17:43:00.006Z,EMPTY_CLOSED,0,5,15,2,api,
2026-09-08T12:44:00,2026-09-08T17:44:00.028Z,EMPTY_CLOSED,0,5,15,2,api,
2026-09-08T12:45:00,2026-09-08T17:45:00.028Z,EMPTY_CLOSED,0,5,15,2,api,
2026-09-08T12:46:00,2026-09-08T17:46:00.027Z,EMPTY_CLOSED,0,5,15,2,api,
2026-09-08T12:47:00,2026-09-08T17:47:00.028Z,EMPTY_CLOSED,0,5,15,2,api,
2026-09-08T12:48:00,2026-09-08T17:48:00.028Z,EMPTY_CLOSED,0,5,15,2,api,
2026-09-08T12:49:00,2026-09-08T17:49:00.014Z,EMPTY_CLOSED,0,5,15,2,api,
2026-09-08T12:50:00,2026-09-08T17:50:00.017Z,EMPTY_CLOSED,0,5,15,2,api,
2026-09-08T12:51:00,2026-09-08T17:51:00.021Z,EMPTY_CLOSED,0,5,15,2,api,
2026-09-08T12:52:00,2026-09-08T17:52:00.025Z,EMPTY_CLOSED,0,5,15,2,api,
2026-09-08T12:53:00,2026-09-08T17:53:00.028Z,EMPTY_CLOSED,0,5,15,2,api,
2026-09-08T12:54:00,2026-09-08T17:54:00.006Z,EMPTY_CLOSED,0,5,15,2,api,
2026-09-08T12:55:00,2026-09-08T17:55:00.028Z,EMPTY_CLOSED,0,5,15,2,api,
2026-09-08T12:56:00,2026-09-08T17:56:00.028Z,EMPTY_CLOSED,0,5,15,2,api,
2026-09-08T12:57:00,2026-09-08T17:57:00.001Z,EMPTY_CLOSED,0,5,15,2,api,
2026-09-08T12:58:00,2026-09-08T17:58:00.004Z,EMPTY_CLOSED,0,5,15,2,api,
2026-09-08T12:59:00,2026-09-08T17:59:00.009Z,EMPTY_CLOSED,0,5,15,2,api,
2026-09-08T13:00:00,2026-09-08T18:00:00.028Z,EMPTY_CLOSED,0,5,15,2,api,
2026-09-08T13:01:00,2026-09-08T18:01:00.008Z,EMPTY_CLOSED,0,5,15,2,api,
2026-09-08T13:02:00,2026-09-08T18:02:00.011Z,EMPTY_CLOSED,0,5,15,2,api,
2026-09-08T13:03:00,2026-09-08T18:03:00.028Z,EMPTY_CLOSED,0,5,15,2,api,
2026-09-08T13:04:00,2026-09-08T18:04:00.027Z,EMPTY_CLOSED,0,5,15,2,api,
2026-09-08T13:05:00,2026-09-08T18:05:00.007Z,EMPTY_CLOSED,0,5,15,2,api,
2026-09-08T13:06:00,2026-09-08T18:06:00.028Z,EMPTY_CLOSED,0,5,15,2,api,
2026-09-08T13:07:00,2026-09-08T18:07:00.028Z,EMPTY_CLOSED,0,5,15,2,api,
2026-09-08T13:08:00,2026-09-08T18:08:00.028Z,EMPTY_CLOSED,0,5,15,2,api,
2026-09-08T13:09:00,2026-09-08T18:09:00.028Z,EMPTY_CLOSED,0,5,15,2,api,
2026-09-08T13:10:00,2026-09-08T18:10:00.028Z,EMPTY_CLOSED,0,5,15,2,api,
2026-09-08T13:11:00,2026-09-08T18:11:00.027Z,EMPTY_CLOSED,0,5,15,2,api,
2026-09-08T13:12:00,2026-09-08T18:12:00.011Z,EMPTY_CLOSED,0,5,15,2,api,
2026-09-08T13:13:00,2026-09-08T18:13:00.027Z,EMPTY_CLOSED,0,5,15,2,api,
2026-09-08T13:14:00,2026-09-08T18:14:00.027Z,EMPTY_CLOSED,0,5,15,2,api,
2026-09-08T13:15:00,2026-09-08T18:15:00.028Z,EMPTY_CLOSED,0,5,15,2,api,
2026-09-08T13:16:00,2026-09-08T18:16:00.028Z,EMPTY_CLOSED,0,5,15,2,api,
2026-09-08T13:17:00,2026-09-08T18:17:00.028Z,EMPTY_CLOSED,0,5,15,2,api,
2026-09-08T13:18:00,2026-09-08T18:18:00.028Z,EMPTY_CLOSED,0,5,15,2,api,
2026-09-08T13:19:00,2026-09-08T18:19:00.016Z,EMPTY_CLOSED,0,5,15,2,api,
2026-09-08T13:20:00,2026-09-08T18:20:00.026Z,EMPTY_CLOSED,0,5,15,2,api,
2026-09-08T13:21:00,2026-09-08T18:21:00.003Z,EMPTY_CLOSED,0,5,15,2,api,
2026-09-08T13:22:00,2026-09-08T18:22:00.022Z,EMPTY_CLOSED,0,5,15,2,api,
2026-09-08T13:23:00,2026-09-08T18:23:00.019Z,EMPTY_CLOSED,0,5,15,2,api,
2026-09-08T13:24:00,2026-09-08T18:24:00.020Z,EMPTY_CLOSED,0,5,15,2,api,
2026-09-08T13:25:00,2026-09-08T18:25:00.028Z,EMPTY_CLOSED,0,5,15,2,api,
2026-09-08T13:26:00,2026-09-08T18:26:00.028Z,EMPTY_CLOSED,0,5,15,2,api,
2026-09-08T13:27:00,2026-09-08T18:27:00.026Z,EMPTY_CLOSED,0,5,15,2,api,
2026-09-08T13:28:00,2026-09-08T18:28:00.027Z,EMPTY_CLOSED,0,5,15,2,api,
2026-09-08T13:29:00,2026-09-08T18:29:00.028Z,EMPTY_CLOSED,0,5,15,2,api,
2026-09-08T13:30:00,2026-09-08T18:30:00.027Z,EMPTY_CLOSED,0,5,15,2,api,
2026-09-08T13:31:00,2026-09-08T18:31:00.014Z,EMPTY_CLOSED,0,5,15,2,api,
2026-09-08T13:32:00,2026-09-08T18:32:00.025Z,EMPTY_CLOSED,0,5,15,2,api,
2026-09-08T13:33:00,2026-09-08T18:33:00.006Z,EMPTY_CLOSED,0,5,15,2,api,
2026-09-08T13:34:00,2026-09-08T18:34:00.027Z,EMPTY_CLOSED,0,5,15,2,api,
2026-09-08T13:35:00,2026-09-08T18:35:00.028Z,EMPTY_CLOSED,0,5,15,2,api,
2026-09-08T13:36:00,2026-09-08T18:36:00.027Z,EMPTY_CLOSED,0,5,15,2,api,
2026-09-08T13:37:00,2026-09-08T18:37:00.028Z,EMPTY_CLOSED,0,5,15,2,api,
2026-09-08T13:38:00,2026-09-08T18:38:00.014Z,EMPTY_CLOSED,0,5,15,2,api,
2026-09-08T13:39:00,2026-09-08T18:39:00.027Z,EMPTY_CLOSED,0,5,15,2,api,
2026-09-08T13:40:00,2026-09-08T18:40:00.028Z,EMPTY_CLOSED,0,5,15,2,api,
2026-09-08T13:41:00,2026-09-08T18:41:00.028Z,EMPTY_CLOSED,0,5,15,2,api,
2026-09-08T13:42:00,2026-09-08T18:42:00.028Z,EMPTY_CLOSED,0,5,15,2,api,
2026-09-08T13:43:00,2026-09-08T18:43:00.028Z,EMPTY_CLOSED,0,5,15,2,api,
2026-09-08T13:44:00,2026-09-08T18:44:00.027Z,EMPTY_CLOSED,0,5,15,2,api,
2026-09-08T13:45:00,2026-09-08T18:45:00.024Z,EMPTY_CLOSED,0,5,15,2,api,
2026-09-08T13:46:00,2026-09-08T18:46:00.006Z,EMPTY_CLOSED,0,5,15,2,api,
2026-09-08T13:47:00,2026-09-08T18:47:00.028Z,EMPTY_CLOSED,0,5,15,2,api,
2026-09-08T13:48:00,2026-09-08T18:48:00.026Z,EMPTY_CLOSED,0,5,15,2,api,
2026-09-08T13:49:00,2026-09-08T18:49:00.028Z,EMPTY_CLOSED,0,5,15,2,api,
2026-09-08T13:50:00,2026-09-08T18:50:00.027Z,EMPTY_CLOSED,0,5,15,2,api,
2026-09-08T13:51:00,2026-09-08T18:51:00.011Z,EMPTY_CLOSED,0,5,15,2,api,
2026-09-08T13:52:00,2026-09-08T18:52:00.028Z,EMPTY_CLOSED,0,5,15,2,api,
2026-09-08T13:53:00,2026-09-08T18:53:00.028Z,EMPTY_CLOSED,0,5,15,2,api,
2026-09-08T13:54:00,2026-09-08T18:54:00.028Z,EMPTY_CLOSED,0,5,15,2,api,
2026-09-08T13:55:00,2026-09-08T18:55:00.028Z,EMPTY_CLOSED,0,5,15,2,api,
2026-09-08T13:56:00,2026-09-08T18:56:00.027Z,EMPTY_CLOSED,0,5,15,2,api,
2026-09-08T13:57:00,2026-09-08T18:57:00.028Z,EMPTY_CLOSED,0,5,15,2,api,
2026-09-08T13:58:00,2026-09-08T18:58:00.028Z,EMPTY_CLOSED,0,5,15,2,api,
2026-09-08T13:59:00,2026-09-08T18:59:00.006Z,EMPTY_CLOSED,0,5,15,2,api,
2026-09-08T14:00:18,2026-09-08T19:00:18.982Z,EMPTY_CLOSED,0,5,15,2,api,
2026-09-08T14:01:00,2026-09-08T19:01:00.003Z,EMPTY_CLOSED,0,5,15,2,api,
2026-09-08T14:02:00,2026-09-08T19:02:00.008Z,EMPTY_CLOSED,0,5,15,2,api,
2026-09-08T14:03:00,2026-09-08T19:03:00.014Z,EMPTY_CLOSED,0,5,15,2,api,
2026-09-08T14:04:00,2026-09-08T19:04:00.019Z,EMPTY_CLOSED,0,5,15,2,api,
2026-09-08T14:05:00,2026-09-08T19:05:00.028Z,EMPTY_CLOSED,0,5,15,2,api,
2026-09-08T14:06:00,2026-09-08T19:06:00.028Z,EMPTY_CLOSED,0,5,15,2,api,
2026-09-08T14:07:00,2026-09-08T19:07:00.028Z,EMPTY_CLOSED,0,5,15,2,api,
2026-09-08T14:08:00,2026-09-08T19:08:00.028Z,EMPTY_CLOSED,0,5,15,2,api,
2026-09-08T14:09:00,2026-09-08T19:09:00.012Z,EMPTY_CLOSED,0,5,15,2,api,
2026-09-08T14:10:00,2026-09-08T19:10:00.025Z,EMPTY_CLOSED,0,5,15,2,api,
2026-09-08T14:11:00,2026-09-08T19:11:00.028Z,EMPTY_CLOSED,0,5,15,2,api,
2026-09-08T14:12:00,2026-09-08T19:12:00.012Z,EMPTY_CLOSED,0,5,15,2,api,
2026-09-08T14:13:00,2026-09-08T19:13:00.024Z,EMPTY_CLOSED,0,5,15,2,api,
2026-09-08T14:14:00,2026-09-08T19:14:00.002Z,EMPTY_CLOSED,0,5,15,2,api,
2026-09-08T14:15:00,2026-09-08T19:15:00.008Z,EMPTY_CLOSED,0,5,15,2,api,
2026-09-08T14:16:00,2026-09-08T19:16:00.012Z,EMPTY_CLOSED,0,5,15,2,api,
2026-09-08T14:17:00,2026-09-08T19:17:00.028Z,EMPTY_CLOSED,0,5,15,2,api,
2026-09-08T14:18:00,2026-09-08T19:18:00.005Z,EMPTY_CLOSED,0,5,15,2,api,
2026-09-08T14:19:00,2026-09-08T19:19:00.004Z,EMPTY_CLOSED,0,5,15,2,api,
2026-09-08T14:20:00,2026-09-08T19:20:00.010Z,EMPTY_CLOSED,0,5,15,2,api,
2026-09-08T14:21:00,2026-09-08T19:21:00.015Z,EMPTY_CLOSED,0,5,15,2,api,
2026-09-08T14:22:00,2026-09-08T19:22:00.021Z,EMPTY_CLOSED,0,5,15,2,api,
2026-09-08T14:23:00,2026-09-08T19:23:00.027Z,EMPTY_CLOSED,0,5,15,2,api,
2026-09-08T14:24:00,2026-09-08T19:24:00.027Z,EMPTY_CLOSED,0,5,15,2,api,
2026-09-08T14:25:00,2026-09-08T19:25:00.028Z,EMPTY_CLOSED,0,5,15,2,api,
2026-09-08T14:26:00,2026-09-08T19:26:00.028Z,EMPTY_CLOSED,0,5,15,2,api,
2026-09-08T14:27:00,2026-09-08T19:27:00.028Z,EMPTY_CLOSED,0,5,15,2,api,
2026-09-08T14:28:00,2026-09-08T19:28:00.028Z,EMPTY_CLOSED,0,5,15,2,api,
2026-09-08T14:29:00,2026-09-08T19:29:00.028Z,EMPTY_CLOSED,0,5,15,2,api,
2026-09-08T14:30:00,2026-09-08T19:30:00.015Z,EMPTY_CLOSED,0,5,15,2,api,
2026-09-08T14:31:00,2026-09-08T19:31:00.009Z,EMPTY_CLOSED,0,5,15,2,api,
2026-09-08T14:32:00,2026-09-08T19:32:00.014Z,EMPTY_CLOSED,0,5,15,2,api,
2026-09-08T14:33:00,2026-09-08T19:33:00.018Z,EMPTY_CLOSED,0,5,15,2,api,
2026-09-08T14:34:00,2026-09-08T19:34:00.024Z,EMPTY_CLOSED,0,5,15,2,api,
2026-09-08T14:35:00,2026-09-08T19:35:00.028Z,EMPTY_CLOSED,0,5,15,2,api,
2026-09-08T14:36:00,2026-09-08T19:36:00.021Z,EMPTY_CLOSED,0,5,15,2,api,
2026-09-08T14:37:00,2026-09-08T19:37:00.028Z,EMPTY_CLOSED,0,5,15,2,api,
2026-09-08T14:38:00,2026-09-08T19:38:00.022Z,EMPTY_CLOSED,0,5,15,2,api,
2026-09-08T14:39:00,2026-09-08T19:39:00.022Z,EMPTY_CLOSED,0,5,15,2,api,
2026-09-08T14:40:00,2026-09-08T19:40:00.023Z,EMPTY_CLOSED,0,5,15,2,api,
2026-09-08T14:41:00,2026-09-08T19:41:00.004Z,EMPTY_CLOSED,0,5,15,2,api,
2026-09-08T14:42:00,2026-09-08T19:42:00.025Z,NO_MODULE,,,,,dom,waitlist module absent
2026-09-08T14:43:00,2026-09-08T19:43:00.004Z,EMPTY_CLOSED,0,5,15,2,api,
2026-09-08T14:44:00,2026-09-08T19:44:00.010Z,NO_MODULE,,,,,dom,waitlist module absent
2026-09-08T14:45:00,2026-09-08T19:45:00.005Z,NO_MODULE,,,,,dom,waitlist module absent
2026-09-08T14:46:00,2026-09-08T19:46:00.005Z,NO_MODULE,,,,,dom,waitlist module absent
2026-09-08T14:47:00,2026-09-08T19:47:00.005Z,EMPTY_CLOSED,0,5,15,2,api,
2026-09-08T14:48:00,2026-09-08T19:48:00.028Z,NO_MODULE,,,,,dom,waitlist module absent
2026-09-08T14:49:00,2026-09-08T19:49:00.005Z,NO_MODULE,,,,,dom,waitlist module absent
2026-09-08T14:50:00,2026-09-08T19:50:00.005Z,NO_MODULE,,,,,dom,waitlist module absent
2026-09-08T14:51:00,2026-09-08T19:51:00.004Z,NO_MODULE,,,,,dom,waitlist module absent
2026-09-08T14:52:00,2026-09-08T19:52:00.004Z,NO_MODULE,,,,,dom,waitlist module absent
2026-09-08T14:53:00,2026-09-08T19:53:00.005Z,NO_MODULE,,,,,dom,waitlist module absent
2026-09-08T14:54:00,2026-09-08T19:54:00.004Z,NO_MODULE,,,,,dom,waitlist module absent
2026-09-08T14:55:00,2026-09-08T19:55:00.004Z,NO_MODULE,,,,,dom,waitlist module absent
2026-09-08T14:56:00,2026-09-08T19:56:00.005Z,NO_MODULE,,,,,dom,waitlist module absent
2026-09-08T14:57:00,2026-09-08T19:57:00.005Z,NO_MODULE,,,,,dom,waitlist module absent
2026-09-08T14:58:00,2026-09-08T19:58:00.005Z,NO_MODULE,,,,,dom,waitlist module absent
2026-09-08T14:59:00,2026-09-08T19:59:00.005Z,NO_MODULE,,,,,dom,waitlist module absent
2026-09-08T15:00:00,2026-09-08T20:00:00.005Z,NO_MODULE,,,,,dom,waitlist module absent
2026-09-08T15:01:00,2026-09-08T20:01:00.004Z,NO_MODULE,,,,,dom,waitlist module absent
2026-09-08T15:02:00,2026-09-08T20:02:00.005Z,NO_MODULE,,,,,dom,waitlist module absent
2026-09-08T15:03:00,2026-09-08T20:03:00.004Z,NO_MODULE,,,,,dom,waitlist module absent
2026-09-08T15:04:00,2026-09-08T20:04:00.004Z,NO_MODULE,,,,,dom,waitlist module absent
2026-09-08T15:05:00,2026-09-08T20:05:00.005Z,NO_MODULE,,,,,dom,waitlist module absent
2026-09-08T15:06:00,2026-09-08T20:06:00.004Z,NO_MODULE,,,,,dom,waitlist module absent
2026-09-08T15:07:00,2026-09-08T20:07:00.004Z,NO_MODULE,,,,,dom,waitlist module absent
2026-09-08T15:08:00,2026-09-08T20:08:00.005Z,NO_MODULE,,,,,dom,waitlist module absent
2026-09-08T15:09:00,2026-09-08T20:09:00.004Z,NO_MODULE,,,,,dom,waitlist module absent
2026-09-08T15:10:00,2026-09-08T20:10:00.005Z,NO_MODULE,,,,,dom,waitlist module absent
2026-09-08T15:11:00,2026-09-08T20:11:00.005Z,NO_MODULE,,,,,dom,waitlist module absent
2026-09-08T15:12:00,2026-09-08T20:12:00.004Z,NO_MODULE,,,,,dom,waitlist module absent
2026-09-08T15:13:00,2026-09-08T20:13:00.005Z,NO_MODULE,,,,,dom,waitlist module absent
2026-09-08T15:14:00,2026-09-08T20:14:00.004Z,NO_MODULE,,,,,dom,waitlist module absent
2026-09-08T15:15:00,2026-09-08T20:15:00.005Z,NO_MODULE,,,,,dom,waitlist module absent
2026-09-08T15:16:00,2026-09-08T20:16:00.004Z,NO_MODULE,,,,,dom,waitlist module absent
2026-09-08T15:17:00,2026-09-08T20:17:00.004Z,NO_MODULE,,,,,dom,waitlist module absent
2026-09-08T15:18:00,2026-09-08T20:18:00.004Z,NO_MODULE,,,,,dom,waitlist module absent
2026-09-08T15:19:00,2026-09-08T20:19:00.005Z,NO_MODULE,,,,,dom,waitlist module absent
2026-09-08T15:20:00,2026-09-08T20:20:00.005Z,NO_MODULE,,,,,dom,waitlist module absent
2026-09-08T15:21:00,2026-09-08T20:21:00.005Z,NO_MODULE,,,,,dom,waitlist module absent
2026-09-08T15:22:00,2026-09-08T20:22:00.005Z,NO_MODULE,,,,,dom,waitlist module absent
2026-09-08T15:23:00,2026-09-08T20:23:00.005Z,NO_MODULE,,,,,dom,waitlist module absent
2026-09-08T15:24:00,2026-09-08T20:24:00.005Z,NO_MODULE,,,,,dom,waitlist module absent
2026-09-08T15:25:00,2026-09-08T20:25:00.004Z,NO_MODULE,,,,,dom,waitlist module absent
2026-09-08T15:26:00,2026-09-08T20:26:00.005Z,NO_MODULE,,,,,dom,waitlist module absent
2026-09-08T15:27:00,2026-09-08T20:27:00.006Z,NO_MODULE,,,,,dom,waitlist module absent
2026-09-08T15:28:00,2026-09-08T20:28:00.005Z,NO_MODULE,,,,,dom,waitlist module absent
2026-09-08T15:29:00,2026-09-08T20:29:00.005Z,NO_MODULE,,,,,dom,waitlist module absent
2026-09-09T06:00:29,2026-09-09T11:00:29.059Z,NO_MODULE,,,,,dom,waitlist module absent
2026-09-09T06:02:00,2026-09-09T11:02:00.023Z,NO_MODULE,,,,,dom,waitlist module absent
2026-09-09T06:03:00,2026-09-09T11:03:00.000Z,NO_MODULE,,,,,dom,waitlist module absent
2026-09-09T06:04:00,2026-09-09T11:04:00.004Z,NO_MODULE,,,,,dom,waitlist module absent
2026-09-09T06:05:00,2026-09-09T11:05:00.005Z,NO_MODULE,,,,,dom,waitlist module absent
2026-09-09T06:06:00,2026-09-09T11:06:00.004Z,NO_MODULE,,,,,dom,waitlist module absent
2026-09-09T06:07:00,2026-09-09T11:07:00.004Z,NO_MODULE,,,,,dom,waitlist module absent
2026-09-09T06:08:00,2026-09-09T11:08:00.004Z,NO_MODULE,,,,,dom,waitlist module absent
2026-09-09T06:09:00,2026-09-09T11:09:00.005Z,NO_MODULE,,,,,dom,waitlist module absent
2026-09-09T06:10:00,2026-09-09T11:10:00.006Z,NO_MODULE,,,,,dom,waitlist module absent
2026-09-09T06:11:00,2026-09-09T11:11:00.006Z,NO_MODULE,,,,,dom,waitlist module absent
2026-09-09T06:12:00,2026-09-09T11:12:00.004Z,NO_MODULE,,,,,dom,waitlist module absent
2026-09-09T06:13:00,2026-09-09T11:13:00.004Z,NO_MODULE,,,,,dom,waitlist module absent
2026-09-09T06:14:00,2026-09-09T11:14:00.004Z,NO_MODULE,,,,,dom,waitlist module absent
2026-09-09T06:15:00,2026-09-09T11:15:00.004Z,NO_MODULE,,,,,dom,waitlist module absent
2026-09-09T06:16:00,2026-09-09T11:16:00.003Z,NO_MODULE,,,,,dom,waitlist module absent
2026-09-09T06:17:00,2026-09-09T11:17:00.006Z,NO_MODULE,,,,,dom,waitlist module absent
2026-09-09T06:18:00,2026-09-09T11:18:00.003Z,NO_MODULE,,,,,dom,waitlist module absent
2026-09-09T06:19:00,2026-09-09T11:19:00.004Z,NO_MODULE,,,,,dom,waitlist module absent
2026-09-09T06:20:00,2026-09-09T11:20:00.005Z,NO_MODULE,,,,,dom,waitlist module absent
2026-09-09T06:21:00,2026-09-09T11:21:00.006Z,NO_MODULE,,,,,dom,waitlist module absent
2026-09-09T06:22:00,2026-09-09T11:22:00.006Z,NO_MODULE,,,,,dom,waitlist module absent
2026-09-09T06:23:00,2026-09-09T11:23:00.003Z,NO_MODULE,,,,,dom,waitlist module absent
2026-09-09T06:24:00,2026-09-09T11:24:00.004Z,NO_MODULE,,,,,dom,waitlist module absent
2026-09-09T06:25:00,2026-09-09T11:25:00.004Z,NO_MODULE,,,,,dom,waitlist module absent
2026-09-09T06:26:00,2026-09-09T11:26:00.006Z,NO_MODULE,,,,,dom,waitlist module absent
2026-09-09T06:27:00,2026-09-09T11:27:00.006Z,NO_MODULE,,,,,dom,waitlist module absent
2026-09-09T06:28:00,2026-09-09T11:28:00.005Z,NO_MODULE,,,,,dom,waitlist module absent
2026-09-09T06:29:00,2026-09-09T11:29:00.004Z,NO_MODULE,,,,,dom,waitlist module absent
2026-09-09T06:30:00,2026-09-09T11:30:00.004Z,NO_MODULE,,,,,dom,waitlist module absent
2026-09-09T06:31:00,2026-09-09T11:31:00.006Z,NO_MODULE,,,,,dom,waitlist module absent
2026-09-09T06:32:00,2026-09-09T11:32:00.003Z,NO_MODULE,,,,,dom,waitlist module absent
2026-09-09T06:33:00,2026-09-09T11:33:00.005Z,EMPTY_CLOSED,0,5,15,2,api,
2026-09-09T06:34:00,2026-09-09T11:34:00.029Z,NO_MODULE,,,,,dom,waitlist module absent
2026-09-09T06:35:00,2026-09-09T11:35:00.005Z,NO_MODULE,,,,,dom,waitlist module absent
2026-09-09T06:36:00,2026-09-09T11:36:00.005Z,EMPTY_CLOSED,0,5,15,2,api,
2026-09-09T06:37:00,2026-09-09T11:37:00.029Z,EMPTY_CLOSED,0,5,15,2,api,
2026-09-09T06:38:00,2026-09-09T11:38:00.028Z,EMPTY_CLOSED,0,5,15,2,api,
2026-09-09T06:39:00,2026-09-09T11:39:00.028Z,EMPTY_CLOSED,0,5,15,2,api,
2026-09-09T06:40:00,2026-09-09T11:40:00.019Z,EMPTY_CLOSED,0,5,15,2,api,
2026-09-09T06:41:00,2026-09-09T11:41:00.023Z,EMPTY_CLOSED,0,5,15,2,api,
2026-09-09T06:42:00,2026-09-09T11:42:00.027Z,EMPTY_CLOSED,0,5,15,2,api,
2026-09-09T06:43:00,2026-09-09T11:43:00.028Z,EMPTY_CLOSED,0,5,15,2,api,
2026-09-09T06:44:00,2026-09-09T11:44:00.028Z,EMPTY_CLOSED,0,5,15,2,api,
2026-09-09T06:45:00,2026-09-09T11:45:00.029Z,EMPTY_CLOSED,0,5,15,2,api,
2026-09-09T06:46:00,2026-09-09T11:46:00.003Z,EMPTY_CLOSED,0,5,15,2,api,
2026-09-09T06:47:00,2026-09-09T11:47:00.029Z,EMPTY_CLOSED,0,5,15,2,api,
2026-09-09T06:48:00,2026-09-09T11:48:00.028Z,EMPTY_CLOSED,0,5,15,2,api,
2026-09-09T06:49:00,2026-09-09T11:49:00.028Z,EMPTY_CLOSED,0,5,15,2,api,
2026-09-09T06:50:00,2026-09-09T11:50:00.029Z,EMPTY_CLOSED,0,5,15,2,api,
2026-09-09T06:51:00,2026-09-09T11:51:00.028Z,EMPTY_CLOSED,0,5,15,2,api,
2026-09-09T06:52:00,2026-09-09T11:52:00.003Z,EMPTY_CLOSED,0,5,15,2,api,
2026-09-09T06:53:00,2026-09-09T11:53:00.030Z,EMPTY_CLOSED,0,5,15,2,api,
2026-09-09T06:54:00,2026-09-09T11:54:00.028Z,EMPTY_CLOSED,0,5,15,2,api,
2026-09-09T06:55:00,2026-09-09T11:55:00.028Z,EMPTY_CLOSED,0,5,15,2,api,
2026-09-09T06:56:00,2026-09-09T11:56:00.028Z,EMPTY_CLOSED,0,5,15,2,api,
2026-09-09T06:57:00,2026-09-09T11:57:00.028Z,EMPTY_CLOSED,0,5,15,2,api,
2026-09-09T06:58:00,2026-09-09T11:58:00.028Z,EMPTY_CLOSED,0,5,15,2,api,
2026-09-09T06:59:00,2026-09-09T11:59:00.029Z,EMPTY_CLOSED,0,5,15,2,api,
2026-09-09T07:00:00,2026-09-09T12:00:00.022Z,EMPTY_CLOSED,0,5,15,2,api,
2026-09-09T07:01:00,2026-09-09T12:01:00.028Z,EMPTY_CLOSED,0,5,15,2,api,
2026-09-09T07:02:00,2026-09-09T12:02:00.003Z,EMPTY_CLOSED,0,5,15,2,api,
2026-09-09T07:03:00,2026-09-09T12:03:00.029Z,EMPTY_CLOSED,0,5,15,2,api,
2026-09-09T07:04:00,2026-09-09T12:04:00.028Z,EMPTY_CLOSED,0,5,15,2,api,
2026-09-09T07:05:00,2026-09-09T12:05:00.003Z,EMPTY_CLOSED,0,5,15,2,api,
2026-09-09T07:06:00,2026-09-09T12:06:00.027Z,EMPTY_CLOSED,0,5,15,2,api,
2026-09-09T07:07:00,2026-09-09T12:07:00.028Z,EMPTY_CLOSED,0,5,15,2,api,
2026-09-09T07:08:00,2026-09-09T12:08:00.027Z,EMPTY_CLOSED,0,5,15,2,api,
2026-09-09T07:09:00,2026-09-09T12:09:00.022Z,EMPTY_CLOSED,0,5,15,2,api,
2026-09-09T07:10:00,2026-09-09T12:10:00.029Z,EMPTY_CLOSED,0,5,15,2,api,
2026-09-09T07:11:00,2026-09-09T12:11:00.027Z,EMPTY_CLOSED,0,5,15,2,api,
2026-09-09T07:12:00,2026-09-09T12:12:00.028Z,EMPTY_CLOSED,0,5,15,2,api,
2026-09-09T07:13:00,2026-09-09T12:13:00.028Z,EMPTY_CLOSED,0,5,15,2,api,
2026-09-09T07:14:00,2026-09-09T12:14:00.028Z,EMPTY_CLOSED,0,5,15,2,api,
2026-09-09T07:15:00,2026-09-09T12:15:00.030Z,EMPTY_CLOSED,0,5,15,2,api,
2026-09-09T07:16:00,2026-09-09T12:16:00.027Z,EMPTY_CLOSED,0,5,15,2,api,
2026-09-09T07:17:00,2026-09-09T12:17:00.003Z,EMPTY_CLOSED,0,5,15,2,api,
2026-09-09T07:18:00,2026-09-09T12:18:00.003Z,EMPTY_CLOSED,0,5,15,2,api,
2026-09-09T07:19:00,2026-09-09T12:19:00.019Z,EMPTY_CLOSED,0,5,15,2,api,
2026-09-09T07:20:00,2026-09-09T12:20:00.023Z,EMPTY_CLOSED,0,5,15,2,api,
2026-09-09T07:21:00,2026-09-09T12:21:00.000Z,EMPTY_CLOSED,0,5,15,2,api,
2026-09-09T07:22:00,2026-09-09T12:22:00.003Z,EMPTY_CLOSED,0,5,15,2,api,
2026-09-09T07:23:00,2026-09-09T12:23:00.029Z,EMPTY_CLOSED,0,5,15,2,api,
2026-09-09T07:24:00,2026-09-09T12:24:00.003Z,EMPTY_CLOSED,0,5,15,2,api,
2026-09-09T07:25:00,2026-09-09T12:25:00.027Z,EMPTY_CLOSED,0,5,15,2,api,
2026-09-09T07:26:00,2026-09-09T12:26:00.003Z,EMPTY_CLOSED,0,5,15,2,api,
2026-09-09T07:27:00,2026-09-09T12:27:00.007Z,EMPTY_CLOSED,0,5,15,2,api,
2026-09-09T07:28:00,2026-09-09T12:28:00.013Z,EMPTY_CLOSED,0,5,15,2,api,
2026-09-09T07:29:00,2026-09-09T12:29:00.029Z,EMPTY_CLOSED,0,5,15,2,api,
2026-09-09T07:30:00,2026-09-09T12:30:00.003Z,EMPTY_CLOSED,0,5,15,2,api,
2026-09-09T07:31:00,2026-09-09T12:31:00.029Z,EMPTY_CLOSED,0,5,15,2,api,
2026-09-09T07:32:00,2026-09-09T12:32:00.028Z,EMPTY_CLOSED,0,5,15,2,api,
2026-09-09T07:33:00,2026-09-09T12:33:00.028Z,EMPTY_CLOSED,0,5,15,2,api,
2026-09-09T07:34:00,2026-09-09T12:34:00.029Z,EMPTY_CLOSED,0,5,15,2,api,
2026-09-09T07:35:00,2026-09-09T12:35:00.011Z,EMPTY_CLOSED,0,5,15,2,api,
2026-09-09T07:36:00,2026-09-09T12:36:00.028Z,EMPTY_CLOSED,0,5,15,2,api,
2026-09-09T07:37:00,2026-09-09T12:37:00.028Z,EMPTY_CLOSED,0,5,15,2,api,
2026-09-09T07:38:00,2026-09-09T12:38:00.003Z,EMPTY_CLOSED,0,5,15,2,api,
2026-09-09T07:39:00,2026-09-09T12:39:00.029Z,EMPTY_CLOSED,0,5,15,2,api,
2026-09-09T07:40:00,2026-09-09T12:40:00.002Z,EMPTY_CLOSED,0,5,15,2,api,
2026-09-09T07:41:00,2026-09-09T12:41:00.028Z,EMPTY_CLOSED,0,5,15,2,api,
2026-09-09T07:42:00,2026-09-09T12:42:00.028Z,EMPTY_CLOSED,0,5,15,2,api,
2026-09-09T07:43:00,2026-09-09T12:43:00.003Z,EMPTY_CLOSED,0,5,15,2,api,
2026-09-09T07:44:00,2026-09-09T12:44:00.028Z,EMPTY_CLOSED,0,5,15,2,api,
2026-09-09T07:45:00,2026-09-09T12:45:00.019Z,EMPTY_CLOSED,0,5,15,2,api,
2026-09-09T07:46:00,2026-09-09T12:46:00.027Z,EMPTY_CLOSED,0,5,15,2,api,
2026-09-09T07:47:00,2026-09-09T12:47:00.003Z,EMPTY_CLOSED,0,5,15,2,api,
2026-09-09T07:48:00,2026-09-09T12:48:00.030Z,EMPTY_CLOSED,0,5,15,2,api,
2026-09-09T07:49:00,2026-09-09T12:49:00.028Z,EMPTY_CLOSED,0,5,15,2,api,
2026-09-09T07:50:00,2026-09-09T12:50:00.029Z,EMPTY_CLOSED,0,5,15,2,api,
2026-09-09T07:51:00,2026-09-09T12:51:00.029Z,EMPTY_CLOSED,0,5,15,2,api,
2026-09-09T07:52:00,2026-09-09T12:52:00.028Z,EMPTY_CLOSED,0,5,15,2,api,
2026-09-09T07:53:00,2026-09-09T12:53:00.012Z,EMPTY_CLOSED,0,5,15,2,api,
2026-09-09T07:54:00,2026-09-09T12:54:00.027Z,EMPTY_CLOSED,0,5,15,2,api,
2026-09-09T07:55:00,2026-09-09T12:55:00.028Z,EMPTY_CLOSED,0,5,15,2,api,
2026-09-09T07:56:00,2026-09-09T12:56:00.003Z,EMPTY_CLOSED,0,5,15,2,api,
2026-09-09T07:57:00,2026-09-09T12:57:00.028Z,EMPTY_CLOSED,0,5,15,2,api,
2026-09-09T07:58:00,2026-09-09T12:58:00.028Z,EMPTY_CLOSED,0,5,15,2,api,
2026-09-09T07:59:00,2026-09-09T12:59:00.028Z,EMPTY_CLOSED,0,5,15,2,api,
2026-09-09T08:00:00,2026-09-09T13:00:00.028Z,EMPTY_CLOSED,0,5,15,2,api,
2026-09-09T08:01:00,2026-09-09T13:01:00.029Z,EMPTY_CLOSED,0,5,15,2,api,
2026-09-09T08:02:00,2026-09-09T13:02:00.029Z,EMPTY_CLOSED,0,5,15,2,api,
2026-09-09T08:03:00,2026-09-09T13:03:00.029Z,EMPTY_CLOSED,0,5,15,2,api,
2026-09-09T08:04:00,2026-09-09T13:04:00.001Z,EMPTY_CLOSED,0,5,15,2,api,
2026-09-09T08:05:00,2026-09-09T13:05:00.026Z,EMPTY_CLOSED,0,5,15,2,api,
2026-09-09T08:06:00,2026-09-09T13:06:00.003Z,EMPTY_CLOSED,0,5,15,2,api,
2026-09-09T08:07:00,2026-09-09T13:07:00.027Z,EMPTY_CLOSED,0,5,15,2,api,
2026-09-09T08:08:00,2026-09-09T13:08:00.003Z,EMPTY_CLOSED,0,5,15,2,api,
2026-09-09T08:09:00,2026-09-09T13:09:00.028Z,EMPTY_CLOSED,0,5,15,2,api,
2026-09-09T08:10:00,2026-09-09T13:10:00.028Z,EMPTY_CLOSED,0,5,15,2,api,
2026-09-09T08:11:00,2026-09-09T13:11:00.019Z,EMPTY_CLOSED,0,5,15,2,api,
2026-09-09T08:12:00,2026-09-09T13:12:00.003Z,EMPTY_CLOSED,0,5,15,2,api,
2026-09-09T08:13:00,2026-09-09T13:13:00.008Z,EMPTY_CLOSED,0,5,15,2,api,
2026-09-09T08:14:00,2026-09-09T13:14:00.012Z,EMPTY_CLOSED,0,5,15,2,api,
2026-09-09T08:15:00,2026-09-09T13:15:00.012Z,EMPTY_CLOSED,0,5,15,2,api,
2026-09-09T08:16:00,2026-09-09T13:16:00.028Z,EMPTY_CLOSED,0,5,15,2,api,
2026-09-09T08:17:00,2026-09-09T13:17:00.028Z,EMPTY_CLOSED,0,5,15,2,api,
2026-09-09T08:18:00,2026-09-09T13:18:00.028Z,EMPTY_CLOSED,0,5,15,2,api,
2026-09-09T08:19:00,2026-09-09T13:19:00.014Z,EMPTY_CLOSED,0,5,15,2,api,
2026-09-09T08:20:00,2026-09-09T13:20:00.028Z,EMPTY_CLOSED,0,5,15,2,api,
2026-09-09T08:21:00,2026-09-09T13:21:00.028Z,EMPTY_CLOSED,0,5,15,2,api,
2026-09-09T08:22:00,2026-09-09T13:22:00.029Z,EMPTY_CLOSED,0,5,15,2,api,
2026-09-09T08:23:00,2026-09-09T13:23:00.028Z,EMPTY_CLOSED,0,5,15,2,api,
2026-09-09T08:24:00,2026-09-09T13:24:00.019Z,EMPTY_CLOSED,0,5,15,2,api,
2026-09-09T08:25:00,2026-09-09T13:25:00.028Z,EMPTY_CLOSED,0,5,15,2,api,
2026-09-09T08:26:00,2026-09-09T13:26:00.021Z,EMPTY_CLOSED,0,5,15,2,api,
2026-09-09T08:27:00,2026-09-09T13:27:00.030Z,EMPTY_CLOSED,0,5,15,2,api,
2026-09-09T08:28:00,2026-09-09T13:28:00.028Z,EMPTY_CLOSED,0,5,15,2,api,
2026-09-09T08:29:00,2026-09-09T13:29:00.005Z,EMPTY_CLOSED,0,5,15,2,api,
2026-09-09T08:30:00,2026-09-09T13:30:00.002Z,EMPTY_CLOSED,0,5,15,2,api,
2026-09-09T08:31:00,2026-09-09T13:31:00.021Z,EMPTY_CLOSED,0,5,15,2,api,
2026-09-09T08:32:00,2026-09-09T13:32:00.028Z,EMPTY_CLOSED,0,5,15,2,api,
2026-09-09T08:33:00,2026-09-09T13:33:00.028Z,EMPTY_CLOSED,0,5,15,2,api,
2026-09-09T08:34:00,2026-09-09T13:34:00.019Z,EMPTY_CLOSED,0,5,15,2,api,
2026-09-09T08:35:00,2026-09-09T13:35:00.028Z,EMPTY_CLOSED,0,5,15,2,api,
2026-09-09T08:36:00,2026-09-09T13:36:00.028Z,EMPTY_CLOSED,0,5,15,2,api,
2026-09-09T08:37:00,2026-09-09T13:37:00.019Z,EMPTY_CLOSED,0,5,15,2,api,
2026-09-09T08:38:00,2026-09-09T13:38:00.017Z,EMPTY_CLOSED,0,5,15,2,api,
2026-09-09T08:39:00,2026-09-09T13:39:00.021Z,EMPTY_CLOSED,0,5,15,2,api,
2026-09-09T08:40:00,2026-09-09T13:40:00.028Z,EMPTY_CLOSED,0,5,15,2,api,
2026-09-09T08:41:00,2026-09-09T13:41:00.028Z,EMPTY_CLOSED,0,5,15,2,api,
2026-09-09T08:42:00,2026-09-09T13:42:00.028Z,EMPTY_CLOSED,0,5,15,2,api,
2026-09-09T08:43:00,2026-09-09T13:43:00.030Z,EMPTY_CLOSED,0,5,15,2,api,
2026-09-09T08:44:00,2026-09-09T13:44:00.014Z,EMPTY_CLOSED,0,5,15,2,api,
2026-09-09T08:45:00,2026-09-09T13:45:00.022Z,EMPTY_CLOSED,0,5,15,2,api,
2026-09-09T08:46:00,2026-09-09T13:46:00.029Z,EMPTY_CLOSED,0,5,15,2,api,
2026-09-09T08:47:00,2026-09-09T13:47:00.028Z,EMPTY_CLOSED,0,5,15,2,api,
2026-09-09T08:48:00,2026-09-09T13:48:00.030Z,EMPTY_CLOSED,0,5,15,2,api,
2026-09-09T08:49:00,2026-09-09T13:49:00.028Z,EMPTY_CLOSED,0,5,15,2,api,
2026-09-09T08:50:00,2026-09-09T13:50:00.028Z,EMPTY_CLOSED,0,5,15,2,api,
2026-09-09T08:51:00,2026-09-09T13:51:00.028Z,EMPTY_CLOSED,0,5,15,2,api,
2026-09-09T08:52:00,2026-09-09T13:52:00.028Z,EMPTY_CLOSED,0,5,15,2,api,
2026-09-09T08:53:00,2026-09-09T13:53:00.028Z,EMPTY_CLOSED,0,5,15,2,api,
2026-09-09T08:54:00,2026-09-09T13:54:00.019Z,EMPTY_CLOSED,0,5,15,2,api,
2026-09-09T08:55:00,2026-09-09T13:55:00.023Z,EMPTY_CLOSED,0,5,15,2,api,
2026-09-09T08:56:00,2026-09-09T13:56:00.028Z,EMPTY_CLOSED,0,5,15,2,api,
2026-09-09T08:57:00,2026-09-09T13:57:00.030Z,EMPTY_CLOSED,0,5,15,2,api,
2026-09-09T08:58:00,2026-09-09T13:58:00.028Z,EMPTY_CLOSED,0,5,15,2,api,
2026-09-09T08:59:00,2026-09-09T13:59:00.024Z,EMPTY_CLOSED,0,5,15,2,api,
2026-09-09T09:00:00,2026-09-09T14:00:00.028Z,EMPTY_CLOSED,0,5,15,2,api,
2026-09-09T09:01:00,2026-09-09T14:01:00.029Z,EMPTY_CLOSED,0,5,15,2,api,
2026-09-09T09:02:00,2026-09-09T14:02:00.025Z,EMPTY_CLOSED,0,5,15,2,api,
2026-09-09T09:03:00,2026-09-09T14:03:00.028Z,EMPTY_CLOSED,0,5,15,2,api,
2026-09-09T09:04:00,2026-09-09T14:04:00.022Z,EMPTY_CLOSED,0,5,15,2,api,
2026-09-09T09:05:00,2026-09-09T14:05:00.026Z,EMPTY_CLOSED,0,5,15,2,api,
2026-09-09T09:06:00,2026-09-09T14:06:00.028Z,EMPTY_CLOSED,0,5,15,2,api,
2026-09-09T09:07:00,2026-09-09T14:07:00.028Z,EMPTY_CLOSED,0,5,15,2,api,
2026-09-09T09:08:00,2026-09-09T14:08:00.021Z,EMPTY_CLOSED,0,5,15,2,api,
2026-09-09T09:09:00,2026-09-09T14:09:00.026Z,EMPTY_CLOSED,0,5,15,2,api,
2026-09-09T09:10:00,2026-09-09T14:10:00.027Z,EMPTY_CLOSED,0,5,15,2,api,
2026-09-09T09:11:00,2026-09-09T14:11:00.003Z,EMPTY_CLOSED,0,5,15,2,api,
2026-09-09T09:12:00,2026-09-09T14:12:00.007Z,EMPTY_CLOSED,0,5,15,2,api,
2026-09-09T09:13:00,2026-09-09T14:13:00.028Z,EMPTY_CLOSED,0,5,15,2,api,
2026-09-09T09:14:00,2026-09-09T14:14:00.022Z,EMPTY_CLOSED,0,5,15,2,api,
2026-09-09T09:15:00,2026-09-09T14:15:00.027Z,EMPTY_CLOSED,0,5,15,2,api,
2026-09-09T09:16:00,2026-09-09T14:16:00.003Z,EMPTY_CLOSED,0,5,15,2,api,
2026-09-09T09:17:00,2026-09-09T14:17:00.028Z,EMPTY_CLOSED,0,5,15,2,api,
2026-09-09T09:18:00,2026-09-09T14:18:00.028Z,EMPTY_CLOSED,0,5,15,2,api,
2026-09-09T09:19:00,2026-09-09T14:19:00.026Z,EMPTY_CLOSED,0,5,15,2,api,
2026-09-09T09:20:00,2026-09-09T14:20:00.028Z,EMPTY_CLOSED,0,5,15,2,api,
2026-09-09T09:21:00,2026-09-09T14:21:00.029Z,EMPTY_CLOSED,0,5,15,2,api,
2026-09-09T09:22:00,2026-09-09T14:22:00.015Z,EMPTY_CLOSED,0,5,15,2,api,
2026-09-09T09:23:00,2026-09-09T14:23:00.029Z,EMPTY_CLOSED,0,5,15,2,api,
2026-09-09T09:24:00,2026-09-09T14:24:00.028Z,EMPTY_CLOSED,0,5,15,2,api,
2026-09-09T09:25:00,2026-09-09T14:25:00.011Z,EMPTY_CLOSED,0,5,15,2,api,
2026-09-09T09:26:00,2026-09-09T14:26:00.028Z,EMPTY_CLOSED,0,5,15,2,api,
2026-09-09T09:27:00,2026-09-09T14:27:00.021Z,EMPTY_CLOSED,0,5,15,2,api,
2026-09-09T09:28:00,2026-09-09T14:28:00.026Z,EMPTY_CLOSED,0,5,15,2,api,
2026-09-09T09:29:00,2026-09-09T14:29:00.019Z,EMPTY_CLOSED,0,5,15,2,api,
2026-09-09T09:30:11,2026-09-09T14:30:11.803Z,EMPTY_CLOSED,0,5,15,2,api,
2026-09-09T09:31:00,2026-09-09T14:31:00.005Z,EMPTY_CLOSED,0,5,15,2,api,
2026-09-09T09:32:00,2026-09-09T14:32:00.028Z,EMPTY_CLOSED,0,5,15,2,api,
2026-09-09T09:33:00,2026-09-09T14:33:00.005Z,EMPTY_CLOSED,0,5,15,2,api,
2026-09-09T09:34:00,2026-09-09T14:34:00.029Z,EMPTY_CLOSED,0,5,15,2,api,
2026-09-09T09:35:00,2026-09-09T14:35:00.028Z,EMPTY_CLOSED,0,5,15,2,api,
2026-09-09T09:36:00,2026-09-09T14:36:00.013Z,EMPTY_CLOSED,0,5,15,2,api,
2026-09-09T09:37:00,2026-09-09T14:37:00.028Z,EMPTY_CLOSED,0,5,15,2,api,
2026-09-09T09:38:00,2026-09-09T14:38:00.028Z,EMPTY_CLOSED,0,5,15,2,api,
2026-09-09T09:39:00,2026-09-09T14:39:00.028Z,EMPTY_CLOSED,0,5,15,2,api,
2026-09-09T09:40:00,2026-09-09T14:40:00.028Z,EMPTY_CLOSED,0,5,15,2,api,
2026-09-09T09:41:00,2026-09-09T14:41:00.028Z,EMPTY_CLOSED,0,5,15,2,api,
2026-09-09T09:42:00,2026-09-09T14:42:00.027Z,EMPTY_CLOSED,0,5,15,2,api,
2026-09-09T09:43:00,2026-09-09T14:43:00.028Z,EMPTY_CLOSED,0,5,15,2,api,
2026-09-09T09:44:00,2026-09-09T14:44:00.023Z,EMPTY_CLOSED,0,5,15,2,api,
2026-09-09T09:45:00,2026-09-09T14:45:00.027Z,EMPTY_CLOSED,0,5,15,2,api,
2026-09-09T09:46:00,2026-09-09T14:46:00.028Z,EMPTY_CLOSED,0,5,15,2,api,
2026-09-09T09:47:00,2026-09-09T14:47:00.019Z,EMPTY_CLOSED,0,5,15,2,api,
2026-09-09T09:48:00,2026-09-09T14:48:00.028Z,EMPTY_CLOSED,0,5,15,2,api,
2026-09-09T09:49:00,2026-09-09T14:49:00.028Z,EMPTY_CLOSED,0,5,15,2,api,
2026-09-09T09:50:00,2026-09-09T14:50:00.028Z,EMPTY_CLOSED,0,5,15,2,api,
2026-09-09T09:51:00,2026-09-09T14:51:00.005Z,EMPTY_CLOSED,0,5,15,2,api,
2026-09-09T09:52:00,2026-09-09T14:52:00.023Z,EMPTY_CLOSED,0,5,15,2,api,
2026-09-09T09:53:00,2026-09-09T14:53:00.027Z,EMPTY_CLOSED,0,5,15,2,api,
2026-09-09T09:54:00,2026-09-09T14:54:00.028Z,EMPTY_CLOSED,0,5,15,2,api,
2026-09-09T09:55:00,2026-09-09T14:55:00.005Z,EMPTY_CLOSED,0,5,15,2,api,
2026-09-09T09:56:00,2026-09-09T14:56:00.009Z,EMPTY_CLOSED,0,5,15,2,api,
2026-09-09T09:57:00,2026-09-09T14:57:00.028Z,EMPTY_CLOSED,0,5,15,2,api,
2026-09-09T09:58:00,2026-09-09T14:58:00.028Z,EMPTY_CLOSED,0,5,15,2,api,
2026-09-09T09:59:00,2026-09-09T14:59:00.028Z,EMPTY_CLOSED,0,5,15,2,api,
2026-09-09T10:00:00,2026-09-09T15:00:00.028Z,EMPTY_CLOSED,0,5,15,2,api,
2026-09-09T10:01:00,2026-09-09T15:01:00.028Z,EMPTY_CLOSED,0,5,15,2,api,
2026-09-09T10:02:00,2026-09-09T15:02:00.012Z,EMPTY_CLOSED,0,5,15,2,api,
2026-09-09T10:03:00,2026-09-09T15:03:00.017Z,EMPTY_CLOSED,0,5,15,2,api,
2026-09-09T10:04:00,2026-09-09T15:04:00.027Z,EMPTY_CLOSED,0,5,15,2,api,
2026-09-09T10:05:00,2026-09-09T15:05:00.028Z,EMPTY_CLOSED,0,5,15,2,api,
2026-09-09T10:06:00,2026-09-09T15:06:00.027Z,EMPTY_CLOSED,0,5,15,2,api,
2026-09-09T10:07:00,2026-09-09T15:07:00.028Z,EMPTY_CLOSED,0,5,15,2,api,
2026-09-09T10:08:00,2026-09-09T15:08:00.028Z,EMPTY_CLOSED,0,5,15,2,api,
2026-09-09T10:09:00,2026-09-09T15:09:00.028Z,EMPTY_CLOSED,0,5,15,2,api,
2026-09-09T10:10:00,2026-09-09T15:10:00.013Z,EMPTY_CLOSED,0,5,15,2,api,
2026-09-09T10:11:00,2026-09-09T15:11:00.017Z,EMPTY_CLOSED,0,5,15,2,api,
2026-09-09T10:12:00,2026-09-09T15:12:00.021Z,OPEN,1,5,15,2,api,
2026-09-09T10:13:00,2026-09-09T15:13:00.021Z,OPEN,2,10,20,2,api,
2026-09-09T10:14:00,2026-09-09T15:14:00.028Z,OPEN,4,10,20,2,api,
2026-09-09T10:15:00,2026-09-09T15:15:00.028Z,OPEN,5,10,20,2,api,
2026-09-09T10:16:00,2026-09-09T15:16:00.028Z,OPEN,5,10,20,2,api,
2026-09-09T10:17:00,2026-09-09T15:17:00.023Z,OPEN,3,10,20,2,api,
2026-09-09T10:18:00,2026-09-09T15:18:00.027Z,OPEN,4,10,20,2,api,
2026-09-09T10:19:00,2026-09-09T15:19:00.006Z,OPEN,5,10,20,2,api,
2026-09-09T10:20:00,2026-09-09T15:20:00.028Z,OPEN,4,10,20,2,api,
2026-09-09T10:21:00,2026-09-09T15:21:00.005Z,OPEN,5,10,20,2,api,
2026-09-09T10:22:00,2026-09-09T15:22:00.013Z,OPEN,5,10,20,2,api,
2026-09-09T10:23:00,2026-09-09T15:23:00.005Z,OPEN,7,15,25,2,api,
2026-09-09T10:24:00,2026-09-09T15:24:00.028Z,OPEN,8,15,25,2,api,
2026-09-09T10:25:00,2026-09-09T15:25:00.028Z,OPEN,7,15,25,2,api,
2026-09-09T10:26:00,2026-09-09T15:26:00.024Z,OPEN,6,15,25,2,api,
2026-09-09T10:27:00,2026-09-09T15:27:00.005Z,OPEN,5,10,20,2,api,
2026-09-09T10:28:00,2026-09-09T15:28:00.010Z,OPEN,6,15,25,2,api,
2026-09-09T10:29:00,2026-09-09T15:29:00.028Z,OPEN,8,15,25,2,api,
2026-09-09T10:30:00,2026-09-09T15:30:00.028Z,OPEN,7,15,25,2,api,
2026-09-09T10:31:00,2026-09-09T15:31:00.005Z,OPEN,6,15,25,2,api,
2026-09-09T10:32:00,2026-09-09T15:32:00.028Z,OPEN,6,15,25,2,api,
2026-09-09T10:33:00,2026-09-09T15:33:00.005Z,OPEN,6,15,25,2,api,
2026-09-09T10:34:00,2026-09-09T15:34:00.009Z,OPEN,6,15,25,2,api,
2026-09-09T10:35:00,2026-09-09T15:35:00.013Z,OPEN,6,15,25,2,api,
2026-09-09T10:36:00,2026-09-09T15:36:00.021Z,OPEN,7,15,25,2,api,
2026-09-09T10:37:00,2026-09-09T15:37:00.028Z,OPEN,9,15,25,2,api,
2026-09-09T10:38:00,2026-09-09T15:38:00.027Z,OPEN,11,20,30,2,api,
2026-09-09T10:39:00,2026-09-09T15:39:00.027Z,OPEN,11,20,30,2,api,
2026-09-09T10:40:00,2026-09-09T15:40:00.009Z,OPEN,11,20,30,2,api,
2026-09-09T10:41:00,2026-09-09T15:41:00.005Z,OPEN,10,20,30,2,api,
2026-09-09T10:42:00,2026-09-09T15:42:00.028Z,OPEN,9,15,25,2,api,
2026-09-09T10:43:00,2026-09-09T15:43:00.028Z,OPEN,8,15,25,2,api,
2026-09-09T10:44:00,2026-09-09T15:44:00.028Z,OPEN,7,15,25,2,api,
2026-09-09T10:45:00,2026-09-09T15:45:00.027Z,OPEN,6,15,25,2,api,
2026-09-09T10:46:00,2026-09-09T15:46:00.028Z,OPEN,5,10,20,2,api,
2026-09-09T10:47:00,2026-09-09T15:47:00.028Z,OPEN,7,15,25,2,api,
2026-09-09T10:48:00,2026-09-09T15:48:00.028Z,OPEN,6,15,25,2,api,
2026-09-09T10:49:00,2026-09-09T15:49:00.028Z,OPEN,5,10,20,2,api,
2026-09-09T10:50:00,2026-09-09T15:50:00.028Z,OPEN,9,15,25,2,api,
2026-09-09T10:51:00,2026-09-09T15:51:00.005Z,OPEN,9,15,25,2,api,
2026-09-09T10:52:00,2026-09-09T15:52:00.028Z,OPEN,9,15,25,2,api,
2026-09-09T10:53:00,2026-09-09T15:53:00.006Z,OPEN,10,20,30,2,api,
2026-09-09T10:54:00,2026-09-09T15:54:00.013Z,OPEN,8,15,25,2,api,
2026-09-09T10:55:00,2026-09-09T15:55:00.027Z,OPEN,8,15,25,2,api,
2026-09-09T10:56:00,2026-09-09T15:56:00.028Z,OPEN,7,15,25,2,api,
2026-09-09T10:57:00,2026-09-09T15:57:00.027Z,OPEN,6,15,25,2,api,
2026-09-09T10:58:00,2026-09-09T15:58:00.014Z,OPEN,6,15,25,2,api,
2026-09-09T10:59:00,2026-09-09T15:59:00.028Z,OPEN,5,10,20,2,api,
2026-09-09T11:00:00,2026-09-09T16:00:00.013Z,OPEN,6,15,25,2,api,
2026-09-09T11:01:00,2026-09-09T16:01:00.018Z,OPEN,5,10,20,2,api,
2026-09-09T11:02:00,2026-09-09T16:02:00.028Z,OPEN,5,10,20,2,api,
2026-09-09T11:03:00,2026-09-09T16:03:00.028Z,OPEN,4,10,20,2,api,
2026-09-09T11:04:00,2026-09-09T16:04:00.027Z,OPEN,4,10,20,2,api,
2026-09-09T11:05:00,2026-09-09T16:05:00.028Z,OPEN,4,10,20,2,api,
2026-09-09T11:06:00,2026-09-09T16:06:00.028Z,OPEN,3,10,20,2,api,
2026-09-09T11:07:00,2026-09-09T16:07:00.013Z,OPEN,3,10,20,2,api,
2026-09-09T11:08:00,2026-09-09T16:08:00.028Z,OPEN,2,10,20,2,api,
2026-09-09T11:09:00,2026-09-09T16:09:00.006Z,OPEN,2,10,20,2,api,
2026-09-09T11:10:00,2026-09-09T16:10:00.028Z,OPEN,2,10,20,2,api,
2026-09-09T11:11:00,2026-09-09T16:11:00.028Z,OPEN,2,10,20,2,api,
2026-09-09T11:12:00,2026-09-09T16:12:00.002Z,EMPTY_CLOSED,0,5,15,2,api,
2026-09-09T11:13:00,2026-09-09T16:13:00.025Z,EMPTY_CLOSED,0,5,15,2,api,
2026-09-09T11:14:00,2026-09-09T16:14:00.013Z,EMPTY_CLOSED,0,5,15,2,api,
2026-09-09T11:15:00,2026-09-09T16:15:00.022Z,EMPTY_CLOSED,0,5,15,2,api,
2026-09-09T11:16:00,2026-09-09T16:16:00.021Z,EMPTY_CLOSED,0,5,15,2,api,
2026-09-09T11:17:00,2026-09-09T16:17:00.007Z,EMPTY_CLOSED,0,5,15,2,api,
2026-09-09T11:18:00,2026-09-09T16:18:00.025Z,EMPTY_CLOSED,0,5,15,2,api,
2026-09-09T11:19:00,2026-09-09T16:19:00.028Z,EMPTY_CLOSED,0,5,15,2,api,
2026-09-09T11:20:00,2026-09-09T16:20:00.018Z,EMPTY_CLOSED,0,5,15,2,api,
2026-09-09T11:21:00,2026-09-09T16:21:00.001Z,EMPTY_CLOSED,0,5,15,2,api,
2026-09-09T11:22:00,2026-09-09T16:22:00.028Z,EMPTY_CLOSED,0,5,15,2,api,
2026-09-09T11:23:00,2026-09-09T16:23:00.005Z,EMPTY_CLOSED,0,5,15,2,api,
2026-09-09T11:24:00,2026-09-09T16:24:00.028Z,EMPTY_CLOSED,0,5,15,2,api,
2026-09-09T11:25:00,2026-09-09T16:25:00.009Z,EMPTY_CLOSED,0,5,15,2,api,
2026-09-09T11:26:00,2026-09-09T16:26:00.028Z,EMPTY_CLOSED,0,5,15,2,api,
2026-09-09T11:27:00,2026-09-09T16:27:00.022Z,EMPTY_CLOSED,0,5,15,2,api,
2026-09-09T11:28:00,2026-09-09T16:28:00.027Z,EMPTY_CLOSED,0,5,15,2,api,
2026-09-09T11:29:00,2026-09-09T16:29:00.028Z,EMPTY_CLOSED,0,5,15,2,api,
2026-09-09T11:30:00,2026-09-09T16:30:00.028Z,EMPTY_CLOSED,0,5,15,2,api,
2026-09-09T11:31:00,2026-09-09T16:31:00.028Z,EMPTY_CLOSED,0,5,15,2,api,
2026-09-09T11:32:00,2026-09-09T16:32:00.028Z,EMPTY_CLOSED,0,5,15,2,api,
2026-09-09T11:33:00,2026-09-09T16:33:00.005Z,EMPTY_CLOSED,0,5,15,2,api,
2026-09-09T11:34:00,2026-09-09T16:34:00.009Z,EMPTY_CLOSED,0,5,15,2,api,
2026-09-09T11:35:00,2026-09-09T16:35:00.007Z,EMPTY_CLOSED,0,5,15,2,api,
2026-09-09T11:36:00,2026-09-09T16:36:00.012Z,EMPTY_CLOSED,0,5,15,2,api,
2026-09-09T11:37:00,2026-09-09T16:37:00.021Z,EMPTY_CLOSED,0,5,15,2,api,
2026-09-09T11:38:00,2026-09-09T16:38:00.028Z,EMPTY_CLOSED,0,5,15,2,api,
2026-09-09T11:39:00,2026-09-09T16:39:00.027Z,EMPTY_CLOSED,0,5,15,2,api,
2026-09-09T11:40:00,2026-09-09T16:40:00.002Z,EMPTY_CLOSED,0,5,15,2,api,
2026-09-09T11:41:00,2026-09-09T16:41:00.028Z,EMPTY_CLOSED,0,5,15,2,api,
2026-09-09T11:42:00,2026-09-09T16:42:00.027Z,EMPTY_CLOSED,0,5,15,2,api,
2026-09-09T11:43:00,2026-09-09T16:43:00.028Z,EMPTY_CLOSED,0,5,15,2,api,
2026-09-09T11:44:00,2026-09-09T16:44:00.028Z,EMPTY_CLOSED,0,5,15,2,api,
2026-09-09T11:45:00,2026-09-09T16:45:00.005Z,EMPTY_CLOSED,0,5,15,2,api,
2026-09-09T11:46:00,2026-09-09T16:46:00.009Z,EMPTY_CLOSED,0,5,15,2,api,
2026-09-09T11:47:00,2026-09-09T16:47:00.014Z,EMPTY_CLOSED,0,5,15,2,api,
2026-09-09T11:48:00,2026-09-09T16:48:00.027Z,OPEN,1,5,15,2,api,
2026-09-09T11:49:00,2026-09-09T16:49:00.027Z,OPEN,1,5,15,2,api,
2026-09-09T11:50:00,2026-09-09T16:50:00.028Z,EMPTY_CLOSED,0,5,15,2,api,
2026-09-09T11:51:00,2026-09-09T16:51:00.028Z,EMPTY_CLOSED,0,5,15,2,api,
2026-09-09T11:52:00,2026-09-09T16:52:00.028Z,EMPTY_CLOSED,0,5,15,2,api,
2026-09-09T11:53:00,2026-09-09T16:53:00.027Z,EMPTY_CLOSED,0,5,15,2,api,
2026-09-09T11:54:00,2026-09-09T16:54:00.002Z,EMPTY_CLOSED,0,5,15,2,api,
2026-09-09T11:55:00,2026-09-09T16:55:00.006Z,EMPTY_CLOSED,0,5,15,2,api,
2026-09-09T11:56:00,2026-09-09T16:56:00.028Z,EMPTY_CLOSED,0,5,15,2,api,
2026-09-09T11:57:00,2026-09-09T16:57:00.028Z,EMPTY_CLOSED,0,5,15,2,api,
2026-09-09T11:58:00,2026-09-09T16:58:00.028Z,EMPTY_CLOSED,0,5,15,2,api,
2026-09-09T11:59:00,2026-09-09T16:59:00.005Z,EMPTY_CLOSED,0,5,15,2,api,
2026-09-09T12:00:00,2026-09-09T17:00:00.005Z,EMPTY_CLOSED,0,5,15,2,api,
2026-09-09T12:01:00,2026-09-09T17:01:00.009Z,EMPTY_CLOSED,0,5,15,2,api,
2026-09-09T12:02:00,2026-09-09T17:02:00.028Z,EMPTY_CLOSED,0,5,15,2,api,
2026-09-09T12:03:00,2026-09-09T17:03:00.024Z,EMPTY_CLOSED,0,5,15,2,api,
2026-09-09T12:04:00,2026-09-09T17:04:00.028Z,EMPTY_CLOSED,0,5,15,2,api,
2026-09-09T12:05:00,2026-09-09T17:05:00.027Z,EMPTY_CLOSED,0,5,15,2,api,
2026-09-09T12:06:00,2026-09-09T17:06:00.026Z,EMPTY_CLOSED,0,5,15,2,api,
2026-09-09T12:07:00,2026-09-09T17:07:00.028Z,EMPTY_CLOSED,0,5,15,2,api,
2026-09-09T12:08:00,2026-09-09T17:08:00.028Z,EMPTY_CLOSED,0,5,15,2,api,
2026-09-09T12:09:00,2026-09-09T17:09:00.028Z,EMPTY_CLOSED,0,5,15,2,api,
2026-09-09T12:10:00,2026-09-09T17:10:00.028Z,EMPTY_CLOSED,0,5,15,2,api,
2026-09-09T12:11:00,2026-09-09T17:11:00.028Z,EMPTY_CLOSED,0,5,15,2,api,
2026-09-09T12:12:00,2026-09-09T17:12:00.013Z,EMPTY_CLOSED,0,5,15,2,api,
2026-09-09T12:13:00,2026-09-09T17:13:00.024Z,EMPTY_CLOSED,0,5,15,2,api,
2026-09-09T12:14:00,2026-09-09T17:14:00.028Z,EMPTY_CLOSED,0,5,15,2,api,
2026-09-09T12:15:00,2026-09-09T17:15:00.027Z,EMPTY_CLOSED,0,5,15,2,api,
2026-09-09T12:16:00,2026-09-09T17:16:00.009Z,EMPTY_CLOSED,0,5,15,2,api,
2026-09-09T12:17:00,2026-09-09T17:17:00.013Z,EMPTY_CLOSED,0,5,15,2,api,
2026-09-09T12:18:00,2026-09-09T17:18:00.028Z,EMPTY_CLOSED,0,5,15,2,api,
2026-09-09T12:19:00,2026-09-09T17:19:00.027Z,EMPTY_CLOSED,0,5,15,2,api,
2026-09-09T12:20:00,2026-09-09T17:20:00.027Z,EMPTY_CLOSED,0,5,15,2,api,
2026-09-09T12:21:00,2026-09-09T17:21:00.003Z,EMPTY_CLOSED,0,5,15,2,api,
2026-09-09T12:22:00,2026-09-09T17:22:00.007Z,EMPTY_CLOSED,0,5,15,2,api,
2026-09-09T12:23:00,2026-09-09T17:23:00.028Z,EMPTY_CLOSED,0,5,15,2,api,
2026-09-09T12:24:00,2026-09-09T17:24:00.028Z,EMPTY_CLOSED,0,5,15,2,api,
2026-09-09T12:25:00,2026-09-09T17:25:00.013Z,EMPTY_CLOSED,0,5,15,2,api,
2026-09-09T12:26:00,2026-09-09T17:26:00.024Z,EMPTY_CLOSED,0,5,15,2,api,
2026-09-09T12:27:00,2026-09-09T17:27:00.018Z,EMPTY_CLOSED,0,5,15,2,api,
2026-09-09T12:28:00,2026-09-09T17:28:00.028Z,EMPTY_CLOSED,0,5,15,2,api,
2026-09-09T12:29:00,2026-09-09T17:29:00.027Z,EMPTY_CLOSED,0,5,15,2,api,
2026-09-09T12:30:00,2026-09-09T17:30:00.028Z,EMPTY_CLOSED,0,5,15,2,api,
2026-09-09T12:31:00,2026-09-09T17:31:00.006Z,EMPTY_CLOSED,0,5,15,2,api,
2026-09-09T12:32:00,2026-09-09T17:32:00.026Z,EMPTY_CLOSED,0,5,15,2,api,
2026-09-09T12:33:00,2026-09-09T17:33:00.028Z,EMPTY_CLOSED,0,5,15,2,api,
2026-09-09T12:34:00,2026-09-09T17:34:00.028Z,EMPTY_CLOSED,0,5,15,2,api,
2026-09-09T12:35:00,2026-09-09T17:35:00.028Z,EMPTY_CLOSED,0,5,15,2,api,
2026-09-09T12:36:00,2026-09-09T17:36:00.028Z,EMPTY_CLOSED,0,5,15,2,api,
2026-09-09T12:37:00,2026-09-09T17:37:00.005Z,EMPTY_CLOSED,0,5,15,2,api,
2026-09-09T12:38:00,2026-09-09T17:38:00.028Z,EMPTY_CLOSED,0,5,15,2,api,
2026-09-09T12:39:00,2026-09-09T17:39:00.028Z,EMPTY_CLOSED,0,5,15,2,api,
2026-09-09T12:40:00,2026-09-09T17:40:00.021Z,EMPTY_CLOSED,0,5,15,2,api,
2026-09-09T12:41:00,2026-09-09T17:41:00.028Z,EMPTY_CLOSED,0,5,15,2,api,
2026-09-09T12:42:00,2026-09-09T17:42:00.028Z,EMPTY_CLOSED,0,5,15,2,api,
2026-09-09T12:43:00,2026-09-09T17:43:00.028Z,EMPTY_CLOSED,0,5,15,2,api,
2026-09-09T12:44:00,2026-09-09T17:44:00.028Z,EMPTY_CLOSED,0,5,15,2,api,
2026-09-09T12:45:00,2026-09-09T17:45:00.005Z,EMPTY_CLOSED,0,5,15,2,api,
2026-09-09T12:46:00,2026-09-09T17:46:00.009Z,EMPTY_CLOSED,0,5,15,2,api,
2026-09-09T12:47:00,2026-09-09T17:47:00.028Z,EMPTY_CLOSED,0,5,15,2,api,
2026-09-09T12:48:00,2026-09-09T17:48:00.028Z,EMPTY_CLOSED,0,5,15,2,api,
2026-09-09T12:49:00,2026-09-09T17:49:00.005Z,EMPTY_CLOSED,0,5,15,2,api,
2026-09-09T12:50:00,2026-09-09T17:50:00.021Z,EMPTY_CLOSED,0,5,15,2,api,
2026-09-09T12:51:00,2026-09-09T17:51:00.028Z,EMPTY_CLOSED,0,5,15,2,api,
2026-09-09T12:52:00,2026-09-09T17:52:00.027Z,EMPTY_CLOSED,0,5,15,2,api,
2026-09-09T12:53:00,2026-09-09T17:53:00.028Z,EMPTY_CLOSED,0,5,15,2,api,
2026-09-09T12:54:00,2026-09-09T17:54:00.028Z,EMPTY_CLOSED,0,5,15,2,api,
2026-09-09T12:55:00,2026-09-09T17:55:00.005Z,EMPTY_CLOSED,0,5,15,2,api,
2026-09-09T12:56:00,2026-09-09T17:56:00.028Z,EMPTY_CLOSED,0,5,15,2,api,
2026-09-09T12:57:00,2026-09-09T17:57:00.021Z,EMPTY_CLOSED,0,5,15,2,api,
2026-09-09T12:58:00,2026-09-09T17:58:00.028Z,EMPTY_CLOSED,0,5,15,2,api,
2026-09-09T12:59:00,2026-09-09T17:59:00.028Z,EMPTY_CLOSED,0,5,15,2,api,
2026-09-09T13:00:00,2026-09-09T18:00:00.028Z,EMPTY_CLOSED,0,5,15,2,api,
2026-09-09T13:01:00,2026-09-09T18:01:00.021Z,EMPTY_CLOSED,0,5,15,2,api,
2026-09-09T13:02:00,2026-09-09T18:02:00.027Z,EMPTY_CLOSED,0,5,15,2,api,
2026-09-09T13:03:00,2026-09-09T18:03:00.010Z,EMPTY_CLOSED,0,5,15,2,api,
2026-09-09T13:04:00,2026-09-09T18:04:00.013Z,EMPTY_CLOSED,0,5,15,2,api,
2026-09-09T13:05:00,2026-09-09T18:05:00.028Z,EMPTY_CLOSED,0,5,15,2,api,
2026-09-09T13:06:00,2026-09-09T18:06:00.028Z,EMPTY_CLOSED,0,5,15,2,api,
2026-09-09T13:07:00,2026-09-09T18:07:00.001Z,EMPTY_CLOSED,0,5,15,2,api,
2026-09-09T13:08:00,2026-09-09T18:08:00.028Z,EMPTY_CLOSED,0,5,15,2,api,
2026-09-09T13:09:00,2026-09-09T18:09:00.028Z,EMPTY_CLOSED,0,5,15,2,api,
2026-09-09T13:10:00,2026-09-09T18:10:00.005Z,EMPTY_CLOSED,0,5,15,2,api,
2026-09-09T13:11:00,2026-09-09T18:11:00.008Z,EMPTY_CLOSED,0,5,15,2,api,
2026-09-09T13:12:00,2026-09-09T18:12:00.028Z,EMPTY_CLOSED,0,5,15,2,api,
2026-09-09T13:13:00,2026-09-09T18:13:00.005Z,EMPTY_CLOSED,0,5,15,2,api,
2026-09-09T13:14:00,2026-09-09T18:14:00.021Z,EMPTY_CLOSED,0,5,15,2,api,
2026-09-09T13:15:00,2026-09-09T18:15:00.012Z,EMPTY_CLOSED,0,5,15,2,api,
2026-09-09T13:16:00,2026-09-09T18:16:00.021Z,EMPTY_CLOSED,0,5,15,2,api,
2026-09-09T13:17:00,2026-09-09T18:17:00.025Z,EMPTY_CLOSED,0,5,15,2,api,
2026-09-09T13:18:00,2026-09-09T18:18:00.026Z,EMPTY_CLOSED,0,5,15,2,api,
2026-09-09T13:19:00,2026-09-09T18:19:00.027Z,EMPTY_CLOSED,0,5,15,2,api,
2026-09-09T13:20:00,2026-09-09T18:20:00.028Z,EMPTY_CLOSED,0,5,15,2,api,
2026-09-09T13:21:00,2026-09-09T18:21:00.005Z,EMPTY_CLOSED,0,5,15,2,api,
2026-09-09T13:22:00,2026-09-09T18:22:00.018Z,EMPTY_CLOSED,0,5,15,2,api,
2026-09-09T13:23:00,2026-09-09T18:23:00.027Z,EMPTY_CLOSED,0,5,15,2,api,
2026-09-09T13:24:00,2026-09-09T18:24:00.028Z,EMPTY_CLOSED,0,5,15,2,api,
2026-09-09T13:25:00,2026-09-09T18:25:00.021Z,EMPTY_CLOSED,0,5,15,2,api,
2026-09-09T13:26:00,2026-09-09T18:26:00.019Z,EMPTY_CLOSED,0,5,15,2,api,
2026-09-09T13:27:00,2026-09-09T18:27:00.012Z,EMPTY_CLOSED,0,5,15,2,api,
2026-09-09T13:28:00,2026-09-09T18:28:00.027Z,EMPTY_CLOSED,0,5,15,2,api,
2026-09-09T13:29:00,2026-09-09T18:29:00.028Z,EMPTY_CLOSED,0,5,15,2,api,
2026-09-09T13:30:00,2026-09-09T18:30:00.013Z,EMPTY_CLOSED,0,5,15,2,api,
2026-09-09T13:31:00,2026-09-09T18:31:00.005Z,EMPTY_CLOSED,0,5,15,2,api,
2026-09-09T13:32:00,2026-09-09T18:32:00.020Z,EMPTY_CLOSED,0,5,15,2,api,
2026-09-09T13:33:00,2026-09-09T18:33:00.028Z,EMPTY_CLOSED,0,5,15,2,api,
2026-09-09T13:34:00,2026-09-09T18:34:00.028Z,EMPTY_CLOSED,0,5,15,2,api,
2026-09-09T13:35:00,2026-09-09T18:35:00.005Z,EMPTY_CLOSED,0,5,15,2,api,
2026-09-09T13:36:00,2026-09-09T18:36:00.004Z,EMPTY_CLOSED,0,5,15,2,api,
2026-09-09T13:37:00,2026-09-09T18:37:00.005Z,EMPTY_CLOSED,0,5,15,2,api,
2026-09-09T13:38:00,2026-09-09T18:38:00.009Z,EMPTY_CLOSED,0,5,15,2,api,
2026-09-09T13:39:00,2026-09-09T18:39:00.005Z,EMPTY_CLOSED,0,5,15,2,api,
2026-09-09T13:40:00,2026-09-09T18:40:00.009Z,EMPTY_CLOSED,0,5,15,2,api,
2026-09-09T13:41:00,2026-09-09T18:41:00.014Z,EMPTY_CLOSED,0,5,15,2,api,
2026-09-09T13:42:00,2026-09-09T18:42:00.028Z,EMPTY_CLOSED,0,5,15,2,api,
2026-09-09T13:43:00,2026-09-09T18:43:00.005Z,EMPTY_CLOSED,0,5,15,2,api,
2026-09-09T13:44:00,2026-09-09T18:44:00.028Z,EMPTY_CLOSED,0,5,15,2,api,
2026-09-09T13:45:00,2026-09-09T18:45:00.009Z,EMPTY_CLOSED,0,5,15,2,api,
2026-09-09T13:46:00,2026-09-09T18:46:00.026Z,EMPTY_CLOSED,0,5,15,2,api,
2026-09-09T13:47:00,2026-09-09T18:47:00.028Z,EMPTY_CLOSED,0,5,15,2,api,
2026-09-09T13:48:00,2026-09-09T18:48:00.021Z,EMPTY_CLOSED,0,5,15,2,api,
2026-09-09T13:49:00,2026-09-09T18:49:00.027Z,EMPTY_CLOSED,0,5,15,2,api,
2026-09-09T13:50:00,2026-09-09T18:50:00.027Z,EMPTY_CLOSED,0,5,15,2,api,
2026-09-09T13:51:00,2026-09-09T18:51:00.028Z,EMPTY_CLOSED,0,5,15,2,api,
2026-09-09T13:52:00,2026-09-09T18:52:00.028Z,EMPTY_CLOSED,0,5,15,2,api,
2026-09-09T13:53:00,2026-09-09T18:53:00.028Z,EMPTY_CLOSED,0,5,15,2,api,
2026-09-09T13:54:00,2026-09-09T18:54:00.027Z,EMPTY_CLOSED,0,5,15,2,api,
2026-09-09T13:55:00,2026-09-09T18:55:00.005Z,EMPTY_CLOSED,0,5,15,2,api,
2026-09-09T13:56:00,2026-09-09T18:56:00.013Z,EMPTY_CLOSED,0,5,15,2,api,
2026-09-09T13:57:00,2026-09-09T18:57:00.028Z,EMPTY_CLOSED,0,5,15,2,api,
2026-09-09T13:58:00,2026-09-09T18:58:00.028Z,EMPTY_CLOSED,0,5,15,2,api,
2026-09-09T13:59:00,2026-09-09T18:59:00.012Z,EMPTY_CLOSED,0,5,15,2,api,
2026-09-09T14:00:13,2026-09-09T19:00:13.042Z,EMPTY_CLOSED,0,5,15,2,api,
2026-09-09T14:01:00,2026-09-09T19:01:00.017Z,EMPTY_CLOSED,0,5,15,2,api,
2026-09-09T14:02:00,2026-09-09T19:02:00.044Z,EMPTY_CLOSED,0,5,15,2,api,
2026-09-09T14:03:00,2026-09-09T19:03:00.045Z,EMPTY_CLOSED,0,5,15,2,api,
2026-09-09T14:04:00,2026-09-09T19:04:00.043Z,EMPTY_CLOSED,0,5,15,2,api,
2026-09-09T14:05:00,2026-09-09T19:05:00.044Z,EMPTY_CLOSED,0,5,15,2,api,
2026-09-09T14:06:00,2026-09-09T19:06:00.040Z,EMPTY_CLOSED,0,5,15,2,api,
2026-09-09T14:07:00,2026-09-09T19:07:00.043Z,EMPTY_CLOSED,0,5,15,2,api,
2026-09-09T14:08:00,2026-09-09T19:08:00.008Z,EMPTY_CLOSED,0,5,15,2,api,
2026-09-09T14:09:00,2026-09-09T19:09:00.040Z,EMPTY_CLOSED,0,5,15,2,api,
2026-09-09T14:10:00,2026-09-09T19:10:00.044Z,EMPTY_CLOSED,0,5,15,2,api,
2026-09-09T14:11:00,2026-09-09T19:11:00.040Z,EMPTY_CLOSED,0,5,15,2,api,
2026-09-09T14:12:00,2026-09-09T19:12:00.043Z,EMPTY_CLOSED,0,5,15,2,api,
2026-09-09T14:13:00,2026-09-09T19:13:00.043Z,EMPTY_CLOSED,0,5,15,2,api,
2026-09-09T14:14:00,2026-09-09T19:14:00.008Z,EMPTY_CLOSED,0,5,15,2,api,
2026-09-09T14:15:00,2026-09-09T19:15:00.044Z,EMPTY_CLOSED,0,5,15,2,api,
2026-09-09T14:16:00,2026-09-09T19:16:00.043Z,EMPTY_CLOSED,0,5,15,2,api,
2026-09-09T14:17:00,2026-09-09T19:17:00.044Z,EMPTY_CLOSED,0,5,15,2,api,
2026-09-09T14:18:00,2026-09-09T19:18:00.008Z,EMPTY_CLOSED,0,5,15,2,api,
2026-09-09T14:19:00,2026-09-09T19:19:00.045Z,EMPTY_CLOSED,0,5,15,2,api,
2026-09-09T14:20:00,2026-09-09T19:20:00.031Z,EMPTY_CLOSED,0,5,15,2,api,
2026-09-09T14:21:00,2026-09-09T19:21:00.035Z,EMPTY_CLOSED,0,5,15,2,api,
2026-09-09T14:22:00,2026-09-09T19:22:00.040Z,EMPTY_CLOSED,0,5,15,2,api,
2026-09-09T14:23:00,2026-09-09T19:23:00.040Z,EMPTY_CLOSED,0,5,15,2,api,
2026-09-09T14:24:00,2026-09-09T19:24:00.044Z,EMPTY_CLOSED,0,5,15,2,api,
2026-09-09T14:25:00,2026-09-09T19:25:00.040Z,EMPTY_CLOSED,0,5,15,2,api,
2026-09-09T14:26:00,2026-09-09T19:26:00.008Z,EMPTY_CLOSED,0,5,15,2,api,
2026-09-09T14:27:00,2026-09-09T19:27:00.044Z,EMPTY_CLOSED,0,5,15,2,api,
2026-09-09T14:28:00,2026-09-09T19:28:00.020Z,EMPTY_CLOSED,0,5,15,2,api,
2026-09-09T14:29:00,2026-09-09T19:29:00.016Z,EMPTY_CLOSED,0,5,15,2,api,
2026-09-09T14:30:00,2026-09-09T19:30:00.008Z,EMPTY_CLOSED,0,5,15,2,api,
2026-09-09T14:31:00,2026-09-09T19:31:00.012Z,EMPTY_CLOSED,0,5,15,2,api,
2026-09-09T14:32:00,2026-09-09T19:32:00.044Z,EMPTY_CLOSED,0,5,15,2,api,
2026-09-09T14:33:00,2026-09-09T19:33:00.012Z,EMPTY_CLOSED,0,5,15,2,api,
2026-09-09T14:34:00,2026-09-09T19:34:00.016Z,EMPTY_CLOSED,0,5,15,2,api,
2026-09-09T14:35:00,2026-09-09T19:35:00.020Z,EMPTY_CLOSED,0,5,15,2,api,
2026-09-09T14:36:00,2026-09-09T19:36:00.008Z,EMPTY_CLOSED,0,5,15,2,api,
2026-09-09T14:37:00,2026-09-09T19:37:00.016Z,EMPTY_CLOSED,0,5,15,2,api,
2026-09-09T14:38:00,2026-09-09T19:38:00.006Z,EMPTY_CLOSED,0,5,15,2,api,
2026-09-09T14:39:00,2026-09-09T19:39:00.032Z,EMPTY_CLOSED,0,5,15,2,api,
2026-09-09T14:40:00,2026-09-09T19:40:00.008Z,EMPTY_CLOSED,0,5,15,2,api,
2026-09-09T14:41:00,2026-09-09T19:41:00.040Z,EMPTY_CLOSED,0,5,15,2,api,
2026-09-09T14:42:00,2026-09-09T19:42:00.017Z,NO_MODULE,,,,,dom,waitlist module absent
2026-09-09T14:43:00,2026-09-09T19:43:00.000Z,NO_MODULE,,,,,dom,waitlist module absent
2026-09-09T14:44:00,2026-09-09T19:44:00.005Z,NO_MODULE,,,,,dom,waitlist module absent
2026-09-09T14:45:00,2026-09-09T19:45:00.006Z,NO_MODULE,,,,,dom,waitlist module absent
2026-09-09T14:46:00,2026-09-09T19:46:00.005Z,EMPTY_CLOSED,0,5,15,2,api,
2026-09-09T14:47:00,2026-09-09T19:47:00.044Z,NO_MODULE,,,,,dom,waitlist module absent
2026-09-09T14:48:00,2026-09-09T19:48:00.000Z,NO_MODULE,,,,,dom,waitlist module absent
2026-09-09T14:49:00,2026-09-09T19:49:00.004Z,NO_MODULE,,,,,dom,waitlist module absent
2026-09-09T14:50:00,2026-09-09T19:50:00.005Z,NO_MODULE,,,,,dom,waitlist module absent
2026-09-09T14:51:00,2026-09-09T19:51:00.004Z,NO_MODULE,,,,,dom,waitlist module absent
2026-09-09T14:52:00,2026-09-09T19:52:00.006Z,NO_MODULE,,,,,dom,waitlist module absent
2026-09-09T14:53:00,2026-09-09T19:53:00.004Z,NO_MODULE,,,,,dom,waitlist module absent
2026-09-09T14:54:00,2026-09-09T19:54:00.004Z,NO_MODULE,,,,,dom,waitlist module absent
2026-09-09T14:55:00,2026-09-09T19:55:00.004Z,NO_MODULE,,,,,dom,waitlist module absent
2026-09-09T14:56:00,2026-09-09T19:56:00.005Z,NO_MODULE,,,,,dom,waitlist module absent
2026-09-09T14:57:00,2026-09-09T19:57:00.005Z,NO_MODULE,,,,,dom,waitlist module absent
2026-09-09T14:58:00,2026-09-09T19:58:00.004Z,NO_MODULE,,,,,dom,waitlist module absent
2026-09-09T14:59:00,2026-09-09T19:59:00.004Z,NO_MODULE,,,,,dom,waitlist module absent
2026-09-09T15:00:00,2026-09-09T20:00:00.006Z,NO_MODULE,,,,,dom,waitlist module absent
2026-09-09T15:01:00,2026-09-09T20:01:00.004Z,NO_MODULE,,,,,dom,waitlist module absent
2026-09-09T15:02:00,2026-09-09T20:02:00.003Z,NO_MODULE,,,,,dom,waitlist module absent
2026-09-09T15:03:00,2026-09-09T20:03:00.005Z,NO_MODULE,,,,,dom,waitlist module absent
2026-09-09T15:04:00,2026-09-09T20:04:00.004Z,NO_MODULE,,,,,dom,waitlist module absent
2026-09-09T15:05:00,2026-09-09T20:05:00.005Z,NO_MODULE,,,,,dom,waitlist module absent
2026-09-09T15:06:00,2026-09-09T20:06:00.005Z,NO_MODULE,,,,,dom,waitlist module absent
2026-09-09T15:07:00,2026-09-09T20:07:00.004Z,NO_MODULE,,,,,dom,waitlist module absent
2026-09-09T15:08:00,2026-09-09T20:08:00.006Z,NO_MODULE,,,,,dom,waitlist module absent
2026-09-09T15:09:00,2026-09-09T20:09:00.005Z,NO_MODULE,,,,,dom,waitlist module absent
2026-09-09T15:10:00,2026-09-09T20:10:00.005Z,NO_MODULE,,,,,dom,waitlist module absent
2026-09-09T15:11:00,2026-09-09T20:11:00.004Z,NO_MODULE,,,,,dom,waitlist module absent
2026-09-09T15:12:00,2026-09-09T20:12:00.005Z,NO_MODULE,,,,,dom,waitlist module absent
2026-09-09T15:13:00,2026-09-09T20:13:00.005Z,NO_MODULE,,,,,dom,waitlist module absent
2026-09-09T15:14:00,2026-09-09T20:14:00.000Z,NO_MODULE,,,,,dom,waitlist module absent
2026-09-09T15:15:00,2026-09-09T20:15:00.006Z,NO_MODULE,,,,,dom,waitlist module absent
2026-09-09T15:16:00,2026-09-09T20:16:00.005Z,NO_MODULE,,,,,dom,waitlist module absent
2026-09-09T15:17:00,2026-09-09T20:17:00.004Z,NO_MODULE,,,,,dom,waitlist module absent
2026-09-09T15:18:00,2026-09-09T20:18:00.004Z,NO_MODULE,,,,,dom,waitlist module absent
2026-09-09T15:19:00,2026-09-09T20:19:00.004Z,NO_MODULE,,,,,dom,waitlist module absent
2026-09-09T15:20:00,2026-09-09T20:20:00.006Z,NO_MODULE,,,,,dom,waitlist module absent
2026-09-09T15:21:00,2026-09-09T20:21:00.004Z,NO_MODULE,,,,,dom,waitlist module absent
2026-09-09T15:22:00,2026-09-09T20:22:00.004Z,NO_MODULE,,,,,dom,waitlist module absent
2026-09-09T15:23:00,2026-09-09T20:23:00.004Z,NO_MODULE,,,,,dom,waitlist module absent
2026-09-09T15:24:00,2026-09-09T20:24:00.004Z,NO_MODULE,,,,,dom,waitlist module absent
2026-09-09T15:25:00,2026-09-09T20:25:00.006Z,NO_MODULE,,,,,dom,waitlist module absent
2026-09-09T15:26:00,2026-09-09T20:26:00.005Z,NO_MODULE,,,,,dom,waitlist module absent
2026-09-09T15:27:00,2026-09-09T20:27:00.005Z,NO_MODULE,,,,,dom,waitlist module absent
2026-09-09T15:28:00,2026-09-09T20:28:00.006Z,NO_MODULE,,,,,dom,waitlist module absent
2026-09-09T15:29:00,2026-09-09T20:29:00.004Z,NO_MODULE,,,,,dom,waitlist module absent
2026-09-10T06:00:23,2026-09-10T11:00:23.963Z,NO_MODULE,,,,,dom,waitlist module absent
2026-09-10T06:02:00,2026-09-10T11:02:00.008Z,NO_MODULE,,,,,dom,waitlist module absent
2026-09-10T06:03:00,2026-09-10T11:03:00.004Z,NO_MODULE,,,,,dom,waitlist module absent
2026-09-10T06:04:00,2026-09-10T11:04:00.005Z,NO_MODULE,,,,,dom,waitlist module absent
2026-09-10T06:05:00,2026-09-10T11:05:00.003Z,NO_MODULE,,,,,dom,waitlist module absent
2026-09-10T06:06:00,2026-09-10T11:06:00.004Z,NO_MODULE,,,,,dom,waitlist module absent
2026-09-10T06:07:00,2026-09-10T11:07:00.005Z,NO_MODULE,,,,,dom,waitlist module absent
2026-09-10T06:08:00,2026-09-10T11:08:00.005Z,NO_MODULE,,,,,dom,waitlist module absent
2026-09-10T06:09:00,2026-09-10T11:09:00.005Z,NO_MODULE,,,,,dom,waitlist module absent
2026-09-10T06:10:00,2026-09-10T11:10:00.006Z,NO_MODULE,,,,,dom,waitlist module absent
2026-09-10T06:11:00,2026-09-10T11:11:00.005Z,NO_MODULE,,,,,dom,waitlist module absent
2026-09-10T06:12:00,2026-09-10T11:12:00.005Z,NO_MODULE,,,,,dom,waitlist module absent
2026-09-10T06:13:00,2026-09-10T11:13:00.006Z,NO_MODULE,,,,,dom,waitlist module absent
2026-09-10T06:14:00,2026-09-10T11:14:00.005Z,NO_MODULE,,,,,dom,waitlist module absent
2026-09-10T06:15:00,2026-09-10T11:15:00.005Z,NO_MODULE,,,,,dom,waitlist module absent
2026-09-10T06:16:00,2026-09-10T11:16:00.004Z,NO_MODULE,,,,,dom,waitlist module absent
2026-09-10T06:17:00,2026-09-10T11:17:00.005Z,NO_MODULE,,,,,dom,waitlist module absent
2026-09-10T06:18:00,2026-09-10T11:18:00.005Z,NO_MODULE,,,,,dom,waitlist module absent
2026-09-10T06:19:00,2026-09-10T11:19:00.004Z,NO_MODULE,,,,,dom,waitlist module absent
2026-09-10T06:20:00,2026-09-10T11:20:00.005Z,NO_MODULE,,,,,dom,waitlist module absent
2026-09-10T06:21:00,2026-09-10T11:21:00.004Z,NO_MODULE,,,,,dom,waitlist module absent
2026-09-10T06:22:00,2026-09-10T11:22:00.004Z,NO_MODULE,,,,,dom,waitlist module absent
2026-09-10T06:23:00,2026-09-10T11:23:00.005Z,NO_MODULE,,,,,dom,waitlist module absent
2026-09-10T06:24:00,2026-09-10T11:24:00.005Z,NO_MODULE,,,,,dom,waitlist module absent
2026-09-10T06:25:00,2026-09-10T11:25:00.004Z,NO_MODULE,,,,,dom,waitlist module absent
2026-09-10T06:26:00,2026-09-10T11:26:00.005Z,NO_MODULE,,,,,dom,waitlist module absent
2026-09-10T06:27:00,2026-09-10T11:27:00.005Z,NO_MODULE,,,,,dom,waitlist module absent
2026-09-10T06:28:00,2026-09-10T11:28:00.005Z,NO_MODULE,,,,,dom,waitlist module absent
2026-09-10T06:29:00,2026-09-10T11:29:00.005Z,NO_MODULE,,,,,dom,waitlist module absent
2026-09-10T06:30:00,2026-09-10T11:30:00.005Z,NO_MODULE,,,,,dom,waitlist module absent
2026-09-10T06:31:00,2026-09-10T11:31:00.005Z,NO_MODULE,,,,,dom,waitlist module absent
2026-09-10T06:32:00,2026-09-10T11:32:00.004Z,NO_MODULE,,,,,dom,waitlist module absent
2026-09-10T06:33:00,2026-09-10T11:33:00.004Z,NO_MODULE,,,,,dom,waitlist module absent
2026-09-10T06:34:00,2026-09-10T11:34:00.005Z,NO_MODULE,,,,,dom,waitlist module absent
2026-09-10T06:35:00,2026-09-10T11:35:00.004Z,NO_MODULE,,,,,dom,waitlist module absent
2026-09-10T06:36:00,2026-09-10T11:36:00.005Z,NO_MODULE,,,,,dom,waitlist module absent
2026-09-10T06:37:00,2026-09-10T11:37:00.005Z,NO_MODULE,,,,,dom,waitlist module absent
2026-09-10T06:38:00,2026-09-10T11:38:00.004Z,NO_MODULE,,,,,dom,waitlist module absent
2026-09-10T06:39:00,2026-09-10T11:39:00.005Z,EMPTY_CLOSED,0,5,15,2,api,
2026-09-10T06:40:00,2026-09-10T11:40:00.009Z,EMPTY_CLOSED,0,5,15,2,api,
2026-09-10T06:41:00,2026-09-10T11:41:00.029Z,EMPTY_CLOSED,0,5,15,2,api,
2026-09-10T06:42:00,2026-09-10T11:42:00.005Z,EMPTY_CLOSED,0,5,15,2,api,
2026-09-10T06:43:00,2026-09-10T11:43:00.043Z,EMPTY_CLOSED,0,5,15,2,api,
2026-09-10T06:44:00,2026-09-10T11:44:00.044Z,EMPTY_CLOSED,0,5,15,2,api,
2026-09-10T06:45:00,2026-09-10T11:45:00.034Z,EMPTY_CLOSED,0,5,15,2,api,
2026-09-10T06:46:00,2026-09-10T11:46:00.044Z,EMPTY_CLOSED,0,5,15,2,api,
2026-09-10T06:47:00,2026-09-10T11:47:00.019Z,EMPTY_CLOSED,0,5,15,2,api,
2026-09-10T06:48:00,2026-09-10T11:48:00.040Z,EMPTY_CLOSED,0,5,15,2,api,
2026-09-10T06:49:00,2026-09-10T11:49:00.012Z,EMPTY_CLOSED,0,5,15,2,api,
2026-09-10T06:50:00,2026-09-10T11:50:00.027Z,EMPTY_CLOSED,0,5,15,2,api,
2026-09-10T06:51:00,2026-09-10T11:51:00.044Z,EMPTY_CLOSED,0,5,15,2,api,
2026-09-10T06:52:00,2026-09-10T11:52:00.043Z,EMPTY_CLOSED,0,5,15,2,api,
2026-09-10T06:53:00,2026-09-10T11:53:00.019Z,EMPTY_CLOSED,0,5,15,2,api,
2026-09-10T06:54:00,2026-09-10T11:54:00.044Z,EMPTY_CLOSED,0,5,15,2,api,
2026-09-10T06:55:00,2026-09-10T11:55:00.044Z,EMPTY_CLOSED,0,5,15,2,api,
2026-09-10T06:56:00,2026-09-10T11:56:00.044Z,EMPTY_CLOSED,0,5,15,2,api,
2026-09-10T06:57:00,2026-09-10T11:57:00.044Z,EMPTY_CLOSED,0,5,15,2,api,
2026-09-10T06:58:00,2026-09-10T11:58:00.044Z,EMPTY_CLOSED,0,5,15,2,api,
2026-09-10T06:59:00,2026-09-10T11:59:00.010Z,EMPTY_CLOSED,0,5,15,2,api,
2026-09-10T07:00:00,2026-09-10T12:00:00.044Z,EMPTY_CLOSED,0,5,15,2,api,
2026-09-10T07:01:00,2026-09-10T12:01:00.044Z,EMPTY_CLOSED,0,5,15,2,api,
2026-09-10T07:02:00,2026-09-10T12:02:00.022Z,EMPTY_CLOSED,0,5,15,2,api,
2026-09-10T07:03:00,2026-09-10T12:03:00.019Z,EMPTY_CLOSED,0,5,15,2,api,
2026-09-10T07:04:00,2026-09-10T12:04:00.029Z,EMPTY_CLOSED,0,5,15,2,api,
2026-09-10T07:05:00,2026-09-10T12:05:00.043Z,EMPTY_CLOSED,0,5,15,2,api,
2026-09-10T07:06:00,2026-09-10T12:06:00.030Z,EMPTY_CLOSED,0,5,15,2,api,
2026-09-10T07:07:00,2026-09-10T12:07:00.019Z,EMPTY_CLOSED,0,5,15,2,api,
2026-09-10T07:08:00,2026-09-10T12:08:00.044Z,EMPTY_CLOSED,0,5,15,2,api,
2026-09-10T07:09:00,2026-09-10T12:09:00.027Z,EMPTY_CLOSED,0,5,15,2,api,
2026-09-10T07:10:00,2026-09-10T12:10:00.043Z,EMPTY_CLOSED,0,5,15,2,api,
2026-09-10T07:11:00,2026-09-10T12:11:00.044Z,EMPTY_CLOSED,0,5,15,2,api,
2026-09-10T07:12:00,2026-09-10T12:12:00.044Z,EMPTY_CLOSED,0,5,15,2,api,
2026-09-10T07:13:00,2026-09-10T12:13:00.044Z,OPEN,1,5,15,2,api,
2026-09-10T07:14:00,2026-09-10T12:14:00.011Z,EMPTY_CLOSED,0,5,15,2,api,
2026-09-10T07:15:00,2026-09-10T12:15:00.019Z,EMPTY_CLOSED,0,5,15,2,api,
2026-09-10T07:16:00,2026-09-10T12:16:00.027Z,EMPTY_CLOSED,0,5,15,2,api,
2026-09-10T07:17:00,2026-09-10T12:17:00.019Z,EMPTY_CLOSED,0,5,15,2,api,
2026-09-10T07:18:00,2026-09-10T12:18:00.043Z,EMPTY_CLOSED,0,5,15,2,api,
2026-09-10T07:19:00,2026-09-10T12:19:00.019Z,EMPTY_CLOSED,0,5,15,2,api,
2026-09-10T07:20:00,2026-09-10T12:20:00.043Z,EMPTY_CLOSED,0,5,15,2,api,
2026-09-10T07:21:00,2026-09-10T12:21:00.007Z,EMPTY_CLOSED,0,5,15,2,api,
2026-09-10T07:22:00,2026-09-10T12:22:00.019Z,EMPTY_CLOSED,0,5,15,2,api,
2026-09-10T07:23:00,2026-09-10T12:23:00.044Z,EMPTY_CLOSED,0,5,15,2,api,
2026-09-10T07:24:00,2026-09-10T12:24:00.044Z,EMPTY_CLOSED,0,5,15,2,api,
2026-09-10T07:25:00,2026-09-10T12:25:00.006Z,EMPTY_CLOSED,0,5,15,2,api,
2026-09-10T07:26:00,2026-09-10T12:26:00.010Z,EMPTY_CLOSED,0,5,15,2,api,
2026-09-10T07:27:00,2026-09-10T12:27:00.039Z,EMPTY_CLOSED,0,5,15,2,api,
2026-09-10T07:28:00,2026-09-10T12:28:00.044Z,EMPTY_CLOSED,0,5,15,2,api,
2026-09-10T07:29:00,2026-09-10T12:29:00.042Z,EMPTY_CLOSED,0,5,15,2,api,
2026-09-10T07:30:00,2026-09-10T12:30:00.044Z,EMPTY_CLOSED,0,5,15,2,api,
2026-09-10T07:31:00,2026-09-10T12:31:00.043Z,EMPTY_CLOSED,0,5,15,2,api,
2026-09-10T07:32:00,2026-09-10T12:32:00.014Z,EMPTY_CLOSED,0,5,15,2,api,
2026-09-10T07:33:00,2026-09-10T12:33:00.043Z,EMPTY_CLOSED,0,5,15,2,api,
2026-09-10T07:34:00,2026-09-10T12:34:00.043Z,EMPTY_CLOSED,0,5,15,2,api,
2026-09-10T07:35:00,2026-09-10T12:35:00.044Z,EMPTY_CLOSED,0,5,15,2,api,
2026-09-10T07:36:00,2026-09-10T12:36:00.042Z,EMPTY_CLOSED,0,5,15,2,api,
2026-09-10T07:37:00,2026-09-10T12:37:00.009Z,EMPTY_CLOSED,0,5,15,2,api,
2026-09-10T07:38:00,2026-09-10T12:38:00.045Z,EMPTY_CLOSED,0,5,15,2,api,
2026-09-10T07:39:00,2026-09-10T12:39:00.019Z,EMPTY_CLOSED,0,5,15,2,api,
2026-09-10T07:40:00,2026-09-10T12:40:00.024Z,EMPTY_CLOSED,0,5,15,2,api,
2026-09-10T07:41:00,2026-09-10T12:41:00.019Z,EMPTY_CLOSED,0,5,15,2,api,
2026-09-10T07:42:00,2026-09-10T12:42:00.027Z,EMPTY_CLOSED,0,5,15,2,api,
2026-09-10T07:43:00,2026-09-10T12:43:00.019Z,EMPTY_CLOSED,0,5,15,2,api,
2026-09-10T07:44:00,2026-09-10T12:44:00.043Z,EMPTY_CLOSED,0,5,15,2,api,
2026-09-10T07:45:00,2026-09-10T12:45:00.044Z,EMPTY_CLOSED,0,5,15,2,api,
2026-09-10T07:46:00,2026-09-10T12:46:00.044Z,EMPTY_CLOSED,0,5,15,2,api,
2026-09-10T07:47:00,2026-09-10T12:47:00.000Z,EMPTY_CLOSED,0,5,15,2,api,
2026-09-10T07:48:00,2026-09-10T12:48:00.018Z,EMPTY_CLOSED,0,5,15,2,api,
2026-09-10T07:49:00,2026-09-10T12:49:00.022Z,EMPTY_CLOSED,0,5,15,2,api,
2026-09-10T07:50:00,2026-09-10T12:50:00.044Z,EMPTY_CLOSED,0,5,15,2,api,
2026-09-10T07:51:00,2026-09-10T12:51:00.044Z,EMPTY_CLOSED,0,5,15,2,api,
2026-09-10T07:52:00,2026-09-10T12:52:00.031Z,EMPTY_CLOSED,0,5,15,2,api,
2026-09-10T07:53:00,2026-09-10T12:53:00.011Z,EMPTY_CLOSED,0,5,15,2,api,
2026-09-10T07:54:00,2026-09-10T12:54:00.044Z,EMPTY_CLOSED,0,5,15,2,api,
2026-09-10T07:55:00,2026-09-10T12:55:00.044Z,EMPTY_CLOSED,0,5,15,2,api,
2026-09-10T07:56:00,2026-09-10T12:56:00.044Z,EMPTY_CLOSED,0,5,15,2,api,
2026-09-10T07:57:00,2026-09-10T12:57:00.019Z,EMPTY_CLOSED,0,5,15,2,api,
2026-09-10T07:58:00,2026-09-10T12:58:00.018Z,EMPTY_CLOSED,0,5,15,2,api,
2026-09-10T07:59:00,2026-09-10T12:59:00.021Z,EMPTY_CLOSED,0,5,15,2,api,
2026-09-10T08:00:00,2026-09-10T13:00:00.038Z,EMPTY_CLOSED,0,5,15,2,api,
2026-09-10T08:01:00,2026-09-10T13:01:00.044Z,EMPTY_CLOSED,0,5,15,2,api,
2026-09-10T08:02:00,2026-09-10T13:02:00.044Z,EMPTY_CLOSED,0,5,15,2,api,
2026-09-10T08:03:00,2026-09-10T13:03:00.043Z,EMPTY_CLOSED,0,5,15,2,api,
2026-09-10T08:04:00,2026-09-10T13:04:00.019Z,EMPTY_CLOSED,0,5,15,2,api,
2026-09-10T08:05:00,2026-09-10T13:05:00.044Z,EMPTY_CLOSED,0,5,15,2,api,
2026-09-10T08:06:00,2026-09-10T13:06:00.044Z,EMPTY_CLOSED,0,5,15,2,api,
2026-09-10T08:07:00,2026-09-10T13:07:00.043Z,EMPTY_CLOSED,0,5,15,2,api,
2026-09-10T08:08:00,2026-09-10T13:08:00.007Z,EMPTY_CLOSED,0,5,15,2,api,
2026-09-10T08:09:00,2026-09-10T13:09:00.011Z,EMPTY_CLOSED,0,5,15,2,api,
2026-09-10T08:10:00,2026-09-10T13:10:00.043Z,EMPTY_CLOSED,0,5,15,2,api,
2026-09-10T08:11:00,2026-09-10T13:11:00.044Z,EMPTY_CLOSED,0,5,15,2,api,
2026-09-10T08:12:00,2026-09-10T13:12:00.043Z,EMPTY_CLOSED,0,5,15,2,api,
2026-09-10T08:13:00,2026-09-10T13:13:00.043Z,EMPTY_CLOSED,0,5,15,2,api,
2026-09-10T08:14:00,2026-09-10T13:14:00.044Z,EMPTY_CLOSED,0,5,15,2,api,
2026-09-10T08:15:00,2026-09-10T13:15:00.014Z,EMPTY_CLOSED,0,5,15,2,api,
2026-09-10T08:16:00,2026-09-10T13:16:00.018Z,EMPTY_CLOSED,0,5,15,2,api,
2026-09-10T08:17:00,2026-09-10T13:17:00.004Z,EMPTY_CLOSED,0,5,15,2,api,
2026-09-10T08:18:00,2026-09-10T13:18:00.008Z,EMPTY_CLOSED,0,5,15,2,api,
2026-09-10T08:19:00,2026-09-10T13:19:00.042Z,EMPTY_CLOSED,0,5,15,2,api,
2026-09-10T08:20:00,2026-09-10T13:20:00.045Z,EMPTY_CLOSED,0,5,15,2,api,
2026-09-10T08:21:00,2026-09-10T13:21:00.044Z,EMPTY_CLOSED,0,5,15,2,api,
2026-09-10T08:22:00,2026-09-10T13:22:00.037Z,EMPTY_CLOSED,0,5,15,2,api,
2026-09-10T08:23:00,2026-09-10T13:23:00.044Z,EMPTY_CLOSED,0,5,15,2,api,
2026-09-10T08:24:00,2026-09-10T13:24:00.043Z,EMPTY_CLOSED,0,5,15,2,api,
2026-09-10T08:25:00,2026-09-10T13:25:00.044Z,EMPTY_CLOSED,0,5,15,2,api,
2026-09-10T08:26:00,2026-09-10T13:26:00.043Z,EMPTY_CLOSED,0,5,15,2,api,
2026-09-10T08:27:00,2026-09-10T13:27:00.044Z,EMPTY_CLOSED,0,5,15,2,api,
2026-09-10T08:28:00,2026-09-10T13:28:00.044Z,EMPTY_CLOSED,0,5,15,2,api,
2026-09-10T08:29:00,2026-09-10T13:29:00.044Z,EMPTY_CLOSED,0,5,15,2,api,
2026-09-10T08:30:00,2026-09-10T13:30:00.044Z,EMPTY_CLOSED,0,5,15,2,api,
2026-09-10T08:31:00,2026-09-10T13:31:00.045Z,EMPTY_CLOSED,0,5,15,2,api,
2026-09-10T08:32:00,2026-09-10T13:32:00.042Z,EMPTY_CLOSED,0,5,15,2,api,
2026-09-10T08:33:00,2026-09-10T13:33:00.045Z,EMPTY_CLOSED,0,5,15,2,api,
2026-09-10T08:34:00,2026-09-10T13:34:00.027Z,EMPTY_CLOSED,0,5,15,2,api,
2026-09-10T08:35:00,2026-09-10T13:35:00.039Z,EMPTY_CLOSED,0,5,15,2,api,
2026-09-10T08:36:00,2026-09-10T13:36:00.043Z,EMPTY_CLOSED,0,5,15,2,api,
2026-09-10T08:37:00,2026-09-10T13:37:00.045Z,EMPTY_CLOSED,0,5,15,2,api,
2026-09-10T08:38:00,2026-09-10T13:38:00.040Z,EMPTY_CLOSED,0,5,15,2,api,
2026-09-10T08:39:00,2026-09-10T13:39:00.013Z,EMPTY_CLOSED,0,5,15,2,api,
2026-09-10T08:40:00,2026-09-10T13:40:00.041Z,EMPTY_CLOSED,0,5,15,2,api,
2026-09-10T08:41:00,2026-09-10T13:41:00.019Z,EMPTY_CLOSED,0,5,15,2,api,
2026-09-10T08:42:00,2026-09-10T13:42:00.043Z,EMPTY_CLOSED,0,5,15,2,api,
2026-09-10T08:43:00,2026-09-10T13:43:00.019Z,EMPTY_CLOSED,0,5,15,2,api,
2026-09-10T08:44:00,2026-09-10T13:44:00.022Z,EMPTY_CLOSED,0,5,15,2,api,
2026-09-10T08:45:00,2026-09-10T13:45:00.030Z,EMPTY_CLOSED,0,5,15,2,api,
2026-09-10T08:46:00,2026-09-10T13:46:00.019Z,EMPTY_CLOSED,0,5,15,2,api,
2026-09-10T08:47:00,2026-09-10T13:47:00.027Z,EMPTY_CLOSED,0,5,15,2,api,
2026-09-10T08:48:00,2026-09-10T13:48:00.031Z,EMPTY_CLOSED,0,5,15,2,api,
2026-09-10T08:49:00,2026-09-10T13:49:00.043Z,EMPTY_CLOSED,0,5,15,2,api,
2026-09-10T08:50:00,2026-09-10T13:50:00.044Z,EMPTY_CLOSED,0,5,15,2,api,
2026-09-10T08:51:00,2026-09-10T13:51:00.039Z,EMPTY_CLOSED,0,5,15,2,api,
2026-09-10T08:52:00,2026-09-10T13:52:00.037Z,EMPTY_CLOSED,0,5,15,2,api,
2026-09-10T08:53:00,2026-09-10T13:53:00.043Z,EMPTY_CLOSED,0,5,15,2,api,
2026-09-10T08:54:00,2026-09-10T13:54:00.041Z,EMPTY_CLOSED,0,5,15,2,api,
2026-09-10T08:55:00,2026-09-10T13:55:00.003Z,EMPTY_CLOSED,0,5,15,2,api,
2026-09-10T08:56:00,2026-09-10T13:56:00.043Z,EMPTY_CLOSED,0,5,15,2,api,
2026-09-10T08:57:00,2026-09-10T13:57:00.019Z,EMPTY_CLOSED,0,5,15,2,api,
2026-09-10T08:58:00,2026-09-10T13:58:00.022Z,EMPTY_CLOSED,0,5,15,2,api,
2026-09-10T08:59:00,2026-09-10T13:59:00.019Z,EMPTY_CLOSED,0,5,15,2,api,
2026-09-10T09:00:00,2026-09-10T14:00:00.027Z,EMPTY_CLOSED,0,5,15,2,api,
2026-09-10T09:01:00,2026-09-10T14:01:00.043Z,EMPTY_CLOSED,0,5,15,2,api,
2026-09-10T09:02:00,2026-09-10T14:02:00.043Z,EMPTY_CLOSED,0,5,15,2,api,
2026-09-10T09:03:00,2026-09-10T14:03:00.044Z,EMPTY_CLOSED,0,5,15,2,api,
2026-09-10T09:04:00,2026-09-10T14:04:00.044Z,EMPTY_CLOSED,0,5,15,2,api,
2026-09-10T09:05:00,2026-09-10T14:05:00.044Z,EMPTY_CLOSED,0,5,15,2,api,
2026-09-10T09:06:00,2026-09-10T14:06:00.001Z,EMPTY_CLOSED,0,5,15,2,api,
2026-09-10T09:07:00,2026-09-10T14:07:00.043Z,EMPTY_CLOSED,0,5,15,2,api,
2026-09-10T09:08:00,2026-09-10T14:08:00.044Z,EMPTY_CLOSED,0,5,15,2,api,
2026-09-10T09:09:00,2026-09-10T14:09:00.044Z,EMPTY_CLOSED,0,5,15,2,api,
2026-09-10T09:10:00,2026-09-10T14:10:00.018Z,EMPTY_CLOSED,0,5,15,2,api,
2026-09-10T09:11:00,2026-09-10T14:11:00.036Z,EMPTY_CLOSED,0,5,15,2,api,
2026-09-10T09:12:00,2026-09-10T14:12:00.003Z,EMPTY_CLOSED,0,5,15,2,api,
2026-09-10T09:13:00,2026-09-10T14:13:00.031Z,EMPTY_CLOSED,0,5,15,2,api,
2026-09-10T09:14:00,2026-09-10T14:14:00.044Z,EMPTY_CLOSED,0,5,15,2,api,
2026-09-10T09:15:00,2026-09-10T14:15:00.043Z,EMPTY_CLOSED,0,5,15,2,api,
2026-09-10T09:16:00,2026-09-10T14:16:00.015Z,EMPTY_CLOSED,0,5,15,2,api,
2026-09-10T09:17:00,2026-09-10T14:17:00.043Z,EMPTY_CLOSED,0,5,15,2,api,
2026-09-10T09:18:00,2026-09-10T14:18:00.045Z,EMPTY_CLOSED,0,5,15,2,api,
2026-09-10T09:19:00,2026-09-10T14:19:00.044Z,EMPTY_CLOSED,0,5,15,2,api,
2026-09-10T09:20:00,2026-09-10T14:20:00.001Z,EMPTY_CLOSED,0,5,15,2,api,
2026-09-10T09:21:00,2026-09-10T14:21:00.044Z,EMPTY_CLOSED,0,5,15,2,api,
2026-09-10T09:22:00,2026-09-10T14:22:00.028Z,EMPTY_CLOSED,0,5,15,2,api,
2026-09-10T09:23:00,2026-09-10T14:23:00.044Z,EMPTY_CLOSED,0,5,15,2,api,
2026-09-10T09:24:00,2026-09-10T14:24:00.011Z,EMPTY_CLOSED,0,5,15,2,api,
2026-09-10T09:25:00,2026-09-10T14:25:00.044Z,EMPTY_CLOSED,0,5,15,2,api,
2026-09-10T09:26:00,2026-09-10T14:26:00.019Z,EMPTY_CLOSED,0,5,15,2,api,
2026-09-10T09:27:00,2026-09-10T14:27:00.019Z,EMPTY_CLOSED,0,5,15,2,api,
2026-09-10T09:28:00,2026-09-10T14:28:00.019Z,EMPTY_CLOSED,0,5,15,2,api,
2026-09-10T09:29:00,2026-09-10T14:29:00.043Z,EMPTY_CLOSED,0,5,15,2,api,
2026-09-10T09:30:53,2026-09-10T14:30:53.818Z,EMPTY_CLOSED,0,5,15,2,api,
2026-09-10T09:32:00,2026-09-10T14:32:00.036Z,EMPTY_CLOSED,0,5,15,2,api,
2026-09-10T09:33:00,2026-09-10T14:33:00.044Z,EMPTY_CLOSED,0,5,15,2,api,
2026-09-10T09:34:00,2026-09-10T14:34:00.012Z,EMPTY_CLOSED,0,5,15,2,api,
2026-09-10T09:35:00,2026-09-10T14:35:00.043Z,EMPTY_CLOSED,0,5,15,2,api,
2026-09-10T09:36:00,2026-09-10T14:36:00.031Z,EMPTY_CLOSED,0,5,15,2,api,
2026-09-10T09:37:00,2026-09-10T14:37:00.035Z,EMPTY_CLOSED,0,5,15,2,api,
2026-09-10T09:38:00,2026-09-10T14:38:00.031Z,EMPTY_CLOSED,0,5,15,2,api,
2026-09-10T09:39:00,2026-09-10T14:39:00.043Z,EMPTY_CLOSED,0,5,15,2,api,
2026-09-10T09:40:00,2026-09-10T14:40:00.032Z,EMPTY_CLOSED,0,5,15,2,api,
2026-09-10T09:41:00,2026-09-10T14:41:00.005Z,EMPTY_CLOSED,0,5,15,2,api,
2026-09-10T09:42:00,2026-09-10T14:42:00.043Z,EMPTY_CLOSED,0,5,15,2,api,
2026-09-10T09:43:00,2026-09-10T14:43:00.043Z,EMPTY_CLOSED,0,5,15,2,api,
2026-09-10T09:44:00,2026-09-10T14:44:00.031Z,EMPTY_CLOSED,0,5,15,2,api,
2026-09-10T09:45:00,2026-09-10T14:45:00.031Z,EMPTY_CLOSED,0,5,15,2,api,
2026-09-10T09:46:00,2026-09-10T14:46:00.007Z,EMPTY_CLOSED,0,5,15,2,api,
2026-09-10T09:47:00,2026-09-10T14:47:00.001Z,EMPTY_CLOSED,0,5,15,2,api,
2026-09-10T09:48:00,2026-09-10T14:48:00.042Z,EMPTY_CLOSED,0,5,15,2,api,
2026-09-10T09:49:00,2026-09-10T14:49:00.043Z,EMPTY_CLOSED,0,5,15,2,api,
2026-09-10T09:50:00,2026-09-10T14:50:00.033Z,EMPTY_CLOSED,0,5,15,2,api,
2026-09-10T09:51:00,2026-09-10T14:51:00.039Z,EMPTY_CLOSED,0,5,15,2,api,
2026-09-10T09:52:00,2026-09-10T14:52:00.044Z,EMPTY_CLOSED,0,5,15,2,api,
2026-09-10T09:53:00,2026-09-10T14:53:00.043Z,EMPTY_CLOSED,0,5,15,2,api,
2026-09-10T09:54:00,2026-09-10T14:54:00.044Z,EMPTY_CLOSED,0,5,15,2,api,
2026-09-10T09:55:00,2026-09-10T14:55:00.044Z,EMPTY_CLOSED,0,5,15,2,api,
2026-09-10T09:56:00,2026-09-10T14:56:00.037Z,EMPTY_CLOSED,0,5,15,2,api,
2026-09-10T09:57:00,2026-09-10T14:57:00.044Z,EMPTY_CLOSED,0,5,15,2,api,
2026-09-10T09:58:00,2026-09-10T14:58:00.044Z,EMPTY_CLOSED,0,5,15,2,api,
2026-09-10T09:59:00,2026-09-10T14:59:00.008Z,EMPTY_CLOSED,0,5,15,2,api,
2026-09-10T10:00:00,2026-09-10T15:00:00.032Z,EMPTY_CLOSED,0,5,15,2,api,
2026-09-10T10:01:00,2026-09-10T15:01:00.044Z,EMPTY_CLOSED,0,5,15,2,api,
2026-09-10T10:02:00,2026-09-10T15:02:00.044Z,EMPTY_CLOSED,0,5,15,2,api,
2026-09-10T10:02:59,2026-09-10T15:02:59.999Z,EMPTY_CLOSED,0,5,15,2,api,
2026-09-10T10:04:00,2026-09-10T15:04:00.045Z,EMPTY_CLOSED,0,5,15,2,api,
2026-09-10T10:05:00,2026-09-10T15:05:00.044Z,EMPTY_CLOSED,0,5,15,2,api,
2026-09-10T10:06:00,2026-09-10T15:06:00.031Z,EMPTY_CLOSED,0,5,15,2,api,
2026-09-10T10:07:00,2026-09-10T15:07:00.007Z,EMPTY_CLOSED,0,5,15,2,api,
2026-09-10T10:08:00,2026-09-10T15:08:00.044Z,EMPTY_CLOSED,0,5,15,2,api,
2026-09-10T10:09:00,2026-09-10T15:09:00.016Z,EMPTY_CLOSED,0,5,15,2,api,
2026-09-10T10:10:00,2026-09-10T15:10:00.043Z,EMPTY_CLOSED,0,5,15,2,api,
2026-09-10T10:11:00,2026-09-10T15:11:00.044Z,EMPTY_CLOSED,0,5,15,2,api,
2026-09-10T10:12:00,2026-09-10T15:12:00.045Z,EMPTY_CLOSED,0,5,15,2,api,
2026-09-10T10:13:00,2026-09-10T15:13:00.008Z,EMPTY_CLOSED,0,5,15,2,api,
2026-09-10T10:14:00,2026-09-10T15:14:00.023Z,EMPTY_CLOSED,0,5,15,2,api,
2026-09-10T10:15:00,2026-09-10T15:15:00.043Z,EMPTY_CLOSED,0,5,15,2,api,
2026-09-10T10:16:00,2026-09-10T15:16:00.043Z,EMPTY_CLOSED,0,5,15,2,api,
2026-09-10T10:17:00,2026-09-10T15:17:00.020Z,EMPTY_CLOSED,0,5,15,2,api,
2026-09-10T10:18:00,2026-09-10T15:18:00.045Z,EMPTY_CLOSED,0,5,15,2,api,
2026-09-10T10:19:00,2026-09-10T15:19:00.044Z,EMPTY_CLOSED,0,5,15,2,api,
2026-09-10T10:20:00,2026-09-10T15:20:00.045Z,EMPTY_CLOSED,0,5,15,2,api,
2026-09-10T10:21:00,2026-09-10T15:21:00.044Z,EMPTY_CLOSED,0,5,15,2,api,
2026-09-10T10:22:00,2026-09-10T15:22:00.037Z,EMPTY_CLOSED,0,5,15,2,api,
2026-09-10T10:23:00,2026-09-10T15:23:00.043Z,EMPTY_CLOSED,0,5,15,2,api,
2026-09-10T10:24:00,2026-09-10T15:24:00.044Z,EMPTY_CLOSED,0,5,15,2,api,
2026-09-10T10:25:00,2026-09-10T15:25:00.044Z,EMPTY_CLOSED,0,5,15,2,api,
2026-09-10T10:26:00,2026-09-10T15:26:00.044Z,EMPTY_CLOSED,0,5,15,2,api,
2026-09-10T10:27:00,2026-09-10T15:27:00.023Z,EMPTY_CLOSED,0,5,15,2,api,
2026-09-10T10:28:00,2026-09-10T15:28:00.028Z,EMPTY_CLOSED,0,5,15,2,api,
2026-09-10T10:29:00,2026-09-10T15:29:00.032Z,EMPTY_CLOSED,0,5,15,2,api,
2026-09-10T10:30:00,2026-09-10T15:30:00.037Z,EMPTY_CLOSED,0,5,15,2,api,
2026-09-10T10:31:00,2026-09-10T15:31:00.043Z,EMPTY_CLOSED,0,5,15,2,api,
2026-09-10T10:32:00,2026-09-10T15:32:00.044Z,EMPTY_CLOSED,0,5,15,2,api,
2026-09-10T10:33:00,2026-09-10T15:33:00.044Z,EMPTY_CLOSED,0,5,15,2,api,
2026-09-10T10:34:00,2026-09-10T15:34:00.031Z,EMPTY_CLOSED,0,5,15,2,api,
2026-09-10T10:35:00,2026-09-10T15:35:00.043Z,EMPTY_CLOSED,0,5,15,2,api,
2026-09-10T10:36:00,2026-09-10T15:36:00.044Z,EMPTY_CLOSED,0,5,15,2,api,
2026-09-10T10:37:00,2026-09-10T15:37:00.044Z,EMPTY_CLOSED,0,5,15,2,api,
2026-09-10T10:38:00,2026-09-10T15:38:00.045Z,EMPTY_CLOSED,0,5,15,2,api,
2026-09-10T10:39:00,2026-09-10T15:39:00.044Z,EMPTY_CLOSED,0,5,15,2,api,
2026-09-10T10:40:00,2026-09-10T15:40:00.004Z,EMPTY_CLOSED,0,5,15,2,api,
2026-09-10T10:41:00,2026-09-10T15:41:00.045Z,EMPTY_CLOSED,0,5,15,2,api,
2026-09-10T10:42:00,2026-09-10T15:42:00.039Z,EMPTY_CLOSED,0,5,15,2,api,
2026-09-10T10:43:00,2026-09-10T15:43:00.027Z,EMPTY_CLOSED,0,5,15,2,api,
2026-09-10T10:44:00,2026-09-10T15:44:00.043Z,EMPTY_CLOSED,0,5,15,2,api,
2026-09-10T10:45:00,2026-09-10T15:45:00.007Z,EMPTY_CLOSED,0,5,15,2,api,
2026-09-10T10:46:00,2026-09-10T15:46:00.023Z,EMPTY_CLOSED,0,5,15,2,api,
2026-09-10T10:47:00,2026-09-10T15:47:00.044Z,EMPTY_CLOSED,0,5,15,2,api,
2026-09-10T10:48:00,2026-09-10T15:48:00.044Z,EMPTY_CLOSED,0,5,15,2,api,
2026-09-10T10:49:00,2026-09-10T15:49:00.007Z,EMPTY_CLOSED,0,5,15,2,api,
2026-09-10T10:50:00,2026-09-10T15:50:00.011Z,EMPTY_CLOSED,0,5,15,2,api,
2026-09-10T10:51:00,2026-09-10T15:51:00.040Z,EMPTY_CLOSED,0,5,15,2,api,
2026-09-10T10:52:00,2026-09-10T15:52:00.044Z,EMPTY_CLOSED,0,5,15,2,api,
2026-09-10T10:53:00,2026-09-10T15:53:00.044Z,EMPTY_CLOSED,0,5,15,2,api,
2026-09-10T10:54:00,2026-09-10T15:54:00.043Z,EMPTY_CLOSED,0,5,15,2,api,
2026-09-10T10:55:00,2026-09-10T15:55:00.007Z,EMPTY_CLOSED,0,5,15,2,api,
2026-09-10T10:56:00,2026-09-10T15:56:00.045Z,EMPTY_CLOSED,0,5,15,2,api,
2026-09-10T10:57:00,2026-09-10T15:57:00.044Z,EMPTY_CLOSED,0,5,15,2,api,
2026-09-10T10:58:00,2026-09-10T15:58:00.031Z,EMPTY_CLOSED,0,5,15,2,api,
2026-09-10T10:59:00,2026-09-10T15:59:00.035Z,EMPTY_CLOSED,0,5,15,2,api,
2026-09-10T11:00:00,2026-09-10T16:00:00.045Z,EMPTY_CLOSED,0,5,15,2,api,
2026-09-10T11:01:00,2026-09-10T16:01:00.043Z,EMPTY_CLOSED,0,5,15,2,api,
2026-09-10T11:02:00,2026-09-10T16:02:00.044Z,EMPTY_CLOSED,0,5,15,2,api,
2026-09-10T11:03:00,2026-09-10T16:03:00.038Z,EMPTY_CLOSED,0,5,15,2,api,
2026-09-10T11:04:00,2026-09-10T16:04:00.043Z,EMPTY_CLOSED,0,5,15,2,api,
2026-09-10T11:04:59,2026-09-10T16:04:59.999Z,EMPTY_CLOSED,0,5,15,2,api,
2026-09-10T11:06:00,2026-09-10T16:06:00.004Z,EMPTY_CLOSED,0,5,15,2,api,
2026-09-10T11:07:00,2026-09-10T16:07:00.004Z,EMPTY_CLOSED,0,5,15,2,api,
2026-09-10T11:08:00,2026-09-10T16:08:00.031Z,EMPTY_CLOSED,0,5,15,2,api,
2026-09-10T11:09:00,2026-09-10T16:09:00.036Z,EMPTY_CLOSED,0,5,15,2,api,
2026-09-10T11:10:00,2026-09-10T16:10:00.007Z,EMPTY_CLOSED,0,5,15,2,api,
2026-09-10T11:11:00,2026-09-10T16:11:00.044Z,OPEN,1,5,15,2,api,
2026-09-10T11:12:00,2026-09-10T16:12:00.031Z,EMPTY_CLOSED,0,5,15,2,api,
2026-09-10T11:13:00,2026-09-10T16:13:00.044Z,EMPTY_CLOSED,0,5,15,2,api,
2026-09-10T11:14:00,2026-09-10T16:14:00.028Z,EMPTY_CLOSED,0,5,15,2,api,
2026-09-10T11:15:00,2026-09-10T16:15:00.033Z,EMPTY_CLOSED,0,5,15,2,api,
2026-09-10T11:16:00,2026-09-10T16:16:00.043Z,EMPTY_CLOSED,0,5,15,2,api,
2026-09-10T11:17:00,2026-09-10T16:17:00.044Z,EMPTY_CLOSED,0,5,15,2,api,
2026-09-10T11:18:00,2026-09-10T16:18:00.031Z,EMPTY_CLOSED,0,5,15,2,api,
2026-09-10T11:19:00,2026-09-10T16:19:00.035Z,EMPTY_CLOSED,0,5,15,2,api,
2026-09-10T11:20:00,2026-09-10T16:20:00.040Z,EMPTY_CLOSED,0,5,15,2,api,
2026-09-10T11:21:00,2026-09-10T16:21:00.044Z,EMPTY_CLOSED,0,5,15,2,api,
2026-09-10T11:22:00,2026-09-10T16:22:00.043Z,EMPTY_CLOSED,0,5,15,2,api,
2026-09-10T11:23:00,2026-09-10T16:23:00.043Z,EMPTY_CLOSED,0,5,15,2,api,
2026-09-10T11:24:00,2026-09-10T16:24:00.007Z,EMPTY_CLOSED,0,5,15,2,api,
2026-09-10T11:25:00,2026-09-10T16:25:00.012Z,EMPTY_CLOSED,0,5,15,2,api,
2026-09-10T11:26:00,2026-09-10T16:26:00.017Z,EMPTY_CLOSED,0,5,15,2,api,
2026-09-10T11:27:00,2026-09-10T16:27:00.045Z,EMPTY_CLOSED,0,5,15,2,api,
2026-09-10T11:28:00,2026-09-10T16:28:00.044Z,EMPTY_CLOSED,0,5,15,2,api,
2026-09-10T11:29:00,2026-09-10T16:29:00.044Z,EMPTY_CLOSED,0,5,15,2,api,
2026-09-10T11:30:00,2026-09-10T16:30:00.007Z,EMPTY_CLOSED,0,5,15,2,api,
2026-09-10T11:31:00,2026-09-10T16:31:00.043Z,EMPTY_CLOSED,0,5,15,2,api,
2026-09-10T11:32:00,2026-09-10T16:32:00.039Z,EMPTY_CLOSED,0,5,15,2,api,
2026-09-10T11:33:00,2026-09-10T16:33:00.043Z,EMPTY_CLOSED,0,5,15,2,api,
2026-09-10T11:34:00,2026-09-10T16:34:00.041Z,EMPTY_CLOSED,0,5,15,2,api,
2026-09-10T11:35:00,2026-09-10T16:35:00.044Z,EMPTY_CLOSED,0,5,15,2,api,
2026-09-10T11:36:00,2026-09-10T16:36:00.044Z,EMPTY_CLOSED,0,5,15,2,api,
2026-09-10T11:37:00,2026-09-10T16:37:00.001Z,EMPTY_CLOSED,0,5,15,2,api,
2026-09-10T11:38:00,2026-09-10T16:38:00.044Z,EMPTY_CLOSED,0,5,15,2,api,
2026-09-10T11:39:00,2026-09-10T16:39:00.045Z,EMPTY_CLOSED,0,5,15,2,api,
2026-09-10T11:40:00,2026-09-10T16:40:00.043Z,EMPTY_CLOSED,0,5,15,2,api,
2026-09-10T11:41:00,2026-09-10T16:41:00.042Z,EMPTY_CLOSED,0,5,15,2,api,
2026-09-10T11:42:00,2026-09-10T16:42:00.031Z,EMPTY_CLOSED,0,5,15,2,api,
2026-09-10T11:43:00,2026-09-10T16:43:00.044Z,EMPTY_CLOSED,0,5,15,2,api,
2026-09-10T11:44:00,2026-09-10T16:44:00.044Z,EMPTY_CLOSED,0,5,15,2,api,
2026-09-10T11:45:00,2026-09-10T16:45:00.002Z,EMPTY_CLOSED,0,5,15,2,api,
2026-09-10T11:46:00,2026-09-10T16:46:00.031Z,EMPTY_CLOSED,0,5,15,2,api,
2026-09-10T11:47:00,2026-09-10T16:47:00.044Z,EMPTY_CLOSED,0,5,15,2,api,
2026-09-10T11:48:00,2026-09-10T16:48:00.031Z,EMPTY_CLOSED,0,5,15,2,api,
2026-09-10T11:49:00,2026-09-10T16:49:00.036Z,EMPTY_CLOSED,0,5,15,2,api,
2026-09-10T11:50:00,2026-09-10T16:50:00.040Z,EMPTY_CLOSED,0,5,15,2,api,
2026-09-10T11:51:00,2026-09-10T16:51:00.031Z,EMPTY_CLOSED,0,5,15,2,api,
2026-09-10T11:52:00,2026-09-10T16:52:00.007Z,EMPTY_CLOSED,0,5,15,2,api,
2026-09-10T11:53:00,2026-09-10T16:53:00.008Z,EMPTY_CLOSED,0,5,15,2,api,
2026-09-10T11:54:00,2026-09-10T16:54:00.031Z,EMPTY_CLOSED,0,5,15,2,api,
2026-09-10T11:55:00,2026-09-10T16:55:00.022Z,EMPTY_CLOSED,0,5,15,2,api,
2026-09-10T11:56:00,2026-09-10T16:56:00.007Z,EMPTY_CLOSED,0,5,15,2,api,
2026-09-10T11:57:00,2026-09-10T16:57:00.044Z,EMPTY_CLOSED,0,5,15,2,api,
2026-09-10T11:58:00,2026-09-10T16:58:00.023Z,EMPTY_CLOSED,0,5,15,2,api,
2026-09-10T11:59:00,2026-09-10T16:59:00.002Z,EMPTY_CLOSED,0,5,15,2,api,
2026-09-10T12:00:00,2026-09-10T17:00:00.040Z,EMPTY_CLOSED,0,5,15,2,api,
2026-09-10T12:01:00,2026-09-10T17:01:00.043Z,EMPTY_CLOSED,0,5,15,2,api,
2026-09-10T12:02:00,2026-09-10T17:02:00.031Z,EMPTY_CLOSED,0,5,15,2,api,
2026-09-10T12:02:59,2026-09-10T17:02:59.999Z,EMPTY_CLOSED,0,5,15,2,api,
2026-09-10T12:04:00,2026-09-10T17:04:00.044Z,EMPTY_CLOSED,0,5,15,2,api,
2026-09-10T12:05:00,2026-09-10T17:05:00.024Z,EMPTY_CLOSED,0,5,15,2,api,
2026-09-10T12:06:00,2026-09-10T17:06:00.043Z,EMPTY_CLOSED,0,5,15,2,api,
2026-09-10T12:07:00,2026-09-10T17:07:00.025Z,EMPTY_CLOSED,0,5,15,2,api,
2026-09-10T12:08:00,2026-09-10T17:08:00.032Z,EMPTY_CLOSED,0,5,15,2,api,
2026-09-10T12:09:00,2026-09-10T17:09:00.007Z,EMPTY_CLOSED,0,5,15,2,api,
2026-09-10T12:10:00,2026-09-10T17:10:00.039Z,EMPTY_CLOSED,0,5,15,2,api,
2026-09-10T12:11:00,2026-09-10T17:11:00.043Z,EMPTY_CLOSED,0,5,15,2,api,
2026-09-10T12:12:00,2026-09-10T17:12:00.031Z,EMPTY_CLOSED,0,5,15,2,api,
2026-09-10T12:13:00,2026-09-10T17:13:00.044Z,EMPTY_CLOSED,0,5,15,2,api,
2026-09-10T12:14:00,2026-09-10T17:14:00.043Z,EMPTY_CLOSED,0,5,15,2,api,
2026-09-10T12:15:00,2026-09-10T17:15:00.045Z,EMPTY_CLOSED,0,5,15,2,api,
2026-09-10T12:16:00,2026-09-10T17:16:00.001Z,EMPTY_CLOSED,0,5,15,2,api,
2026-09-10T12:16:59,2026-09-10T17:16:59.999Z,EMPTY_CLOSED,0,5,15,2,api,
2026-09-10T12:18:00,2026-09-10T17:18:00.031Z,EMPTY_CLOSED,0,5,15,2,api,
2026-09-10T12:19:00,2026-09-10T17:19:00.044Z,EMPTY_CLOSED,0,5,15,2,api,
2026-09-10T12:20:00,2026-09-10T17:20:00.031Z,EMPTY_CLOSED,0,5,15,2,api,
2026-09-10T12:21:00,2026-09-10T17:21:00.035Z,EMPTY_CLOSED,0,5,15,2,api,
2026-09-10T12:22:00,2026-09-10T17:22:00.039Z,EMPTY_CLOSED,0,5,15,2,api,
2026-09-10T12:23:00,2026-09-10T17:23:00.044Z,EMPTY_CLOSED,0,5,15,2,api,
2026-09-10T12:24:00,2026-09-10T17:24:00.023Z,EMPTY_CLOSED,0,5,15,2,api,
2026-09-10T12:25:00,2026-09-10T17:25:00.044Z,EMPTY_CLOSED,0,5,15,2,api,
2026-09-10T12:26:00,2026-09-10T17:26:00.031Z,EMPTY_CLOSED,0,5,15,2,api,
2026-09-10T12:27:00,2026-09-10T17:27:00.001Z,EMPTY_CLOSED,0,5,15,2,api,
2026-09-10T12:28:00,2026-09-10T17:28:00.032Z,EMPTY_CLOSED,0,5,15,2,api,
2026-09-10T12:29:00,2026-09-10T17:29:00.010Z,EMPTY_CLOSED,0,5,15,2,api,
2026-09-10T12:30:00,2026-09-10T17:30:00.033Z,EMPTY_CLOSED,0,5,15,2,api,
2026-09-10T12:31:00,2026-09-10T17:31:00.043Z,EMPTY_CLOSED,0,5,15,2,api,
2026-09-10T12:32:00,2026-09-10T17:32:00.045Z,EMPTY_CLOSED,0,5,15,2,api,
2026-09-10T12:33:00,2026-09-10T17:33:00.043Z,EMPTY_CLOSED,0,5,15,2,api,
2026-09-10T12:34:00,2026-09-10T17:34:00.006Z,EMPTY_CLOSED,0,5,15,2,api,
2026-09-10T12:35:00,2026-09-10T17:35:00.011Z,EMPTY_CLOSED,0,5,15,2,api,
2026-09-10T12:36:00,2026-09-10T17:36:00.044Z,EMPTY_CLOSED,0,5,15,2,api,
2026-09-10T12:37:00,2026-09-10T17:37:00.025Z,EMPTY_CLOSED,0,5,15,2,api,
2026-09-10T12:38:00,2026-09-10T17:38:00.034Z,EMPTY_CLOSED,0,5,15,2,api,
2026-09-10T12:39:00,2026-09-10T17:39:00.039Z,EMPTY_CLOSED,0,5,15,2,api,
2026-09-10T12:40:00,2026-09-10T17:40:00.043Z,EMPTY_CLOSED,0,5,15,2,api,
2026-09-10T12:41:00,2026-09-10T17:41:00.043Z,EMPTY_CLOSED,0,5,15,2,api,
2026-09-10T12:42:00,2026-09-10T17:42:00.044Z,EMPTY_CLOSED,0,5,15,2,api,
2026-09-10T12:42:59,2026-09-10T17:42:59.999Z,EMPTY_CLOSED,0,5,15,2,api,
2026-09-10T12:44:00,2026-09-10T17:44:00.041Z,EMPTY_CLOSED,0,5,15,2,api,
2026-09-10T12:45:00,2026-09-10T17:45:00.044Z,EMPTY_CLOSED,0,5,15,2,api,
2026-09-10T12:46:00,2026-09-10T17:46:00.044Z,EMPTY_CLOSED,0,5,15,2,api,
2026-09-10T12:46:59,2026-09-10T17:46:59.999Z,EMPTY_CLOSED,0,5,15,2,api,
2026-09-10T12:48:00,2026-09-10T17:48:00.007Z,EMPTY_CLOSED,0,5,15,2,api,
2026-09-10T12:49:00,2026-09-10T17:49:00.044Z,EMPTY_CLOSED,0,5,15,2,api,
2026-09-10T12:50:00,2026-09-10T17:50:00.042Z,EMPTY_CLOSED,0,5,15,2,api,
2026-09-10T12:51:00,2026-09-10T17:51:00.043Z,EMPTY_CLOSED,0,5,15,2,api,
2026-09-10T12:52:00,2026-09-10T17:52:00.045Z,EMPTY_CLOSED,0,5,15,2,api,
2026-09-10T12:53:00,2026-09-10T17:53:00.044Z,EMPTY_CLOSED,0,5,15,2,api,
2026-09-10T12:54:00,2026-09-10T17:54:00.043Z,EMPTY_CLOSED,0,5,15,2,api,
2026-09-10T12:55:00,2026-09-10T17:55:00.007Z,EMPTY_CLOSED,0,5,15,2,api,
2026-09-10T12:56:00,2026-09-10T17:56:00.031Z,EMPTY_CLOSED,0,5,15,2,api,
2026-09-10T12:57:00,2026-09-10T17:57:00.043Z,EMPTY_CLOSED,0,5,15,2,api,
2026-09-10T12:58:00,2026-09-10T17:58:00.043Z,EMPTY_CLOSED,0,5,15,2,api,
2026-09-10T12:59:00,2026-09-10T17:59:00.044Z,EMPTY_CLOSED,0,5,15,2,api,
2026-09-10T13:00:00,2026-09-10T18:00:00.002Z,EMPTY_CLOSED,0,5,15,2,api,
2026-09-10T13:01:00,2026-09-10T18:01:00.045Z,EMPTY_CLOSED,0,5,15,2,api,
2026-09-10T13:02:00,2026-09-10T18:02:00.028Z,EMPTY_CLOSED,0,5,15,2,api,
2026-09-10T13:03:00,2026-09-10T18:03:00.023Z,EMPTY_CLOSED,0,5,15,2,api,
2026-09-10T13:04:00,2026-09-10T18:04:00.044Z,EMPTY_CLOSED,0,5,15,2,api,
2026-09-10T13:05:00,2026-09-10T18:05:00.017Z,EMPTY_CLOSED,0,5,15,2,api,
2026-09-10T13:06:00,2026-09-10T18:06:00.020Z,EMPTY_CLOSED,0,5,15,2,api,
2026-09-10T13:07:00,2026-09-10T18:07:00.044Z,EMPTY_CLOSED,0,5,15,2,api,
2026-09-10T13:08:00,2026-09-10T18:08:00.031Z,EMPTY_CLOSED,0,5,15,2,api,
2026-09-10T13:08:59,2026-09-10T18:08:59.999Z,EMPTY_CLOSED,0,5,15,2,api,
2026-09-10T13:10:00,2026-09-10T18:10:00.021Z,EMPTY_CLOSED,0,5,15,2,api,
2026-09-10T13:11:00,2026-09-10T18:11:00.043Z,EMPTY_CLOSED,0,5,15,2,api,
2026-09-10T13:12:00,2026-09-10T18:12:00.044Z,EMPTY_CLOSED,0,5,15,2,api,
2026-09-10T13:13:00,2026-09-10T18:13:00.044Z,EMPTY_CLOSED,0,5,15,2,api,
2026-09-10T13:14:00,2026-09-10T18:14:00.044Z,EMPTY_CLOSED,0,5,15,2,api,
2026-09-10T13:15:00,2026-09-10T18:15:00.014Z,EMPTY_CLOSED,0,5,15,2,api,
2026-09-10T13:16:00,2026-09-10T18:16:00.044Z,EMPTY_CLOSED,0,5,15,2,api,
2026-09-10T13:17:00,2026-09-10T18:17:00.043Z,EMPTY_CLOSED,0,5,15,2,api,
2026-09-10T13:18:00,2026-09-10T18:18:00.044Z,EMPTY_CLOSED,0,5,15,2,api,
2026-09-10T13:19:00,2026-09-10T18:19:00.024Z,EMPTY_CLOSED,0,5,15,2,api,
2026-09-10T13:20:00,2026-09-10T18:20:00.044Z,EMPTY_CLOSED,0,5,15,2,api,
2026-09-10T13:21:00,2026-09-10T18:21:00.044Z,EMPTY_CLOSED,0,5,15,2,api,
2026-09-10T13:22:00,2026-09-10T18:22:00.044Z,EMPTY_CLOSED,0,5,15,2,api,
2026-09-10T13:23:00,2026-09-10T18:23:00.008Z,EMPTY_CLOSED,0,5,15,2,api,
2026-09-10T13:24:00,2026-09-10T18:24:00.012Z,EMPTY_CLOSED,0,5,15,2,api,
2026-09-10T13:25:00,2026-09-10T18:25:00.037Z,EMPTY_CLOSED,0,5,15,2,api,
2026-09-10T13:26:00,2026-09-10T18:26:00.036Z,EMPTY_CLOSED,0,5,15,2,api,
2026-09-10T13:27:00,2026-09-10T18:27:00.007Z,EMPTY_CLOSED,0,5,15,2,api,
2026-09-10T13:28:00,2026-09-10T18:28:00.039Z,EMPTY_CLOSED,0,5,15,2,api,
2026-09-10T13:29:00,2026-09-10T18:29:00.023Z,EMPTY_CLOSED,0,5,15,2,api,
2026-09-10T13:30:00,2026-09-10T18:30:00.043Z,EMPTY_CLOSED,0,5,15,2,api,
2026-09-10T13:31:00,2026-09-10T18:31:00.044Z,EMPTY_CLOSED,0,5,15,2,api,
2026-09-10T13:32:00,2026-09-10T18:32:00.033Z,EMPTY_CLOSED,0,5,15,2,api,
2026-09-10T13:33:00,2026-09-10T18:33:00.044Z,EMPTY_CLOSED,0,5,15,2,api,
2026-09-10T13:34:00,2026-09-10T18:34:00.044Z,EMPTY_CLOSED,0,5,15,2,api,
2026-09-10T13:35:00,2026-09-10T18:35:00.044Z,EMPTY_CLOSED,0,5,15,2,api,
2026-09-10T13:36:00,2026-09-10T18:36:00.031Z,EMPTY_CLOSED,0,5,15,2,api,
2026-09-10T13:37:00,2026-09-10T18:37:00.035Z,EMPTY_CLOSED,0,5,15,2,api,
2026-09-10T13:38:00,2026-09-10T18:38:00.044Z,EMPTY_CLOSED,0,5,15,2,api,
2026-09-10T13:39:00,2026-09-10T18:39:00.044Z,EMPTY_CLOSED,0,5,15,2,api,
2026-09-10T13:40:00,2026-09-10T18:40:00.007Z,EMPTY_CLOSED,0,5,15,2,api,
2026-09-10T13:41:00,2026-09-10T18:41:00.013Z,EMPTY_CLOSED,0,5,15,2,api,
2026-09-10T13:42:00,2026-09-10T18:42:00.019Z,EMPTY_CLOSED,0,5,15,2,api,
2026-09-10T13:43:00,2026-09-10T18:43:00.024Z,EMPTY_CLOSED,0,5,15,2,api,
2026-09-10T13:44:00,2026-09-10T18:44:00.039Z,EMPTY_CLOSED,0,5,15,2,api,
2026-09-10T13:45:00,2026-09-10T18:45:00.044Z,EMPTY_CLOSED,0,5,15,2,api,
2026-09-10T13:46:00,2026-09-10T18:46:00.019Z,EMPTY_CLOSED,0,5,15,2,api,
2026-09-10T13:46:59,2026-09-10T18:46:59.999Z,EMPTY_CLOSED,0,5,15,2,api,
2026-09-10T13:48:00,2026-09-10T18:48:00.044Z,EMPTY_CLOSED,0,5,15,2,api,
2026-09-10T13:49:00,2026-09-10T18:49:00.044Z,EMPTY_CLOSED,0,5,15,2,api,
2026-09-10T13:50:00,2026-09-10T18:50:00.044Z,EMPTY_CLOSED,0,5,15,2,api,
2026-09-10T13:51:00,2026-09-10T18:51:00.032Z,EMPTY_CLOSED,0,5,15,2,api,
2026-09-10T13:52:00,2026-09-10T18:52:00.043Z,EMPTY_CLOSED,0,5,15,2,api,
2026-09-10T13:53:00,2026-09-10T18:53:00.007Z,EMPTY_CLOSED,0,5,15,2,api,
2026-09-10T13:54:00,2026-09-10T18:54:00.031Z,EMPTY_CLOSED,0,5,15,2,api,
2026-09-10T13:55:00,2026-09-10T18:55:00.023Z,EMPTY_CLOSED,0,5,15,2,api,
2026-09-10T13:56:00,2026-09-10T18:56:00.044Z,EMPTY_CLOSED,0,5,15,2,api,
2026-09-10T13:57:00,2026-09-10T18:57:00.044Z,EMPTY_CLOSED,0,5,15,2,api,
2026-09-10T13:58:00,2026-09-10T18:58:00.044Z,EMPTY_CLOSED,0,5,15,2,api,
2026-09-10T13:59:00,2026-09-10T18:59:00.042Z,EMPTY_CLOSED,0,5,15,2,api,
2026-09-10T14:00:13,2026-09-10T19:00:13.996Z,EMPTY_CLOSED,0,5,15,2,api,
2026-09-10T14:01:00,2026-09-10T19:01:00.001Z,EMPTY_CLOSED,0,5,15,2,api,
2026-09-10T14:02:00,2026-09-10T19:02:00.028Z,EMPTY_CLOSED,0,5,15,2,api,
2026-09-10T14:03:00,2026-09-10T19:03:00.026Z,EMPTY_CLOSED,0,5,15,2,api,
2026-09-10T14:04:00,2026-09-10T19:04:00.027Z,EMPTY_CLOSED,0,5,15,2,api,
2026-09-10T14:05:00,2026-09-10T19:05:00.029Z,EMPTY_CLOSED,0,5,15,2,api,
2026-09-10T14:06:00,2026-09-10T19:06:00.028Z,EMPTY_CLOSED,0,5,15,2,api,
2026-09-10T14:07:00,2026-09-10T19:07:00.025Z,EMPTY_CLOSED,0,5,15,2,api,
2026-09-10T14:08:00,2026-09-10T19:08:00.028Z,EMPTY_CLOSED,0,5,15,2,api,
2026-09-10T14:09:00,2026-09-10T19:09:00.028Z,EMPTY_CLOSED,0,5,15,2,api,
2026-09-10T14:10:00,2026-09-10T19:10:00.028Z,EMPTY_CLOSED,0,5,15,2,api,
2026-09-10T14:11:00,2026-09-10T19:11:00.009Z,EMPTY_CLOSED,0,5,15,2,api,
2026-09-10T14:12:00,2026-09-10T19:12:00.028Z,EMPTY_CLOSED,0,5,15,2,api,
2026-09-10T14:13:00,2026-09-10T19:13:00.009Z,EMPTY_CLOSED,0,5,15,2,api,
2026-09-10T14:14:00,2026-09-10T19:14:00.029Z,EMPTY_CLOSED,0,5,15,2,api,
2026-09-10T14:15:00,2026-09-10T19:15:00.028Z,EMPTY_CLOSED,0,5,15,2,api,
2026-09-10T14:16:00,2026-09-10T19:16:00.029Z,EMPTY_CLOSED,0,5,15,2,api,
2026-09-10T14:17:00,2026-09-10T19:17:00.028Z,EMPTY_CLOSED,0,5,15,2,api,
2026-09-10T14:18:00,2026-09-10T19:18:00.028Z,EMPTY_CLOSED,0,5,15,2,api,
2026-09-10T14:19:00,2026-09-10T19:19:00.028Z,EMPTY_CLOSED,0,5,15,2,api,
2026-09-10T14:20:00,2026-09-10T19:20:00.025Z,EMPTY_CLOSED,0,5,15,2,api,
2026-09-10T14:21:00,2026-09-10T19:21:00.027Z,EMPTY_CLOSED,0,5,15,2,api,
2026-09-10T14:22:00,2026-09-10T19:22:00.029Z,EMPTY_CLOSED,0,5,15,2,api,
2026-09-10T14:23:00,2026-09-10T19:23:00.017Z,EMPTY_CLOSED,0,5,15,2,api,
2026-09-10T14:24:00,2026-09-10T19:24:00.027Z,EMPTY_CLOSED,0,5,15,2,api,
2026-09-10T14:25:00,2026-09-10T19:25:00.028Z,EMPTY_CLOSED,0,5,15,2,api,
2026-09-10T14:26:00,2026-09-10T19:26:00.027Z,EMPTY_CLOSED,0,5,15,2,api,
2026-09-10T14:27:00,2026-09-10T19:27:00.028Z,EMPTY_CLOSED,0,5,15,2,api,
2026-09-10T14:28:00,2026-09-10T19:28:00.027Z,EMPTY_CLOSED,0,5,15,2,api,
2026-09-10T14:29:00,2026-09-10T19:29:00.028Z,EMPTY_CLOSED,0,5,15,2,api,
2026-09-10T14:30:00,2026-09-10T19:30:00.029Z,EMPTY_CLOSED,0,5,15,2,api,
2026-09-10T14:31:00,2026-09-10T19:31:00.029Z,EMPTY_CLOSED,0,5,15,2,api,
2026-09-10T14:32:00,2026-09-10T19:32:00.028Z,EMPTY_CLOSED,0,5,15,2,api,
2026-09-10T14:33:00,2026-09-10T19:33:00.009Z,EMPTY_CLOSED,0,5,15,2,api,
2026-09-10T14:34:00,2026-09-10T19:34:00.004Z,EMPTY_CLOSED,0,5,15,2,api,
2026-09-10T14:35:00,2026-09-10T19:35:00.027Z,EMPTY_CLOSED,0,5,15,2,api,
2026-09-10T14:36:00,2026-09-10T19:36:00.027Z,EMPTY_CLOSED,0,5,15,2,api,
2026-09-10T14:37:00,2026-09-10T19:37:00.027Z,EMPTY_CLOSED,0,5,15,2,api,
2026-09-10T14:38:00,2026-09-10T19:38:00.021Z,EMPTY_CLOSED,0,5,15,2,api,
2026-09-10T14:39:00,2026-09-10T19:39:00.027Z,EMPTY_CLOSED,0,5,15,2,api,
2026-09-10T14:40:00,2026-09-10T19:40:00.028Z,NO_MODULE,,,,,dom,waitlist module absent
2026-09-10T14:41:00,2026-09-10T19:41:00.003Z,NO_MODULE,,,,,dom,waitlist module absent
2026-09-10T14:42:00,2026-09-10T19:42:00.003Z,NO_MODULE,,,,,dom,waitlist module absent
2026-09-10T14:43:00,2026-09-10T19:43:00.001Z,NO_MODULE,,,,,dom,waitlist module absent
2026-09-10T14:44:00,2026-09-10T19:44:00.004Z,NO_MODULE,,,,,dom,waitlist module absent
2026-09-10T14:45:00,2026-09-10T19:45:00.005Z,NO_MODULE,,,,,dom,waitlist module absent
2026-09-10T14:46:00,2026-09-10T19:46:00.005Z,NO_MODULE,,,,,dom,waitlist module absent
2026-09-10T14:47:00,2026-09-10T19:47:00.005Z,NO_MODULE,,,,,dom,waitlist module absent
2026-09-10T14:48:00,2026-09-10T19:48:00.004Z,NO_MODULE,,,,,dom,waitlist module absent
2026-09-10T14:49:00,2026-09-10T19:49:00.005Z,EMPTY_CLOSED,0,5,15,2,api,
2026-09-10T14:50:00,2026-09-10T19:50:00.029Z,NO_MODULE,,,,,dom,waitlist module absent
2026-09-10T14:51:00,2026-09-10T19:51:00.004Z,NO_MODULE,,,,,dom,waitlist module absent
2026-09-10T14:52:00,2026-09-10T19:52:00.004Z,NO_MODULE,,,,,dom,waitlist module absent
2026-09-10T14:53:00,2026-09-10T19:53:00.005Z,NO_MODULE,,,,,dom,waitlist module absent
2026-09-10T14:54:00,2026-09-10T19:54:00.005Z,NO_MODULE,,,,,dom,waitlist module absent
2026-09-10T14:55:00,2026-09-10T19:55:00.006Z,EMPTY_CLOSED,0,5,15,2,api,
2026-09-10T14:56:00,2026-09-10T19:56:00.027Z,NO_MODULE,,,,,dom,waitlist module absent
2026-09-10T14:57:00,2026-09-10T19:57:00.005Z,NO_MODULE,,,,,dom,waitlist module absent
2026-09-10T14:58:00,2026-09-10T19:58:00.005Z,NO_MODULE,,,,,dom,waitlist module absent
2026-09-10T14:59:00,2026-09-10T19:59:00.005Z,NO_MODULE,,,,,dom,waitlist module absent
2026-09-10T15:00:00,2026-09-10T20:00:00.004Z,NO_MODULE,,,,,dom,waitlist module absent
2026-09-10T15:01:00,2026-09-10T20:01:00.005Z,NO_MODULE,,,,,dom,waitlist module absent
2026-09-10T15:02:00,2026-09-10T20:02:00.004Z,NO_MODULE,,,,,dom,waitlist module absent
2026-09-10T15:03:00,2026-09-10T20:03:00.005Z,NO_MODULE,,,,,dom,waitlist module absent
2026-09-10T15:04:00,2026-09-10T20:04:00.001Z,NO_MODULE,,,,,dom,waitlist module absent
2026-09-10T15:05:00,2026-09-10T20:05:00.005Z,NO_MODULE,,,,,dom,waitlist module absent
2026-09-10T15:06:00,2026-09-10T20:06:00.005Z,NO_MODULE,,,,,dom,waitlist module absent
2026-09-10T15:07:00,2026-09-10T20:07:00.004Z,NO_MODULE,,,,,dom,waitlist module absent
2026-09-10T15:08:00,2026-09-10T20:08:00.005Z,NO_MODULE,,,,,dom,waitlist module absent
2026-09-10T15:09:00,2026-09-10T20:09:00.001Z,NO_MODULE,,,,,dom,waitlist module absent
2026-09-10T15:10:00,2026-09-10T20:10:00.005Z,NO_MODULE,,,,,dom,waitlist module absent
2026-09-10T15:11:00,2026-09-10T20:11:00.005Z,NO_MODULE,,,,,dom,waitlist module absent
2026-09-10T15:12:00,2026-09-10T20:12:00.005Z,NO_MODULE,,,,,dom,waitlist module absent
2026-09-10T15:13:00,2026-09-10T20:13:00.004Z,NO_MODULE,,,,,dom,waitlist module absent
2026-09-10T15:14:00,2026-09-10T20:14:00.001Z,NO_MODULE,,,,,dom,waitlist module absent
2026-09-10T15:15:00,2026-09-10T20:15:00.006Z,NO_MODULE,,,,,dom,waitlist module absent
2026-09-10T15:16:00,2026-09-10T20:16:00.003Z,NO_MODULE,,,,,dom,waitlist module absent
2026-09-10T15:17:00,2026-09-10T20:17:00.005Z,NO_MODULE,,,,,dom,waitlist module absent
2026-09-10T15:18:00,2026-09-10T20:18:00.005Z,NO_MODULE,,,,,dom,waitlist module absent
2026-09-10T15:19:00,2026-09-10T20:19:00.004Z,NO_MODULE,,,,,dom,waitlist module absent
2026-09-10T15:20:00,2026-09-10T20:20:00.005Z,NO_MODULE,,,,,dom,waitlist module absent
2026-09-10T15:21:00,2026-09-10T20:21:00.004Z,NO_MODULE,,,,,dom,waitlist module absent
2026-09-10T15:22:00,2026-09-10T20:22:00.004Z,NO_MODULE,,,,,dom,waitlist module absent
2026-09-10T15:23:00,2026-09-10T20:23:00.004Z,NO_MODULE,,,,,dom,waitlist module absent
2026-09-10T15:24:00,2026-09-10T20:24:00.004Z,NO_MODULE,,,,,dom,waitlist module absent
2026-09-10T15:25:00,2026-09-10T20:25:00.001Z,NO_MODULE,,,,,dom,waitlist module absent
2026-09-10T15:26:00,2026-09-10T20:26:00.002Z,NO_MODULE,,,,,dom,waitlist module absent
2026-09-10T15:27:00,2026-09-10T20:27:00.004Z,NO_MODULE,,,,,dom,waitlist module absent
2026-09-10T15:28:00,2026-09-10T20:28:00.005Z,NO_MODULE,,,,,dom,waitlist module absent
2026-09-10T15:29:00,2026-09-10T20:29:00.005Z,NO_MODULE,,,,,dom,waitlist module absent
2026-09-11T06:00:20,2026-09-11T11:00:20.812Z,NO_MODULE,,,,,dom,waitlist module absent
2026-09-11T06:02:00,2026-09-11T11:02:00.021Z,NO_MODULE,,,,,dom,waitlist module absent
2026-09-11T06:03:00,2026-09-11T11:03:00.005Z,NO_MODULE,,,,,dom,waitlist module absent
2026-09-11T06:04:00,2026-09-11T11:04:00.001Z,NO_MODULE,,,,,dom,waitlist module absent
2026-09-11T06:05:00,2026-09-11T11:05:00.005Z,NO_MODULE,,,,,dom,waitlist module absent
2026-09-11T06:06:00,2026-09-11T11:06:00.005Z,NO_MODULE,,,,,dom,waitlist module absent
2026-09-11T06:07:00,2026-09-11T11:07:00.004Z,NO_MODULE,,,,,dom,waitlist module absent
2026-09-11T06:08:00,2026-09-11T11:08:00.005Z,NO_MODULE,,,,,dom,waitlist module absent
2026-09-11T06:09:00,2026-09-11T11:09:00.005Z,NO_MODULE,,,,,dom,waitlist module absent
2026-09-11T06:10:00,2026-09-11T11:10:00.005Z,NO_MODULE,,,,,dom,waitlist module absent
2026-09-11T06:11:00,2026-09-11T11:11:00.001Z,NO_MODULE,,,,,dom,waitlist module absent
2026-09-11T06:12:00,2026-09-11T11:12:00.005Z,NO_MODULE,,,,,dom,waitlist module absent
2026-09-11T06:13:00,2026-09-11T11:13:00.005Z,NO_MODULE,,,,,dom,waitlist module absent
2026-09-11T06:14:00,2026-09-11T11:14:00.006Z,NO_MODULE,,,,,dom,waitlist module absent
2026-09-11T06:15:00,2026-09-11T11:15:00.005Z,NO_MODULE,,,,,dom,waitlist module absent
2026-09-11T06:16:00,2026-09-11T11:16:00.005Z,NO_MODULE,,,,,dom,waitlist module absent
2026-09-11T06:17:00,2026-09-11T11:17:00.001Z,NO_MODULE,,,,,dom,waitlist module absent
2026-09-11T06:18:00,2026-09-11T11:18:00.005Z,NO_MODULE,,,,,dom,waitlist module absent
2026-09-11T06:19:00,2026-09-11T11:19:00.005Z,NO_MODULE,,,,,dom,waitlist module absent
2026-09-11T06:20:00,2026-09-11T11:20:00.004Z,NO_MODULE,,,,,dom,waitlist module absent
2026-09-11T06:21:00,2026-09-11T11:21:00.004Z,NO_MODULE,,,,,dom,waitlist module absent
2026-09-11T06:22:00,2026-09-11T11:22:00.005Z,NO_MODULE,,,,,dom,waitlist module absent
2026-09-11T06:23:00,2026-09-11T11:23:00.004Z,NO_MODULE,,,,,dom,waitlist module absent
2026-09-11T06:24:00,2026-09-11T11:24:00.005Z,NO_MODULE,,,,,dom,waitlist module absent
2026-09-11T06:25:00,2026-09-11T11:25:00.004Z,NO_MODULE,,,,,dom,waitlist module absent
2026-09-11T06:26:00,2026-09-11T11:26:00.004Z,NO_MODULE,,,,,dom,waitlist module absent
2026-09-11T06:27:00,2026-09-11T11:27:00.005Z,NO_MODULE,,,,,dom,waitlist module absent
2026-09-11T06:28:00,2026-09-11T11:28:00.005Z,NO_MODULE,,,,,dom,waitlist module absent
2026-09-11T06:29:00,2026-09-11T11:29:00.004Z,NO_MODULE,,,,,dom,waitlist module absent
2026-09-11T06:30:00,2026-09-11T11:30:00.001Z,NO_MODULE,,,,,dom,waitlist module absent
2026-09-11T06:31:00,2026-09-11T11:31:00.005Z,NO_MODULE,,,,,dom,waitlist module absent
2026-09-11T06:32:00,2026-09-11T11:32:00.004Z,NO_MODULE,,,,,dom,waitlist module absent
2026-09-11T06:33:00,2026-09-11T11:33:00.005Z,NO_MODULE,,,,,dom,waitlist module absent
2026-09-11T06:34:00,2026-09-11T11:34:00.005Z,NO_MODULE,,,,,dom,waitlist module absent
2026-09-11T06:35:00,2026-09-11T11:35:00.005Z,NO_MODULE,,,,,dom,waitlist module absent
2026-09-11T06:36:00,2026-09-11T11:36:00.006Z,NO_MODULE,,,,,dom,waitlist module absent
2026-09-11T06:37:00,2026-09-11T11:37:00.003Z,NO_MODULE,,,,,dom,waitlist module absent
2026-09-11T06:38:00,2026-09-11T11:38:00.005Z,NO_MODULE,,,,,dom,waitlist module absent
2026-09-11T06:39:00,2026-09-11T11:39:00.004Z,NO_MODULE,,,,,dom,waitlist module absent
2026-09-11T06:40:00,2026-09-11T11:40:00.005Z,ERROR,,,,,none,no waitlist data in response or DOM | https://toast.app/r/oph-edina
2026-09-11T06:41:00,2026-09-11T11:41:00.005Z,NO_MODULE,,,,,dom,waitlist module absent
2026-09-11T06:42:00,2026-09-11T11:42:00.005Z,ERROR,,,,,none,no waitlist data in response or DOM | https://toast.app/r/oph-edina
2026-09-11T06:43:00,2026-09-11T11:43:00.005Z,EMPTY_CLOSED,0,5,15,2,api,
2026-09-11T06:44:00,2026-09-11T11:44:00.009Z,ERROR,,,,,none,no waitlist data in response or DOM | https://toast.app/r/oph-edina
2026-09-11T06:45:00,2026-09-11T11:45:00.004Z,ERROR,,,,,none,no waitlist data in response or DOM | https://toast.app/r/oph-edina
2026-09-11T06:46:00,2026-09-11T11:46:00.005Z,EMPTY_CLOSED,0,5,15,2,api,
2026-09-11T06:47:00,2026-09-11T11:47:00.044Z,EMPTY_CLOSED,0,5,15,2,api,
2026-09-11T06:48:00,2026-09-11T11:48:00.045Z,EMPTY_CLOSED,0,5,15,2,api,
2026-09-11T06:49:00,2026-09-11T11:49:00.007Z,EMPTY_CLOSED,0,5,15,2,api,
2026-09-11T06:50:00,2026-09-11T11:50:00.044Z,EMPTY_CLOSED,0,5,15,2,api,
2026-09-11T06:51:00,2026-09-11T11:51:00.043Z,EMPTY_CLOSED,0,5,15,2,api,
2026-09-11T06:52:00,2026-09-11T11:52:00.043Z,EMPTY_CLOSED,0,5,15,2,api,
2026-09-11T06:53:00,2026-09-11T11:53:00.009Z,ERROR,,,,,none,no waitlist data in response or DOM | https://toast.app/r/oph-edina
2026-09-11T06:54:00,2026-09-11T11:54:00.004Z,EMPTY_CLOSED,0,5,15,2,api,
2026-09-11T06:55:00,2026-09-11T11:55:00.043Z,EMPTY_CLOSED,0,5,15,2,api,
2026-09-11T06:56:00,2026-09-11T11:56:00.043Z,EMPTY_CLOSED,0,5,15,2,api,
2026-09-11T06:57:00,2026-09-11T11:57:00.006Z,EMPTY_CLOSED,0,5,15,2,api,
2026-09-11T06:58:00,2026-09-11T11:58:00.017Z,EMPTY_CLOSED,0,5,15,2,api,
2026-09-11T06:59:00,2026-09-11T11:59:00.045Z,EMPTY_CLOSED,0,5,15,2,api,
2026-09-11T07:00:00,2026-09-11T12:00:00.033Z,EMPTY_CLOSED,0,5,15,2,api,
2026-09-11T07:01:00,2026-09-11T12:01:00.041Z,EMPTY_CLOSED,0,5,15,2,api,
2026-09-11T07:02:00,2026-09-11T12:02:00.044Z,EMPTY_CLOSED,0,5,15,2,api,
2026-09-11T07:03:00,2026-09-11T12:03:00.043Z,EMPTY_CLOSED,0,5,15,2,api,
2026-09-11T07:04:00,2026-09-11T12:04:00.012Z,EMPTY_CLOSED,0,5,15,2,api,
2026-09-11T07:05:00,2026-09-11T12:05:00.032Z,EMPTY_CLOSED,0,5,15,2,api,
2026-09-11T07:06:00,2026-09-11T12:06:00.044Z,EMPTY_CLOSED,0,5,15,2,api,
2026-09-11T07:07:00,2026-09-11T12:07:00.031Z,EMPTY_CLOSED,0,5,15,2,api,
2026-09-11T07:08:00,2026-09-11T12:08:00.041Z,EMPTY_CLOSED,0,5,15,2,api,
2026-09-11T07:09:00,2026-09-11T12:09:00.001Z,EMPTY_CLOSED,0,5,15,2,api,
2026-09-11T07:10:00,2026-09-11T12:10:00.028Z,EMPTY_CLOSED,0,5,15,2,api,
2026-09-11T07:11:00,2026-09-11T12:11:00.044Z,EMPTY_CLOSED,0,5,15,2,api,
2026-09-11T07:12:00,2026-09-11T12:12:00.030Z,EMPTY_CLOSED,0,5,15,2,api,
2026-09-11T07:13:00,2026-09-11T12:13:00.033Z,EMPTY_CLOSED,0,5,15,2,api,
2026-09-11T07:14:00,2026-09-11T12:14:00.041Z,EMPTY_CLOSED,0,5,15,2,api,
2026-09-11T07:15:00,2026-09-11T12:15:00.041Z,EMPTY_CLOSED,0,5,15,2,api,
2026-09-11T07:16:00,2026-09-11T12:16:00.044Z,EMPTY_CLOSED,0,5,15,2,api,
2026-09-11T07:17:00,2026-09-11T12:17:00.044Z,EMPTY_CLOSED,0,5,15,2,api,
2026-09-11T07:18:00,2026-09-11T12:18:00.041Z,EMPTY_CLOSED,0,5,15,2,api,
2026-09-11T07:19:00,2026-09-11T12:19:00.043Z,EMPTY_CLOSED,0,5,15,2,api,
2026-09-11T07:20:00,2026-09-11T12:20:00.029Z,EMPTY_CLOSED,0,5,15,2,api,
2026-09-11T07:21:00,2026-09-11T12:21:00.015Z,EMPTY_CLOSED,0,5,15,2,api,
2026-09-11T07:22:00,2026-09-11T12:22:00.041Z,EMPTY_CLOSED,0,5,15,2,api,
2026-09-11T07:23:00,2026-09-11T12:23:00.044Z,EMPTY_CLOSED,0,5,15,2,api,
2026-09-11T07:24:00,2026-09-11T12:24:00.032Z,EMPTY_CLOSED,0,5,15,2,api,
2026-09-11T07:25:00,2026-09-11T12:25:00.009Z,EMPTY_CLOSED,0,5,15,2,api,
2026-09-11T07:26:00,2026-09-11T12:26:00.017Z,EMPTY_CLOSED,0,5,15,2,api,
2026-09-11T07:27:00,2026-09-11T12:27:00.020Z,EMPTY_CLOSED,0,5,15,2,api,
2026-09-11T07:28:00,2026-09-11T12:28:00.041Z,EMPTY_CLOSED,0,5,15,2,api,
2026-09-11T07:29:00,2026-09-11T12:29:00.042Z,EMPTY_CLOSED,0,5,15,2,api,
2026-09-11T07:30:00,2026-09-11T12:30:00.041Z,EMPTY_CLOSED,0,5,15,2,api,
2026-09-11T07:31:00,2026-09-11T12:31:00.044Z,EMPTY_CLOSED,0,5,15,2,api,
2026-09-11T07:32:00,2026-09-11T12:32:00.042Z,EMPTY_CLOSED,0,5,15,2,api,
2026-09-11T07:33:00,2026-09-11T12:33:00.044Z,EMPTY_CLOSED,0,5,15,2,api,
2026-09-11T07:34:00,2026-09-11T12:34:00.019Z,EMPTY_CLOSED,0,5,15,2,api,
2026-09-11T07:35:00,2026-09-11T12:35:00.023Z,EMPTY_CLOSED,0,5,15,2,api,
2026-09-11T07:36:00,2026-09-11T12:36:00.027Z,EMPTY_CLOSED,0,5,15,2,api,
2026-09-11T07:37:00,2026-09-11T12:37:00.017Z,EMPTY_CLOSED,0,5,15,2,api,
2026-09-11T07:38:00,2026-09-11T12:38:00.010Z,EMPTY_CLOSED,0,5,15,2,api,
2026-09-11T07:39:00,2026-09-11T12:39:00.033Z,EMPTY_CLOSED,0,5,15,2,api,
2026-09-11T07:40:00,2026-09-11T12:40:00.041Z,EMPTY_CLOSED,0,5,15,2,api,
2026-09-11T07:41:00,2026-09-11T12:41:00.009Z,EMPTY_CLOSED,0,5,15,2,api,
2026-09-11T07:42:00,2026-09-11T12:42:00.041Z,EMPTY_CLOSED,0,5,15,2,api,
2026-09-11T07:43:00,2026-09-11T12:43:00.002Z,EMPTY_CLOSED,0,5,15,2,api,
2026-09-11T07:44:00,2026-09-11T12:44:00.043Z,EMPTY_CLOSED,0,5,15,2,api,
2026-09-11T07:45:00,2026-09-11T12:45:00.001Z,EMPTY_CLOSED,0,5,15,2,api,
2026-09-11T07:46:00,2026-09-11T12:46:00.023Z,EMPTY_CLOSED,0,5,15,2,api,
2026-09-11T07:47:00,2026-09-11T12:47:00.027Z,EMPTY_CLOSED,0,5,15,2,api,
2026-09-11T07:48:00,2026-09-11T12:48:00.042Z,EMPTY_CLOSED,0,5,15,2,api,
2026-09-11T07:49:00,2026-09-11T12:49:00.044Z,EMPTY_CLOSED,0,5,15,2,api,
2026-09-11T07:50:00,2026-09-11T12:50:00.009Z,EMPTY_CLOSED,0,5,15,2,api,
2026-09-11T07:51:00,2026-09-11T12:51:00.029Z,EMPTY_CLOSED,0,5,15,2,api,
2026-09-11T07:52:00,2026-09-11T12:52:00.033Z,EMPTY_CLOSED,0,5,15,2,api,
2026-09-11T07:53:00,2026-09-11T12:53:00.044Z,EMPTY_CLOSED,0,5,15,2,api,
2026-09-11T07:54:00,2026-09-11T12:54:00.043Z,EMPTY_CLOSED,0,5,15,2,api,
2026-09-11T07:55:00,2026-09-11T12:55:00.044Z,EMPTY_CLOSED,0,5,15,2,api,
2026-09-11T07:56:00,2026-09-11T12:56:00.044Z,EMPTY_CLOSED,0,5,15,2,api,
2026-09-11T07:57:00,2026-09-11T12:57:00.044Z,EMPTY_CLOSED,0,5,15,2,api,
2026-09-11T07:58:00,2026-09-11T12:58:00.044Z,EMPTY_CLOSED,0,5,15,2,api,
2026-09-11T07:59:00,2026-09-11T12:59:00.043Z,EMPTY_CLOSED,0,5,15,2,api,
2026-09-11T08:00:00,2026-09-11T13:00:00.044Z,EMPTY_CLOSED,0,5,15,2,api,
2026-09-11T08:01:00,2026-09-11T13:01:00.044Z,EMPTY_CLOSED,0,5,15,2,api,
2026-09-11T08:02:00,2026-09-11T13:02:00.043Z,EMPTY_CLOSED,0,5,15,2,api,
2026-09-11T08:03:00,2026-09-11T13:03:00.043Z,EMPTY_CLOSED,0,5,15,2,api,
2026-09-11T08:04:00,2026-09-11T13:04:00.044Z,OPEN,1,5,15,2,api,
2026-09-11T08:05:00,2026-09-11T13:05:00.044Z,OPEN,1,5,15,2,api,
2026-09-11T08:06:00,2026-09-11T13:06:00.043Z,OPEN,1,5,15,2,api,
2026-09-11T08:07:00,2026-09-11T13:07:00.009Z,OPEN,1,5,15,2,api,
2026-09-11T08:08:00,2026-09-11T13:08:00.013Z,OPEN,1,5,15,2,api,
2026-09-11T08:09:00,2026-09-11T13:09:00.018Z,OPEN,1,5,15,2,api,
2026-09-11T08:10:00,2026-09-11T13:10:00.044Z,OPEN,1,5,15,2,api,
2026-09-11T08:11:00,2026-09-11T13:11:00.044Z,OPEN,1,5,15,2,api,
2026-09-11T08:12:00,2026-09-11T13:12:00.043Z,OPEN,1,5,15,2,api,
2026-09-11T08:13:00,2026-09-11T13:13:00.044Z,OPEN,1,5,15,2,api,
2026-09-11T08:14:00,2026-09-11T13:14:00.001Z,OPEN,1,5,15,2,api,
2026-09-11T08:15:00,2026-09-11T13:15:00.044Z,OPEN,1,5,15,2,api,
2026-09-11T08:16:00,2026-09-11T13:16:00.026Z,OPEN,1,5,15,2,api,
2026-09-11T08:17:00,2026-09-11T13:17:00.041Z,OPEN,1,5,15,2,api,
2026-09-11T08:18:00,2026-09-11T13:18:00.043Z,OPEN,1,5,15,2,api,
2026-09-11T08:19:00,2026-09-11T13:19:00.045Z,OPEN,2,10,20,2,api,
2026-09-11T08:20:00,2026-09-11T13:20:00.042Z,OPEN,2,10,20,2,api,
2026-09-11T08:21:00,2026-09-11T13:21:00.009Z,OPEN,2,10,20,2,api,
2026-09-11T08:22:00,2026-09-11T13:22:00.025Z,OPEN,2,10,20,2,api,
2026-09-11T08:23:00,2026-09-11T13:23:00.009Z,OPEN,2,10,20,2,api,
2026-09-11T08:24:00,2026-09-11T13:24:00.007Z,OPEN,2,10,20,2,api,
2026-09-11T08:25:00,2026-09-11T13:25:00.043Z,OPEN,2,10,20,2,api,
2026-09-11T08:26:00,2026-09-11T13:26:00.018Z,OPEN,2,10,20,2,api,
2026-09-11T08:27:00,2026-09-11T13:27:00.022Z,OPEN,2,10,20,2,api,
2026-09-11T08:28:00,2026-09-11T13:28:00.028Z,OPEN,2,10,20,2,api,
2026-09-11T08:29:00,2026-09-11T13:29:00.033Z,OPEN,2,10,20,2,api,
2026-09-11T08:30:00,2026-09-11T13:30:00.043Z,OPEN,2,10,20,2,api,
2026-09-11T08:31:00,2026-09-11T13:31:00.033Z,OPEN,2,10,20,2,api,
2026-09-11T08:32:00,2026-09-11T13:32:00.036Z,OPEN,1,5,15,2,api,
2026-09-11T08:33:00,2026-09-11T13:33:00.015Z,OPEN,1,5,15,2,api,
2026-09-11T08:34:00,2026-09-11T13:34:00.030Z,OPEN,1,5,15,2,api,
2026-09-11T08:35:00,2026-09-11T13:35:00.009Z,OPEN,1,5,15,2,api,
2026-09-11T08:36:00,2026-09-11T13:36:00.001Z,OPEN,1,5,15,2,api,
2026-09-11T08:37:00,2026-09-11T13:37:00.015Z,OPEN,1,5,15,2,api,
2026-09-11T08:38:00,2026-09-11T13:38:00.041Z,OPEN,1,5,15,2,api,
2026-09-11T08:39:00,2026-09-11T13:39:00.009Z,OPEN,1,5,15,2,api,
2026-09-11T08:40:00,2026-09-11T13:40:00.001Z,OPEN,1,5,15,2,api,
2026-09-11T08:41:00,2026-09-11T13:41:00.044Z,OPEN,1,5,15,2,api,
2026-09-11T08:42:00,2026-09-11T13:42:00.017Z,OPEN,1,5,15,2,api,
2026-09-11T08:43:00,2026-09-11T13:43:00.015Z,OPEN,1,5,15,2,api,
2026-09-11T08:44:00,2026-09-11T13:44:00.033Z,OPEN,2,10,20,2,api,
2026-09-11T08:45:00,2026-09-11T13:45:00.038Z,OPEN,2,10,20,2,api,
2026-09-11T08:46:00,2026-09-11T13:46:00.041Z,OPEN,2,10,20,2,api,
2026-09-11T08:47:00,2026-09-11T13:47:00.009Z,OPEN,2,10,20,2,api,
2026-09-11T08:48:00,2026-09-11T13:48:00.041Z,OPEN,2,10,20,2,api,
